ac_number,ac_name,part_no,ps_name,lang,roll_type,expected_size_mb,filename,raw_bytes,compressed_bytes,pages,status
1,Khundrakpam,1,1 - Matakhong,ENG,final,3.3,AC01_part001_final_ENG.pdf,,2355049,,done
1,Khundrakpam,1,1 - Matakhong,BEN,final,3.57,AC01_part001_final_BEN.pdf,,2394421,,done
1,Khundrakpam,2,2 - Hangoipat (A),ENG,final,3.3,AC01_part002_final_ENG.pdf,,2404509,,done
1,Khundrakpam,2,2 - Hangoipat (A),BEN,final,3.56,AC01_part002_final_BEN.pdf,,2434482,,done
1,Khundrakpam,3,3 - Hangoipat (B),ENG,final,3.58,AC01_part003_final_ENG.pdf,,2586148,,done
1,Khundrakpam,3,3 - Hangoipat (B),BEN,final,3.89,AC01_part003_final_BEN.pdf,,2644290,,done
1,Khundrakpam,4,4 - Ikou,ENG,final,4.22,AC01_part004_final_ENG.pdf,,3085329,,done
1,Khundrakpam,4,4 - Ikou,BEN,final,4.61,AC01_part004_final_BEN.pdf,,3160608,,done
1,Khundrakpam,5,5 - Sadu Yengkhuman,ENG,final,4.35,AC01_part005_final_ENG.pdf,,3170361,,done
1,Khundrakpam,5,5 - Sadu Yengkhuman,BEN,final,4.76,AC01_part005_final_BEN.pdf,,3248946,,done
1,Khundrakpam,6,6 - Leitanpokpi,ENG,final,9.75,AC01_part006_final_ENG.pdf,,7589761,,done
1,Khundrakpam,6,6 - Leitanpokpi,BEN,final,10.79,AC01_part006_final_BEN.pdf,,7826804,,done
1,Khundrakpam,7,7 - Pukhao Terapur,ENG,final,6.86,AC01_part007_final_ENG.pdf,,5291330,,done
1,Khundrakpam,7,7 - Pukhao Terapur,BEN,final,7.58,AC01_part007_final_BEN.pdf,,5441890,,done
1,Khundrakpam,8,8 - Pukhao Naharup,ENG,final,6.53,AC01_part008_final_ENG.pdf,,5025284,,done
1,Khundrakpam,8,8 - Pukhao Naharup,BEN,final,7.25,AC01_part008_final_BEN.pdf,,5188403,,done
1,Khundrakpam,9,9 - Pukhao Khabam,ENG,final,6.29,AC01_part009_final_ENG.pdf,,4838788,,done
1,Khundrakpam,9,9 - Pukhao Khabam,BEN,final,6.98,AC01_part009_final_BEN.pdf,,4983481,,done
1,Khundrakpam,10,10 - Pukhao Laipham,ENG,final,5.58,AC01_part010_final_ENG.pdf,,4173251,,done
1,Khundrakpam,10,10 - Pukhao Laipham,BEN,final,6.14,AC01_part010_final_BEN.pdf,,4285365,,done
1,Khundrakpam,11,11 - Khewa Company,ENG,final,5.63,AC01_part011_final_ENG.pdf,,4246618,,done
1,Khundrakpam,11,11 - Khewa Company,BEN,final,6.22,AC01_part011_final_BEN.pdf,,4376131,,done
1,Khundrakpam,12,12 - Sagolmang,ENG,final,5.38,AC01_part012_final_ENG.pdf,,4079793,,done
1,Khundrakpam,12,12 - Sagolmang,BEN,final,5.96,AC01_part012_final_BEN.pdf,,4210581,,done
1,Khundrakpam,13,13 - Yumnam Patlou,ENG,final,6.83,AC01_part013_final_ENG.pdf,,5226748,,done
1,Khundrakpam,13,13 - Yumnam Patlou,BEN,final,7.53,AC01_part013_final_BEN.pdf,,5363893,,done
1,Khundrakpam,14,14 - Sinam,ENG,final,6.15,AC01_part014_final_ENG.pdf,,4667204,,done
1,Khundrakpam,14,14 - Sinam,BEN,final,6.79,AC01_part014_final_BEN.pdf,,4798958,,done
1,Khundrakpam,15,15 - Yumnam Khunou (A),ENG,final,7.63,AC01_part015_final_ENG.pdf,,5897970,,done
1,Khundrakpam,15,15 - Yumnam Khunou (A),BEN,final,8.53,AC01_part015_final_BEN.pdf,,6103976,,done
1,Khundrakpam,16,16 - Yumnam Khunou (B),ENG,final,6.42,AC01_part016_final_ENG.pdf,,5318483,,done
1,Khundrakpam,16,16 - Yumnam Khunou (B),BEN,final,7.16,AC01_part016_final_BEN.pdf,,5463725,,done
1,Khundrakpam,17,17 - Haraorou,ENG,final,9.15,AC01_part017_final_ENG.pdf,,7068435,,done
1,Khundrakpam,17,17 - Haraorou,BEN,final,10.16,AC01_part017_final_BEN.pdf,,7289711,,done
1,Khundrakpam,18,18 - Shambei,ENG,final,5.2,AC01_part018_final_ENG.pdf,,3864052,,done
1,Khundrakpam,18,18 - Shambei,BEN,final,5.71,AC01_part018_final_BEN.pdf,,3970635,,done
1,Khundrakpam,19,19 - Tangkham,ENG,final,9.48,AC01_part019_final_ENG.pdf,,7364484,,done
1,Khundrakpam,19,19 - Tangkham,BEN,final,10.47,AC01_part019_final_BEN.pdf,,7574973,,done
1,Khundrakpam,20,20 - Chingkhu,ENG,final,5.22,AC01_part020_final_ENG.pdf,,3952654,,done
1,Khundrakpam,20,20 - Chingkhu,BEN,final,5.75,AC01_part020_final_BEN.pdf,,4058317,,done
1,Khundrakpam,21,21 - Sarouthel,ENG,final,5.46,AC01_part021_final_ENG.pdf,,4138831,,done
1,Khundrakpam,21,21 - Sarouthel,BEN,final,6.02,AC01_part021_final_BEN.pdf,,4255259,,done
1,Khundrakpam,22,22 - Khundrakpam Awang Leikai,ENG,final,6.63,AC01_part022_final_ENG.pdf,,5086697,,done
1,Khundrakpam,22,22 - Khundrakpam Awang Leikai,BEN,final,7.32,AC01_part022_final_BEN.pdf,,5232650,,done
1,Khundrakpam,23,23 - Khundrakpam,ENG,final,8.43,AC01_part023_final_ENG.pdf,,6587556,,done
1,Khundrakpam,23,23 - Khundrakpam,BEN,final,9.39,AC01_part023_final_BEN.pdf,,6802540,,done
1,Khundrakpam,24,24 - Khundrakpam Makha Leikai,ENG,final,7.3,AC01_part024_final_ENG.pdf,,5633448,,done
1,Khundrakpam,24,24 - Khundrakpam Makha Leikai,BEN,final,8.11,AC01_part024_final_BEN.pdf,,5809264,,done
1,Khundrakpam,25,25 - Khundrakpam Maning Leikai,ENG,final,6.39,AC01_part025_final_ENG.pdf,,4866372,,done
1,Khundrakpam,25,25 - Khundrakpam Maning Leikai,BEN,final,7.04,AC01_part025_final_BEN.pdf,,4997253,,done
1,Khundrakpam,26,26 - Pangei Yangdong(A),ENG,final,8.5,AC01_part026_final_ENG.pdf,,6617914,,done
1,Khundrakpam,26,26 - Pangei Yangdong(A),BEN,final,9.41,AC01_part026_final_BEN.pdf,,6812633,,done
1,Khundrakpam,27,27 - Pangei Yangdong(B),ENG,final,6.95,AC01_part027_final_ENG.pdf,,5331328,,done
1,Khundrakpam,27,27 - Pangei Yangdong(B),BEN,final,7.71,AC01_part027_final_BEN.pdf,,5501562,,done
1,Khundrakpam,28,28 - Pangei Meiteikhul,ENG,final,8.5,AC01_part028_final_ENG.pdf,,6670961,,done
1,Khundrakpam,28,28 - Pangei Meiteikhul,BEN,final,9.37,AC01_part028_final_BEN.pdf,,6852071,,done
1,Khundrakpam,29,29 - Uyumpok Maning Leikai,ENG,final,6.46,AC01_part029_final_ENG.pdf,,4939778,,done
1,Khundrakpam,29,29 - Uyumpok Maning Leikai,BEN,final,7.18,AC01_part029_final_BEN.pdf,,5083573,,done
1,Khundrakpam,30,30 - Wakhong,ENG,final,4.52,AC01_part030_final_ENG.pdf,,3320710,,done
1,Khundrakpam,30,30 - Wakhong,BEN,final,4.95,AC01_part030_final_BEN.pdf,,3394817,,done
1,Khundrakpam,31,31 - Uyumpok,ENG,final,11.12,AC01_part031_final_ENG.pdf,,8707691,,done
1,Khundrakpam,31,31 - Uyumpok,BEN,final,12.35,AC01_part031_final_BEN.pdf,,8986101,,done
1,Khundrakpam,32,32 - Tiger Camp,ENG,final,5.71,AC01_part032_final_ENG.pdf,,4374370,,done
1,Khundrakpam,32,32 - Tiger Camp,BEN,final,6.29,AC01_part032_final_BEN.pdf,,4491482,,done
1,Khundrakpam,33,33 - Keibi Taret Khul (A),ENG,final,8.32,AC01_part033_final_ENG.pdf,,6467245,,done
1,Khundrakpam,33,33 - Keibi Taret Khul (A),BEN,final,9.16,AC01_part033_final_BEN.pdf,,6626559,,done
1,Khundrakpam,34,34 - Chanung,ENG,final,3.28,AC01_part034_final_ENG.pdf,,2310036,,done
1,Khundrakpam,34,34 - Chanung,BEN,final,3.58,AC01_part034_final_BEN.pdf,,2365512,,done
1,Khundrakpam,35,35 - Keibi Taret Khul (B),ENG,final,6.61,AC01_part035_final_ENG.pdf,,5040679,,done
1,Khundrakpam,35,35 - Keibi Taret Khul (B),BEN,final,7.35,AC01_part035_final_BEN.pdf,,5203724,,done
1,Khundrakpam,36,36 - Keibi,ENG,final,7.26,AC01_part036_final_ENG.pdf,,5623612,,done
1,Khundrakpam,36,36 - Keibi,BEN,final,8.08,AC01_part036_final_BEN.pdf,,5796767,,done
1,Khundrakpam,37,37 - Keibi Heikak Mapal,ENG,final,5.75,AC01_part037_final_ENG.pdf,,4332505,,done
1,Khundrakpam,37,37 - Keibi Heikak Mapal,BEN,final,6.35,AC01_part037_final_BEN.pdf,,4456258,,done
1,Khundrakpam,38,38 - Waiton Makha Leikai,ENG,final,6.34,AC01_part038_final_ENG.pdf,,4862079,,done
1,Khundrakpam,38,38 - Waiton Makha Leikai,BEN,final,7.06,AC01_part038_final_BEN.pdf,,5025897,,done
1,Khundrakpam,39,39 - Waiton Awang Leikai,ENG,final,8.62,AC01_part039_final_ENG.pdf,,6658585,,done
1,Khundrakpam,39,39 - Waiton Awang Leikai,BEN,final,9.62,AC01_part039_final_BEN.pdf,,6896756,,done
1,Khundrakpam,40,40 - Chingarel Tejpur,ENG,final,6.83,AC01_part040_final_ENG.pdf,,5249775,,done
1,Khundrakpam,40,40 - Chingarel Tejpur,BEN,final,7.59,AC01_part040_final_BEN.pdf,,5410661,,done
1,Khundrakpam,41,41 - Pourabi,ENG,final,8.95,AC01_part041_final_ENG.pdf,,6922838,,done
1,Khundrakpam,41,41 - Pourabi,BEN,final,9.94,AC01_part041_final_BEN.pdf,,7141434,,done
1,Khundrakpam,42,42 - Wairi,ENG,final,4.46,AC01_part042_final_ENG.pdf,,3296065,,done
1,Khundrakpam,42,42 - Wairi,BEN,final,4.89,AC01_part042_final_BEN.pdf,,3383406,,done
2,Heingang,1,1 - Awang Potsangbam Khunou Maning Leikai,ENG,final,7.27,AC02_part001_final_ENG.pdf,,5557461,,done
2,Heingang,1,1 - Awang Potsangbam Khunou Maning Leikai,BEN,final,7.97,AC02_part001_final_BEN.pdf,,5676245,,done
2,Heingang,2,2 - Awang Potsangbam Khunou Mamang Leikai,ENG,final,5.04,AC02_part002_final_ENG.pdf,,3766505,,done
2,Heingang,2,2 - Awang Potsangbam Khunou Mamang Leikai,BEN,final,5.54,AC02_part002_final_BEN.pdf,,3863404,,done
2,Heingang,3,3 - Keikol,ENG,final,5.37,AC02_part003_final_ENG.pdf,,4099258,,done
2,Heingang,3,3 - Keikol,BEN,final,5.98,AC02_part003_final_BEN.pdf,,4238081,,done
2,Heingang,4,4 - Nillakuthi,ENG,final,8.05,AC02_part004_final_ENG.pdf,,6261761,,done
2,Heingang,4,4 - Nillakuthi,BEN,final,8.92,AC02_part004_final_BEN.pdf,,6457092,,done
2,Heingang,5,5 - Koirengei,ENG,final,5.7,AC02_part005_final_ENG.pdf,,4281916,,done
2,Heingang,5,5 - Koirengei,BEN,final,6.22,AC02_part005_final_BEN.pdf,,4367206,,done
2,Heingang,6,6 - Maiba  Khul,ENG,final,6.28,AC02_part006_final_ENG.pdf,,4781426,,done
2,Heingang,6,6 - Maiba  Khul,BEN,final,6.97,AC02_part006_final_BEN.pdf,,4934247,,done
2,Heingang,7,7 - Mongjam,ENG,final,5.77,AC02_part007_final_ENG.pdf,,4351736,,done
2,Heingang,7,7 - Mongjam,BEN,final,6.42,AC02_part007_final_BEN.pdf,,4506222,,done
2,Heingang,8,8 - Achanbigei Awang Leikai,ENG,final,6.31,AC02_part008_final_ENG.pdf,,4805671,,done
2,Heingang,8,8 - Achanbigei Awang Leikai,BEN,final,6.93,AC02_part008_final_BEN.pdf,,4922227,,done
2,Heingang,9,9 - Achanbigei Mayai Leikai (A),ENG,final,8.29,AC02_part009_final_ENG.pdf,,6405777,,done
2,Heingang,9,9 - Achanbigei Mayai Leikai (A),BEN,final,9.16,AC02_part009_final_BEN.pdf,,6585519,,done
2,Heingang,10,10 - Achanbigei Mayai Leikai (B),ENG,final,5.65,AC02_part010_final_ENG.pdf,,4239422,,done
2,Heingang,10,10 - Achanbigei Mayai Leikai (B),BEN,final,6.17,AC02_part010_final_BEN.pdf,,4331835,,done
2,Heingang,11,11 - Koirengei Bazar,ENG,final,7.2,AC02_part011_final_ENG.pdf,,5562005,,done
2,Heingang,11,11 - Koirengei Bazar,BEN,final,7.95,AC02_part011_final_BEN.pdf,,5719814,,done
2,Heingang,12,12 - Luwangshangbam Makha Leikai,ENG,final,10.8,AC02_part012_final_ENG.pdf,,8434337,,done
2,Heingang,12,12 - Luwangshangbam Makha Leikai,BEN,final,11.9,AC02_part012_final_BEN.pdf,,8654409,,done
2,Heingang,13,13 - Matai,ENG,final,8.89,AC02_part013_final_ENG.pdf,,6933294,,done
2,Heingang,13,13 - Matai,BEN,final,9.83,AC02_part013_final_BEN.pdf,,7123826,,done
2,Heingang,14,14 - Koirengei Kabui Khul,ENG,final,4.13,AC02_part014_final_ENG.pdf,,3016201,,done
2,Heingang,14,14 - Koirengei Kabui Khul,BEN,final,4.56,AC02_part014_final_BEN.pdf,,3106592,,done
2,Heingang,15,15 - Luwangsangbam Awang Leikai,ENG,final,7.49,AC02_part015_final_ENG.pdf,,5732017,,done
2,Heingang,15,15 - Luwangsangbam Awang Leikai,BEN,final,8.21,AC02_part015_final_BEN.pdf,,5872551,,done
2,Heingang,16,16 - Luwangsangbam Mamang Leikai,ENG,final,6.17,AC02_part016_final_ENG.pdf,,4646650,,done
2,Heingang,16,16 - Luwangsangbam Mamang Leikai,BEN,final,6.79,AC02_part016_final_BEN.pdf,,4764837,,done
2,Heingang,17,17 - Kontha Khabam,ENG,final,5.89,AC02_part017_final_ENG.pdf,,4351598,,done
2,Heingang,17,17 - Kontha Khabam,BEN,final,6.46,AC02_part017_final_BEN.pdf,,4461616,,done
2,Heingang,18,18 - Kontha Khabam Lamkhai,ENG,final,9.02,AC02_part018_final_ENG.pdf,,6996047,,done
2,Heingang,18,18 - Kontha Khabam Lamkhai,BEN,final,10.05,AC02_part018_final_BEN.pdf,,7231009,,done
2,Heingang,19,19 - Kontha Khabam Mamang Leikai,ENG,final,8.31,AC02_part019_final_ENG.pdf,,6397520,,done
2,Heingang,19,19 - Kontha Khabam Mamang Leikai,BEN,final,9.17,AC02_part019_final_BEN.pdf,,6583789,,done
2,Heingang,20,20 - Kontha Khabam Mayai Leikai,ENG,final,8.22,AC02_part020_final_ENG.pdf,,6365019,,done
2,Heingang,20,20 - Kontha Khabam Mayai Leikai,BEN,final,9.1,AC02_part020_final_BEN.pdf,,6533685,,done
2,Heingang,21,21 - Heingang Awang Leikai,ENG,final,6.89,AC02_part021_final_ENG.pdf,,5304400,,done
2,Heingang,21,21 - Heingang Awang Leikai,BEN,final,7.6,AC02_part021_final_BEN.pdf,,5448466,,done
2,Heingang,22,22 - Heingang Awang Leikai Saya Lampak,ENG,final,9.28,AC02_part022_final_ENG.pdf,,7270101,,done
2,Heingang,22,22 - Heingang Awang Leikai Saya Lampak,BEN,final,10.35,AC02_part022_final_BEN.pdf,,7524710,,done
2,Heingang,23,23 - Heingang Mayai Leikai (A),ENG,final,8.95,AC02_part023_final_ENG.pdf,,6972107,,done
2,Heingang,23,23 - Heingang Mayai Leikai (A),BEN,final,10.04,AC02_part023_final_BEN.pdf,,7247198,,done
2,Heingang,24,24 - Heingang Mayai Leikai (B),ENG,final,6.18,AC02_part024_final_ENG.pdf,,4706560,,done
2,Heingang,24,24 - Heingang Mayai Leikai (B),BEN,final,6.84,AC02_part024_final_BEN.pdf,,4846573,,done
2,Heingang,25,25 - Heingang Makha Panthoibi Leikai,ENG,final,6.42,AC02_part025_final_ENG.pdf,,4944205,,done
2,Heingang,25,25 - Heingang Makha Panthoibi Leikai,BEN,final,7.15,AC02_part025_final_BEN.pdf,,5089391,,done
2,Heingang,26,26 - Heingang Makha Leikai,ENG,final,11.84,AC02_part026_final_ENG.pdf,,9327516,,done
2,Heingang,26,26 - Heingang Makha Leikai,BEN,final,13.21,AC02_part026_final_BEN.pdf,,9637715,,done
2,Heingang,27,27 - Kontha Ahallup Awang Leikai,ENG,final,6.66,AC02_part027_final_ENG.pdf,,5165274,,done
2,Heingang,27,27 - Kontha Ahallup Awang Leikai,BEN,final,7.38,AC02_part027_final_BEN.pdf,,5323420,,done
2,Heingang,28,28 - Kontha Ahallup Makha Leikai,ENG,final,10.69,AC02_part028_final_ENG.pdf,,8372189,,done
2,Heingang,28,28 - Kontha Ahallup Makha Leikai,BEN,final,11.76,AC02_part028_final_BEN.pdf,,8580396,,done
2,Heingang,29,29 - Kairang Meitei,ENG,final,12.27,AC02_part029_final_ENG.pdf,,9740352,,done
2,Heingang,29,29 - Kairang Meitei,BEN,final,13.6,AC02_part029_final_BEN.pdf,,10022679,,done
2,Heingang,30,30 - Kairang Muslim Awang Leikai,ENG,final,5.84,AC02_part030_final_ENG.pdf,,4527874,,done
2,Heingang,30,30 - Kairang Muslim Awang Leikai,BEN,final,6.48,AC02_part030_final_BEN.pdf,,4689686,,done
2,Heingang,31,31 - Kairang Muslim Mayai Leikai,ENG,final,7.44,AC02_part031_final_ENG.pdf,,5847010,,done
2,Heingang,31,31 - Kairang Muslim Mayai Leikai,BEN,final,8.28,AC02_part031_final_BEN.pdf,,6066718,,done
2,Heingang,32,32 - Kairang Muslim Mamang Leikai,ENG,final,10.59,AC02_part032_final_ENG.pdf,,8472727,,done
2,Heingang,32,32 - Kairang Muslim Mamang Leikai,BEN,final,11.8,AC02_part032_final_BEN.pdf,,8791036,,done
2,Heingang,33,33 - Kairang Khunou Chingya Leikai,ENG,final,4.31,AC02_part033_final_ENG.pdf,,3268721,,done
2,Heingang,33,33 - Kairang Khunou Chingya Leikai,BEN,final,4.72,AC02_part033_final_BEN.pdf,,3365969,,done
2,Heingang,34,34 - Laipham Khunou Mayai Leikai,ENG,final,6.2,AC02_part034_final_ENG.pdf,,4680923,,done
2,Heingang,34,34 - Laipham Khunou Mayai Leikai,BEN,final,6.84,AC02_part034_final_BEN.pdf,,4813485,,done
2,Heingang,35,35 - Laipham Khunou Maning Leikai,ENG,final,9.64,AC02_part035_final_ENG.pdf,,7650604,,done
2,Heingang,35,35 - Laipham Khunou Maning Leikai,BEN,final,10.77,AC02_part035_final_BEN.pdf,,7900115,,done
2,Heingang,36,36 - Laipham Khunou Mamang Leikai,ENG,final,7.59,AC02_part036_final_ENG.pdf,,5819499,,done
2,Heingang,36,36 - Laipham Khunou Mamang Leikai,BEN,final,8.41,AC02_part036_final_BEN.pdf,,5997580,,done
2,Heingang,37,37 - Laipham Khunou Makha Leikai,ENG,final,6.86,AC02_part037_final_ENG.pdf,,5246914,,done
2,Heingang,37,37 - Laipham Khunou Makha Leikai,BEN,final,7.59,AC02_part037_final_BEN.pdf,,5400465,,done
2,Heingang,38,38 - Laipham Khunou Nagaram,ENG,final,6.19,AC02_part038_final_ENG.pdf,,4727667,,done
2,Heingang,38,38 - Laipham Khunou Nagaram,BEN,final,6.84,AC02_part038_final_BEN.pdf,,4877865,,done
2,Heingang,39,39 - Laipham  Khunou Tangkhul Avenue,ENG,final,4.35,AC02_part039_final_ENG.pdf,,3231144,,done
2,Heingang,39,39 - Laipham  Khunou Tangkhul Avenue,BEN,final,4.78,AC02_part039_final_BEN.pdf,,3321045,,done
2,Heingang,40,40 - Lairikyengbam Makha Leikai,ENG,final,10.24,AC02_part040_final_ENG.pdf,,8007266,,done
2,Heingang,40,40 - Lairikyengbam Makha Leikai,BEN,final,11.35,AC02_part040_final_BEN.pdf,,8242614,,done
2,Heingang,41,41 - Lairikyengbam Mayai Leikai (A),ENG,final,8.01,AC02_part041_final_ENG.pdf,,6177008,,done
2,Heingang,41,41 - Lairikyengbam Mayai Leikai (A),BEN,final,8.82,AC02_part041_final_BEN.pdf,,6337211,,done
2,Heingang,42,42 - Lairikyengbam Mayai Leikai (B),ENG,final,7.55,AC02_part042_final_ENG.pdf,,5802547,,done
2,Heingang,42,42 - Lairikyengbam Mayai Leikai (B),BEN,final,8.37,AC02_part042_final_BEN.pdf,,5983908,,done
2,Heingang,43,43 - Lairikyengbam Awang Leikai,ENG,final,11.7,AC02_part043_final_ENG.pdf,,9185894,,done
2,Heingang,43,43 - Lairikyengbam Awang Leikai,BEN,final,12.98,AC02_part043_final_BEN.pdf,,9447390,,done
2,Heingang,44,44 - Lamlongei,ENG,final,8.47,AC02_part044_final_ENG.pdf,,6572744,,done
2,Heingang,44,44 - Lamlongei,BEN,final,9.35,AC02_part044_final_BEN.pdf,,6758093,,done
2,Heingang,45,45 - Pantilong,ENG,final,4.51,AC02_part045_final_ENG.pdf,,3362968,,done
2,Heingang,45,45 - Pantilong,BEN,final,4.97,AC02_part045_final_BEN.pdf,,3454900,,done
3,Khurai,1,1 - Khomidok (A),ENG,final,9.98,AC03_part001_final_ENG.pdf,,7985352,,done
3,Khurai,1,1 - Khomidok (A),BEN,final,11.13,AC03_part001_final_BEN.pdf,,8294391,,done
3,Khurai,2,2 - Khomidok (A-1),ENG,final,9.94,AC03_part002_final_ENG.pdf,,7946445,,done
3,Khurai,2,2 - Khomidok (A-1),BEN,final,11.08,AC03_part002_final_BEN.pdf,,8244492,,done
3,Khurai,3,3 - Khomidok (B),ENG,final,8.59,AC03_part003_final_ENG.pdf,,6812296,,done
3,Khurai,3,3 - Khomidok (B),BEN,final,9.56,AC03_part003_final_BEN.pdf,,7061969,,done
3,Khurai,4,4 - Khomidok (B-1),ENG,final,7.09,AC03_part004_final_ENG.pdf,,5566482,,done
3,Khurai,4,4 - Khomidok (B-1),BEN,final,7.84,AC03_part004_final_BEN.pdf,,5738596,,done
3,Khurai,5,5 - Khabeisoi (A),ENG,final,10.86,AC03_part005_final_ENG.pdf,,8692095,,done
3,Khurai,5,5 - Khabeisoi (A),BEN,final,12.07,AC03_part005_final_BEN.pdf,,9007143,,done
3,Khurai,6,6 - Khabeisoi (B),ENG,final,12.28,AC03_part006_final_ENG.pdf,,9809135,,done
3,Khurai,6,6 - Khabeisoi (B),BEN,final,13.76,AC03_part006_final_BEN.pdf,,10214238,,done
3,Khurai,7,7 - Sangomsang (A),ENG,final,9.34,AC03_part007_final_ENG.pdf,,7351755,,done
3,Khurai,7,7 - Sangomsang (A),BEN,final,10.36,AC03_part007_final_BEN.pdf,,7567046,,done
3,Khurai,8,8 - Sangomsang (B),ENG,final,6.43,AC03_part008_final_ENG.pdf,,4832498,,done
3,Khurai,8,8 - Sangomsang (B),BEN,final,6.99,AC03_part008_final_BEN.pdf,,4927431,,done
3,Khurai,9,9 - Phaknung,ENG,final,10.14,AC03_part009_final_ENG.pdf,,8001686,,done
3,Khurai,9,9 - Phaknung,BEN,final,11.35,AC03_part009_final_BEN.pdf,,8280342,,done
3,Khurai,10,10 - Kangla Siphai,ENG,final,7.36,AC03_part010_final_ENG.pdf,,5613902,,done
3,Khurai,10,10 - Kangla Siphai,BEN,final,8.1,AC03_part010_final_BEN.pdf,,5753817,,done
3,Khurai,11,11 - Sajeb (A),ENG,final,9.37,AC03_part011_final_ENG.pdf,,7261810,,done
3,Khurai,11,11 - Sajeb (A),BEN,final,10.33,AC03_part011_final_BEN.pdf,,7450275,,done
3,Khurai,12,12 - Sajeb (B),ENG,final,6.9,AC03_part012_final_ENG.pdf,,5243711,,done
3,Khurai,12,12 - Sajeb (B),BEN,final,7.63,AC03_part012_final_BEN.pdf,,5389584,,done
3,Khurai,13,13 - Angom Leikai,ENG,final,9.85,AC03_part013_final_ENG.pdf,,7664336,,done
3,Khurai,13,13 - Angom Leikai,BEN,final,10.82,AC03_part013_final_BEN.pdf,,7813874,,done
3,Khurai,14,14 - Moirang Kampu,ENG,final,11.04,AC03_part014_final_ENG.pdf,,8564650,,done
3,Khurai,14,14 - Moirang Kampu,BEN,final,12.19,AC03_part014_final_BEN.pdf,,8786484,,done
3,Khurai,15,15 - Khurai Konsam Leikai(A-1),ENG,final,9.44,AC03_part015_final_ENG.pdf,,7297938,,done
3,Khurai,15,15 - Khurai Konsam Leikai(A-1),BEN,final,10.42,AC03_part015_final_BEN.pdf,,7494831,,done
3,Khurai,16,16 - Khurai Konsam Leikai(A-2),ENG,final,6.31,AC03_part016_final_ENG.pdf,,4767661,,done
3,Khurai,16,16 - Khurai Konsam Leikai(A-2),BEN,final,6.94,AC03_part016_final_BEN.pdf,,4893699,,done
3,Khurai,17,17 - Khurai Konsam Leikai (B),ENG,final,9.43,AC03_part017_final_ENG.pdf,,7381604,,done
3,Khurai,17,17 - Khurai Konsam Leikai (B),BEN,final,10.49,AC03_part017_final_BEN.pdf,,7631176,,done
3,Khurai,18,18 - Khurai Konsam Leikai (C),ENG,final,7.85,AC03_part018_final_ENG.pdf,,6085915,,done
3,Khurai,18,18 - Khurai Konsam Leikai (C),BEN,final,8.58,AC03_part018_final_BEN.pdf,,6219317,,done
3,Khurai,19,19 - Kongpal Sajor Leikai (Awang),ENG,final,6.78,AC03_part019_final_ENG.pdf,,5143241,,done
3,Khurai,19,19 - Kongpal Sajor Leikai (Awang),BEN,final,7.47,AC03_part019_final_BEN.pdf,,5284983,,done
3,Khurai,20,20 - Kongpal Sajor Leikai (Makha),ENG,final,5.34,AC03_part020_final_ENG.pdf,,4009931,,done
3,Khurai,20,20 - Kongpal Sajor Leikai (Makha),BEN,final,5.89,AC03_part020_final_BEN.pdf,,4130561,,done
3,Khurai,21,21 - Khurai Thongam Leikai,ENG,final,9.63,AC03_part021_final_ENG.pdf,,7536607,,done
3,Khurai,21,21 - Khurai Thongam Leikai,BEN,final,10.62,AC03_part021_final_BEN.pdf,,7727404,,done
3,Khurai,22,22 - Khurai Thoidingjam Leikai (A),ENG,final,6.36,AC03_part022_final_ENG.pdf,,4830561,,done
3,Khurai,22,22 - Khurai Thoidingjam Leikai (A),BEN,final,7.0,AC03_part022_final_BEN.pdf,,4955063,,done
3,Khurai,23,23 - Khurai Thoidingjam Leikai (B),ENG,final,5.21,AC03_part023_final_ENG.pdf,,3906356,,done
3,Khurai,23,23 - Khurai Thoidingjam Leikai (B),BEN,final,5.72,AC03_part023_final_BEN.pdf,,4000313,,done
3,Khurai,24,24 - Khurai Sajor Leikai,ENG,final,6.89,AC03_part024_final_ENG.pdf,,5269105,,done
3,Khurai,24,24 - Khurai Sajor Leikai,BEN,final,7.6,AC03_part024_final_BEN.pdf,,5408612,,done
3,Khurai,25,25 - Khurai Puthiba Leikai (B),ENG,final,6.07,AC03_part025_final_ENG.pdf,,4567331,,done
3,Khurai,25,25 - Khurai Puthiba Leikai (B),BEN,final,6.7,AC03_part025_final_BEN.pdf,,4694999,,done
3,Khurai,26,26 - Khurai Puthiba Leikai,ENG,final,7.84,AC03_part026_final_ENG.pdf,,6051045,,done
3,Khurai,26,26 - Khurai Puthiba Leikai,BEN,final,8.68,AC03_part026_final_BEN.pdf,,6224849,,done
3,Khurai,27,27 - Khurai Nandeibam Leikai,ENG,final,11.05,AC03_part027_final_ENG.pdf,,8635572,,done
3,Khurai,27,27 - Khurai Nandeibam Leikai,BEN,final,12.35,AC03_part027_final_BEN.pdf,,8948729,,done
3,Khurai,28,28 - Khurai Laishram Leikai (A),ENG,final,8.22,AC03_part028_final_ENG.pdf,,6346752,,done
3,Khurai,28,28 - Khurai Laishram Leikai (A),BEN,final,9.06,AC03_part028_final_BEN.pdf,,6513583,,done
3,Khurai,29,29 - Khurai Laishram Leikai (B),ENG,final,7.14,AC03_part029_final_ENG.pdf,,5455402,,done
3,Khurai,29,29 - Khurai Laishram Leikai (B),BEN,final,7.87,AC03_part029_final_BEN.pdf,,5596230,,done
3,Khurai,30,30 - Ningthoubung,ENG,final,8.29,AC03_part030_final_ENG.pdf,,6475102,,done
3,Khurai,30,30 - Ningthoubung,BEN,final,9.25,AC03_part030_final_BEN.pdf,,6693671,,done
3,Khurai,31,31 - Ningthoubung Khunou,ENG,final,8.67,AC03_part031_final_ENG.pdf,,6739765,,done
3,Khurai,31,31 - Ningthoubung Khunou,BEN,final,9.62,AC03_part031_final_BEN.pdf,,6934979,,done
3,Khurai,32,32 - Khurai Kongpal Chingangbam Leikai,ENG,final,6.03,AC03_part032_final_ENG.pdf,,4591786,,done
3,Khurai,32,32 - Khurai Kongpal Chingangbam Leikai,BEN,final,6.62,AC03_part032_final_BEN.pdf,,4697160,,done
3,Khurai,33,33 - Khurai Sajor Leikai (Makha),ENG,final,5.98,AC03_part033_final_ENG.pdf,,4528654,,done
3,Khurai,33,33 - Khurai Sajor Leikai (Makha),BEN,final,6.59,AC03_part033_final_BEN.pdf,,4654800,,done
3,Khurai,34,34 - Khurai Kongpal Chingangbam Leikai (B),ENG,final,6.9,AC03_part034_final_ENG.pdf,,5303179,,done
3,Khurai,34,34 - Khurai Kongpal Chingangbam Leikai (B),BEN,final,7.62,AC03_part034_final_BEN.pdf,,5440510,,done
3,Khurai,35,35 - Khurai Kongpal Chingangbam Leikai (B-1),ENG,final,5.59,AC03_part035_final_ENG.pdf,,4233446,,done
3,Khurai,35,35 - Khurai Kongpal Chingangbam Leikai (B-1),BEN,final,6.12,AC03_part035_final_BEN.pdf,,4316027,,done
3,Khurai,36,36 - Khurai Chingangbam Leikai(C ),ENG,final,10.41,AC03_part036_final_ENG.pdf,,8162559,,done
3,Khurai,36,36 - Khurai Chingangbam Leikai(C ),BEN,final,11.5,AC03_part036_final_BEN.pdf,,8361917,,done
3,Khurai,37,37 - Khurai Chingangbam Leikai(D-1),ENG,final,8.48,AC03_part037_final_ENG.pdf,,6504324,,done
3,Khurai,37,37 - Khurai Chingangbam Leikai(D-1),BEN,final,9.35,AC03_part037_final_BEN.pdf,,6686333,,done
3,Khurai,38,38 - Khurai Chingangbam Leikai(D-2),ENG,final,6.59,AC03_part038_final_ENG.pdf,,5026507,,done
3,Khurai,38,38 - Khurai Chingangbam Leikai(D-2),BEN,final,7.27,AC03_part038_final_BEN.pdf,,5166904,,done
3,Khurai,39,39 - Khurai Kongkham Leikai (A),ENG,final,10.79,AC03_part039_final_ENG.pdf,,8527857,,done
3,Khurai,39,39 - Khurai Kongkham Leikai (A),BEN,final,12.1,AC03_part039_final_BEN.pdf,,8836124,,done
3,Khurai,40,40 - Khurai Kongkham Leikai (B),ENG,final,7.61,AC03_part040_final_ENG.pdf,,5871817,,done
3,Khurai,40,40 - Khurai Kongkham Leikai (B),BEN,final,8.44,AC03_part040_final_BEN.pdf,,6053456,,done
3,Khurai,41,41 - Khurai Kongkham Leikai (B-1),ENG,final,6.65,AC03_part041_final_ENG.pdf,,5097630,,done
3,Khurai,41,41 - Khurai Kongkham Leikai (B-1),BEN,final,7.37,AC03_part041_final_BEN.pdf,,5240283,,done
3,Khurai,42,42 - Khurai Khongnangmakhong(A),ENG,final,7.29,AC03_part042_final_ENG.pdf,,5621571,,done
3,Khurai,42,42 - Khurai Khongnangmakhong(A),BEN,final,8.05,AC03_part042_final_BEN.pdf,,5763470,,done
3,Khurai,43,43 - Khurai Khongnangmakhong(B),ENG,final,8.44,AC03_part043_final_ENG.pdf,,6529633,,done
3,Khurai,43,43 - Khurai Khongnangmakhong(B),BEN,final,9.32,AC03_part043_final_BEN.pdf,,6698220,,done
4,Khetrigao,1,1 - Porompat (A),ENG,final,7.54,AC04_part001_final_ENG.pdf,,5738535,,done
4,Khetrigao,1,1 - Porompat (A),BEN,final,8.35,AC04_part001_final_BEN.pdf,,5898263,,done
4,Khetrigao,2,2 - Porompat (B),ENG,final,8.84,AC04_part002_final_ENG.pdf,,6948856,,done
4,Khetrigao,2,2 - Porompat (B),BEN,final,9.89,AC04_part002_final_BEN.pdf,,7233193,,done
4,Khetrigao,3,3 - Porompat (C),ENG,final,8.24,AC04_part003_final_ENG.pdf,,6402855,,done
4,Khetrigao,3,3 - Porompat (C),BEN,final,9.17,AC04_part003_final_BEN.pdf,,6607304,,done
4,Khetrigao,4,4 - Porompat (D),ENG,final,9.99,AC04_part004_final_ENG.pdf,,7834869,,done
4,Khetrigao,4,4 - Porompat (D),BEN,final,11.2,AC04_part004_final_BEN.pdf,,8114109,,done
4,Khetrigao,5,5 - Kongba Laishram Leikai Makha,ENG,final,6.78,AC04_part005_final_ENG.pdf,,5161724,,done
4,Khetrigao,5,5 - Kongba Laishram Leikai Makha,BEN,final,7.57,AC04_part005_final_BEN.pdf,,5337427,,done
4,Khetrigao,6,6 - Kongba Laishram Leikai Awang,ENG,final,6.5,AC04_part006_final_ENG.pdf,,4956506,,done
4,Khetrigao,6,6 - Kongba Laishram Leikai Awang,BEN,final,7.27,AC04_part006_final_BEN.pdf,,5138800,,done
4,Khetrigao,7,7 - Gangapat (A),ENG,final,11.64,AC04_part007_final_ENG.pdf,,9113153,,done
4,Khetrigao,7,7 - Gangapat (A),BEN,final,12.98,AC04_part007_final_BEN.pdf,,9421468,,done
4,Khetrigao,8,8 - Gangapat (B),ENG,final,7.67,AC04_part008_final_ENG.pdf,,5886268,,done
4,Khetrigao,8,8 - Gangapat (B),BEN,final,8.46,AC04_part008_final_BEN.pdf,,6048957,,done
4,Khetrigao,9,9 - Thambalkhong Kongba Laishram Leikai,ENG,final,10.42,AC04_part009_final_ENG.pdf,,8161484,,done
4,Khetrigao,9,9 - Thambalkhong Kongba Laishram Leikai,BEN,final,11.56,AC04_part009_final_BEN.pdf,,8393360,,done
4,Khetrigao,10,10 - Kongba Chanam Leikai,ENG,final,7.13,AC04_part010_final_ENG.pdf,,5462120,,done
4,Khetrigao,10,10 - Kongba Chanam Leikai,BEN,final,7.96,AC04_part010_final_BEN.pdf,,5654121,,done
4,Khetrigao,11,11 - Thambalkhong North,ENG,final,5.47,AC04_part011_final_ENG.pdf,,4142396,,done
4,Khetrigao,11,11 - Thambalkhong North,BEN,final,6.09,AC04_part011_final_BEN.pdf,,4261376,,done
4,Khetrigao,12,12 - Thambalkhong Sabal Leikai,ENG,final,9.68,AC04_part012_final_ENG.pdf,,7538838,,done
4,Khetrigao,12,12 - Thambalkhong Sabal Leikai,BEN,final,10.7,AC04_part012_final_BEN.pdf,,7712164,,done
4,Khetrigao,13,13 - Top Naoria (North-A),ENG,final,7.42,AC04_part013_final_ENG.pdf,,5661349,,done
4,Khetrigao,13,13 - Top Naoria (North-A),BEN,final,8.28,AC04_part013_final_BEN.pdf,,5849633,,done
4,Khetrigao,14,14 - Top Naoria (North-B),ENG,final,6.63,AC04_part014_final_ENG.pdf,,5043030,,done
4,Khetrigao,14,14 - Top Naoria (North-B),BEN,final,7.25,AC04_part014_final_BEN.pdf,,5129461,,done
4,Khetrigao,15,15 - Khaidem Leikai (South-A),ENG,final,7.64,AC04_part015_final_ENG.pdf,,5948557,,done
4,Khetrigao,15,15 - Khaidem Leikai (South-A),BEN,final,8.6,AC04_part015_final_BEN.pdf,,6159593,,done
4,Khetrigao,16,16 - Khaidem Leikai (South-B),ENG,final,4.76,AC04_part016_final_ENG.pdf,,3512223,,done
4,Khetrigao,16,16 - Khaidem Leikai (South-B),BEN,final,5.22,AC04_part016_final_BEN.pdf,,3583513,,done
4,Khetrigao,17,17 - Khaidem Leikai (North),ENG,final,9.87,AC04_part017_final_ENG.pdf,,7765079,,done
4,Khetrigao,17,17 - Khaidem Leikai (North),BEN,final,11.12,AC04_part017_final_BEN.pdf,,8061906,,done
4,Khetrigao,18,18 - Top Dusara Imphal (A),ENG,final,8.39,AC04_part018_final_ENG.pdf,,6519805,,done
4,Khetrigao,18,18 - Top Dusara Imphal (A),BEN,final,9.39,AC04_part018_final_BEN.pdf,,6752972,,done
4,Khetrigao,19,19 - Top Dusara Imphal (B),ENG,final,7.45,AC04_part019_final_ENG.pdf,,5718745,,done
4,Khetrigao,19,19 - Top Dusara Imphal (B),BEN,final,8.36,AC04_part019_final_BEN.pdf,,5931658,,done
4,Khetrigao,20,20 - Top Dusara Khabam (A),ENG,final,10.06,AC04_part020_final_ENG.pdf,,7819538,,done
4,Khetrigao,20,20 - Top Dusara Khabam (A),BEN,final,11.24,AC04_part020_final_BEN.pdf,,8068432,,done
4,Khetrigao,21,21 - Top Dusara Khabam (B),ENG,final,11.07,AC04_part021_final_ENG.pdf,,8696929,,done
4,Khetrigao,21,21 - Top Dusara Khabam (B),BEN,final,12.42,AC04_part021_final_BEN.pdf,,9011978,,done
4,Khetrigao,22,22 - Kshetri Bengoon (North-A),ENG,final,9.1,AC04_part022_final_ENG.pdf,,7270583,,done
4,Khetrigao,22,22 - Kshetri Bengoon (North-A),BEN,final,10.13,AC04_part022_final_BEN.pdf,,7535737,,done
4,Khetrigao,23,23 - Kshetri Bengoon (North-B),ENG,final,5.69,AC04_part023_final_ENG.pdf,,4414789,,done
4,Khetrigao,23,23 - Kshetri Bengoon (North-B),BEN,final,6.32,AC04_part023_final_BEN.pdf,,4576751,,done
4,Khetrigao,24,24 - Kshetri Bengoon (South-A),ENG,final,8.01,AC04_part024_final_ENG.pdf,,6256916,,done
4,Khetrigao,24,24 - Kshetri Bengoon (South-A),BEN,final,8.92,AC04_part024_final_BEN.pdf,,6493575,,done
4,Khetrigao,25,25 - Kshetri Bengoon (South-B),ENG,final,8.59,AC04_part025_final_ENG.pdf,,6753720,,done
4,Khetrigao,25,25 - Kshetri Bengoon (South-B),BEN,final,9.57,AC04_part025_final_BEN.pdf,,6996388,,done
4,Khetrigao,26,26 - Kshetri Awang Leikai (A),ENG,final,9.44,AC04_part026_final_ENG.pdf,,7422304,,done
4,Khetrigao,26,26 - Kshetri Awang Leikai (A),BEN,final,10.58,AC04_part026_final_BEN.pdf,,7731600,,done
4,Khetrigao,27,27 - Kshetri Awang Leikai (B),ENG,final,9.32,AC04_part027_final_ENG.pdf,,7322865,,done
4,Khetrigao,27,27 - Kshetri Awang Leikai (B),BEN,final,10.4,AC04_part027_final_BEN.pdf,,7599041,,done
4,Khetrigao,28,28 - Kshetrigao Makha Leikai(A),ENG,final,9.33,AC04_part028_final_ENG.pdf,,7354585,,done
4,Khetrigao,28,28 - Kshetrigao Makha Leikai(A),BEN,final,10.46,AC04_part028_final_BEN.pdf,,7657825,,done
4,Khetrigao,29,29 - Kshetrigao Makha Leikai(B),ENG,final,7.49,AC04_part029_final_ENG.pdf,,5819794,,done
4,Khetrigao,29,29 - Kshetrigao Makha Leikai(B),BEN,final,8.34,AC04_part029_final_BEN.pdf,,6029504,,done
4,Khetrigao,30,30 - Kshetrigao Awang Sabal Leikai (A),ENG,final,8.02,AC04_part030_final_ENG.pdf,,6298568,,done
4,Khetrigao,30,30 - Kshetrigao Awang Sabal Leikai (A),BEN,final,8.97,AC04_part030_final_BEN.pdf,,6545587,,done
4,Khetrigao,31,31 - Kshetrigao Awang Sabal Leikai (B),ENG,final,7.33,AC04_part031_final_ENG.pdf,,5760594,,done
4,Khetrigao,31,31 - Kshetrigao Awang Sabal Leikai (B),BEN,final,8.24,AC04_part031_final_BEN.pdf,,6015659,,done
4,Khetrigao,32,32 - Kshetrigao Makha Leikai,ENG,final,8.08,AC04_part032_final_ENG.pdf,,6351448,,done
4,Khetrigao,32,32 - Kshetrigao Makha Leikai,BEN,final,8.96,AC04_part032_final_BEN.pdf,,6556465,,done
4,Khetrigao,33,33 - Kshetrigao Awang Leikai,ENG,final,4.74,AC04_part033_final_ENG.pdf,,3573283,,done
4,Khetrigao,33,33 - Kshetrigao Awang Leikai,BEN,final,5.23,AC04_part033_final_BEN.pdf,,3688765,,done
4,Khetrigao,34,34 - Kshetrigao,ENG,final,8.68,AC04_part034_final_ENG.pdf,,6835419,,done
4,Khetrigao,34,34 - Kshetrigao,BEN,final,9.71,AC04_part034_final_BEN.pdf,,7086336,,done
4,Khetrigao,35,35 - Keikhu Muslim Makha Leikai,ENG,final,7.06,AC04_part035_final_ENG.pdf,,5481767,,done
4,Khetrigao,35,35 - Keikhu Muslim Makha Leikai,BEN,final,7.88,AC04_part035_final_BEN.pdf,,5668845,,done
4,Khetrigao,36,36 - Keikhu Kabui,ENG,final,4.69,AC04_part036_final_ENG.pdf,,3517255,,done
4,Khetrigao,36,36 - Keikhu Kabui,BEN,final,5.17,AC04_part036_final_BEN.pdf,,3603835,,done
4,Khetrigao,37,37 - Naharup (A),ENG,final,8.23,AC04_part037_final_ENG.pdf,,6348716,,done
4,Khetrigao,37,37 - Naharup (A),BEN,final,9.2,AC04_part037_final_BEN.pdf,,6578820,,done
4,Khetrigao,38,38 - Naharup (B),ENG,final,7.92,AC04_part038_final_ENG.pdf,,6159930,,done
4,Khetrigao,38,38 - Naharup (B),BEN,final,8.86,AC04_part038_final_BEN.pdf,,6384204,,done
4,Khetrigao,39,39 - Makhapat Khongjin Leikai,ENG,final,6.76,AC04_part039_final_ENG.pdf,,5161068,,done
4,Khetrigao,39,39 - Makhapat Khongjin Leikai,BEN,final,7.56,AC04_part039_final_BEN.pdf,,5351798,,done
4,Khetrigao,40,40 - Makhapat Awang,ENG,final,5.94,AC04_part040_final_ENG.pdf,,4542415,,done
4,Khetrigao,40,40 - Makhapat Awang,BEN,final,6.55,AC04_part040_final_BEN.pdf,,4668705,,done
4,Khetrigao,41,41 - Thangbrijou Awang Leikai,ENG,final,6.35,AC04_part041_final_ENG.pdf,,4880635,,done
4,Khetrigao,41,41 - Thangbrijou Awang Leikai,BEN,final,7.09,AC04_part041_final_BEN.pdf,,5071962,,done
4,Khetrigao,42,42 - Thangbrijou Makha Leikai,ENG,final,5.88,AC04_part042_final_ENG.pdf,,4488268,,done
4,Khetrigao,42,42 - Thangbrijou Makha Leikai,BEN,final,6.61,AC04_part042_final_BEN.pdf,,4669695,,done
4,Khetrigao,43,43 - Bamon Kampu (North-A),ENG,final,7.45,AC04_part043_final_ENG.pdf,,5766355,,done
4,Khetrigao,43,43 - Bamon Kampu (North-A),BEN,final,8.35,AC04_part043_final_BEN.pdf,,5997499,,done
4,Khetrigao,44,44 - Bamon Kampu (North-B),ENG,final,6.76,AC04_part044_final_ENG.pdf,,5239545,,done
4,Khetrigao,44,44 - Bamon Kampu (North-B),BEN,final,7.54,AC04_part044_final_BEN.pdf,,5410987,,done
4,Khetrigao,45,45 - Bamon Kampu (South West),ENG,final,7.65,AC04_part045_final_ENG.pdf,,5884825,,done
4,Khetrigao,45,45 - Bamon Kampu (South West),BEN,final,8.51,AC04_part045_final_BEN.pdf,,6077483,,done
4,Khetrigao,46,46 - Bamon Kampu (South East),ENG,final,7.07,AC04_part046_final_ENG.pdf,,5442851,,done
4,Khetrigao,46,46 - Bamon Kampu (South East),BEN,final,7.8,AC04_part046_final_BEN.pdf,,5601090,,done
5,Thongju,1,1 - Thongju Lilando lampak (A),ENG,final,5.4,AC05_part001_final_ENG.pdf,,4044721,,done
5,Thongju,1,1 - Thongju Lilando lampak (A),BEN,final,6.0,AC05_part001_final_BEN.pdf,,4174311,,done
5,Thongju,2,2 - Thongju Lilando lampak (B),ENG,final,6.79,AC05_part002_final_ENG.pdf,,5164035,,done
5,Thongju,2,2 - Thongju Lilando lampak (B),BEN,final,7.54,AC05_part002_final_BEN.pdf,,5326985,,done
5,Thongju,3,3 - Thongju Ningomthong(A),ENG,final,8.5,AC05_part003_final_ENG.pdf,,6586804,,done
5,Thongju,3,3 - Thongju Ningomthong(A),BEN,final,9.45,AC05_part003_final_BEN.pdf,,6788820,,done
5,Thongju,4,4 - Thongju Ningomthong (B),ENG,final,7.01,AC05_part004_final_ENG.pdf,,5385067,,done
5,Thongju,4,4 - Thongju Ningomthong (B),BEN,final,7.77,AC05_part004_final_BEN.pdf,,5543966,,done
5,Thongju,5,5 - Kakwa Lamdaibung,ENG,final,5.5,AC05_part005_final_ENG.pdf,,4114536,,done
5,Thongju,5,5 - Kakwa Lamdaibung,BEN,final,6.04,AC05_part005_final_BEN.pdf,,4216441,,done
5,Thongju,6,6 - Kakwa Nameirakpam Leikai,ENG,final,8.04,AC05_part006_final_ENG.pdf,,6209945,,done
5,Thongju,6,6 - Kakwa Nameirakpam Leikai,BEN,final,9.02,AC05_part006_final_BEN.pdf,,6453780,,done
5,Thongju,7,7 - Thongju Pheijaleitong (A),ENG,final,5.1,AC05_part007_final_ENG.pdf,,3802932,,done
5,Thongju,7,7 - Thongju Pheijaleitong (A),BEN,final,5.66,AC05_part007_final_BEN.pdf,,3924446,,done
5,Thongju,8,8 - Thongju Pheijaleitong (B),ENG,final,7.51,AC05_part008_final_ENG.pdf,,5707687,,done
5,Thongju,8,8 - Thongju Pheijaleitong (B),BEN,final,8.4,AC05_part008_final_BEN.pdf,,5910227,,done
5,Thongju,9,9 - Pichu Lampak,ENG,final,9.0,AC05_part009_final_ENG.pdf,,6915107,,done
5,Thongju,9,9 - Pichu Lampak,BEN,final,9.93,AC05_part009_final_BEN.pdf,,7078269,,done
5,Thongju,10,10 - Konok Khongnangkhong,ENG,final,6.86,AC05_part010_final_ENG.pdf,,5214640,,done
5,Thongju,10,10 - Konok Khongnangkhong,BEN,final,7.63,AC05_part010_final_BEN.pdf,,5383874,,done
5,Thongju,11,11 - Thongju Part-II Makha Leikai,ENG,final,6.78,AC05_part011_final_ENG.pdf,,5202875,,done
5,Thongju,11,11 - Thongju Part-II Makha Leikai,BEN,final,7.5,AC05_part011_final_BEN.pdf,,5347477,,done
5,Thongju,12,12 - Thongju Part-II Koirou,ENG,final,8.58,AC05_part012_final_ENG.pdf,,6615684,,done
5,Thongju,12,12 - Thongju Part-II Koirou,BEN,final,9.62,AC05_part012_final_BEN.pdf,,6864928,,done
5,Thongju,13,13 - Thongju Waikhom Khongnang,ENG,final,5.05,AC05_part013_final_ENG.pdf,,3747515,,done
5,Thongju,13,13 - Thongju Waikhom Khongnang,BEN,final,5.59,AC05_part013_final_BEN.pdf,,3865205,,done
5,Thongju,14,14 - Bashikhong Panthoibi Bazar,ENG,final,6.13,AC05_part014_final_ENG.pdf,,4619080,,done
5,Thongju,14,14 - Bashikhong Panthoibi Bazar,BEN,final,6.91,AC05_part014_final_BEN.pdf,,4822869,,done
5,Thongju,15,15 - Kongba Irong,ENG,final,8.06,AC05_part015_final_ENG.pdf,,6246234,,done
5,Thongju,15,15 - Kongba Irong,BEN,final,9.05,AC05_part015_final_BEN.pdf,,6491457,,done
5,Thongju,16,16 - Bashikhong Bazar,ENG,final,7.42,AC05_part016_final_ENG.pdf,,5606054,,done
5,Thongju,16,16 - Bashikhong Bazar,BEN,final,8.25,AC05_part016_final_BEN.pdf,,5790147,,done
5,Thongju,17,17 - Bashikhong Torban,ENG,final,5.75,AC05_part017_final_ENG.pdf,,4341083,,done
5,Thongju,17,17 - Bashikhong Torban,BEN,final,6.43,AC05_part017_final_BEN.pdf,,4495678,,done
5,Thongju,18,18 - Kitana Panung (A),ENG,final,5.68,AC05_part018_final_ENG.pdf,,4298539,,done
5,Thongju,18,18 - Kitana Panung (A),BEN,final,6.26,AC05_part018_final_BEN.pdf,,4412215,,done
5,Thongju,19,19 - Kitana Panung (B),ENG,final,5.74,AC05_part019_final_ENG.pdf,,4284941,,done
5,Thongju,19,19 - Kitana Panung (B),BEN,final,6.33,AC05_part019_final_BEN.pdf,,4405155,,done
5,Thongju,20,20 - Kitana Panung (C),ENG,final,8.2,AC05_part020_final_ENG.pdf,,6321314,,done
5,Thongju,20,20 - Kitana Panung (C),BEN,final,9.13,AC05_part020_final_BEN.pdf,,6523062,,done
5,Thongju,21,21 - Torban Pebiya Pandit Leikai,ENG,final,9.71,AC05_part021_final_ENG.pdf,,7479458,,done
5,Thongju,21,21 - Torban Pebiya Pandit Leikai,BEN,final,10.79,AC05_part021_final_BEN.pdf,,7728133,,done
5,Thongju,22,22 - Mongkhang Lambi,ENG,final,6.01,AC05_part022_final_ENG.pdf,,4519513,,done
5,Thongju,22,22 - Mongkhang Lambi,BEN,final,6.57,AC05_part022_final_BEN.pdf,,4597076,,done
5,Thongju,23,23 - Mongkhang Lambi (North),ENG,final,5.8,AC05_part023_final_ENG.pdf,,4376829,,done
5,Thongju,23,23 - Mongkhang Lambi (North),BEN,final,6.42,AC05_part023_final_BEN.pdf,,4509039,,done
5,Thongju,24,24 - Torban Kshetri Leikai,ENG,final,9.8,AC05_part024_final_ENG.pdf,,7589358,,done
5,Thongju,24,24 - Torban Kshetri Leikai,BEN,final,10.95,AC05_part024_final_BEN.pdf,,7858822,,done
5,Thongju,25,25 - Akampat,ENG,final,9.93,AC05_part025_final_ENG.pdf,,7645893,,done
5,Thongju,25,25 - Akampat,BEN,final,10.98,AC05_part025_final_BEN.pdf,,7844410,,done
5,Thongju,26,26 - Khongman Mangjil (A),ENG,final,8.21,AC05_part026_final_ENG.pdf,,6271310,,done
5,Thongju,26,26 - Khongman Mangjil (A),BEN,final,9.05,AC05_part026_final_BEN.pdf,,6441388,,done
5,Thongju,27,27 - Khongman Mangjil (B),ENG,final,6.0,AC05_part027_final_ENG.pdf,,4479275,,done
5,Thongju,27,27 - Khongman Mangjil (B),BEN,final,6.6,AC05_part027_final_BEN.pdf,,4598980,,done
5,Thongju,28,28 - Khongman Mayai Leikai Zone-III(A),ENG,final,7.55,AC05_part028_final_ENG.pdf,,5777049,,done
5,Thongju,28,28 - Khongman Mayai Leikai Zone-III(A),BEN,final,8.38,AC05_part028_final_BEN.pdf,,5950329,,done
5,Thongju,29,29 - Khongman Zone-IV,ENG,final,5.49,AC05_part029_final_ENG.pdf,,4143422,,done
5,Thongju,29,29 - Khongman Zone-IV,BEN,final,6.12,AC05_part029_final_BEN.pdf,,4294904,,done
5,Thongju,30,30 - Khongman,ENG,final,9.19,AC05_part030_final_ENG.pdf,,7152773,,done
5,Thongju,30,30 - Khongman,BEN,final,10.32,AC05_part030_final_BEN.pdf,,7428584,,done
5,Thongju,31,31 - Khongman Zone-V(A),ENG,final,6.81,AC05_part031_final_ENG.pdf,,5226322,,done
5,Thongju,31,31 - Khongman Zone-V(A),BEN,final,7.59,AC05_part031_final_BEN.pdf,,5403798,,done
5,Thongju,32,32 - Khongman Zone-V(B),ENG,final,6.26,AC05_part032_final_ENG.pdf,,4793632,,done
5,Thongju,32,32 - Khongman Zone-V(B),BEN,final,6.94,AC05_part032_final_BEN.pdf,,4933849,,done
5,Thongju,33,33 - Wangkhei Loumanbi (A),ENG,final,5.94,AC05_part033_final_ENG.pdf,,4501230,,done
5,Thongju,33,33 - Wangkhei Loumanbi (A),BEN,final,6.6,AC05_part033_final_BEN.pdf,,4639354,,done
5,Thongju,34,34 - Wangkhei Loumanbi (B),ENG,final,7.64,AC05_part034_final_ENG.pdf,,5877942,,done
5,Thongju,34,34 - Wangkhei Loumanbi (B),BEN,final,8.56,AC05_part034_final_BEN.pdf,,6085177,,done
5,Thongju,35,35 - Nandeibam Leikai (A),ENG,final,9.38,AC05_part035_final_ENG.pdf,,7319359,,done
5,Thongju,35,35 - Nandeibam Leikai (A),BEN,final,10.47,AC05_part035_final_BEN.pdf,,7584227,,done
5,Thongju,36,36 - Kongba Makha Nandeibam Leikai,ENG,final,9.8,AC05_part036_final_ENG.pdf,,7608284,,done
5,Thongju,36,36 - Kongba Makha Nandeibam Leikai,BEN,final,11.05,AC05_part036_final_BEN.pdf,,7916631,,done
5,Thongju,37,37 - Nandeibam Leikai (C),ENG,final,7.57,AC05_part037_final_ENG.pdf,,5782440,,done
5,Thongju,37,37 - Nandeibam Leikai (C),BEN,final,8.39,AC05_part037_final_BEN.pdf,,5959357,,done
5,Thongju,38,38 - Uchekon Kongba Kshetri Leikai (A),ENG,final,7.59,AC05_part038_final_ENG.pdf,,5779861,,done
5,Thongju,38,38 - Uchekon Kongba Kshetri Leikai (A),BEN,final,8.44,AC05_part038_final_BEN.pdf,,5972579,,done
5,Thongju,39,39 - Uchekon Kongba Kshetri Leikai (B),ENG,final,7.45,AC05_part039_final_ENG.pdf,,5688645,,done
5,Thongju,39,39 - Uchekon Kongba Kshetri Leikai (B),BEN,final,8.28,AC05_part039_final_BEN.pdf,,5866221,,done
5,Thongju,40,40 - Uchekon Torban (A),ENG,final,8.65,AC05_part040_final_ENG.pdf,,6636606,,done
5,Thongju,40,40 - Uchekon Torban (A),BEN,final,9.6,AC05_part040_final_BEN.pdf,,6855200,,done
5,Thongju,41,41 - Uchekon Torban (B),ENG,final,7.14,AC05_part041_final_ENG.pdf,,5469798,,done
5,Thongju,41,41 - Uchekon Torban (B),BEN,final,7.97,AC05_part041_final_BEN.pdf,,5671282,,done
5,Thongju,42,42 - Takhok Mapal (A),ENG,final,6.12,AC05_part042_final_ENG.pdf,,4621892,,done
5,Thongju,42,42 - Takhok Mapal (A),BEN,final,6.86,AC05_part042_final_BEN.pdf,,4799822,,done
5,Thongju,43,43 - Takhok Mapal (B),ENG,final,6.62,AC05_part043_final_ENG.pdf,,5064875,,done
5,Thongju,43,43 - Takhok Mapal (B),BEN,final,7.35,AC05_part043_final_BEN.pdf,,5217073,,done
5,Thongju,44,44 - Takhok Mapal (C),ENG,final,7.37,AC05_part044_final_ENG.pdf,,5651811,,done
5,Thongju,44,44 - Takhok Mapal (C),BEN,final,8.18,AC05_part044_final_BEN.pdf,,5841569,,done
5,Thongju,45,45 - Takhok Mapal Wangkhei Loumanbi,ENG,final,6.33,AC05_part045_final_ENG.pdf,,4780408,,done
5,Thongju,45,45 - Takhok Mapal Wangkhei Loumanbi,BEN,final,6.99,AC05_part045_final_BEN.pdf,,4916143,,done
6,Keirao,1,1 - Kiyamgei Maning Leikai (A),ENG,final,7.04,AC06_part001_final_ENG.pdf,,5422367,,done
6,Keirao,1,1 - Kiyamgei Maning Leikai (A),BEN,final,7.82,AC06_part001_final_BEN.pdf,,5581202,,done
6,Keirao,2,2 - Kiyamgei Maning Leikai (B),ENG,final,5.84,AC06_part002_final_ENG.pdf,,4447926,,done
6,Keirao,2,2 - Kiyamgei Maning Leikai (B),BEN,final,6.41,AC06_part002_final_BEN.pdf,,4532997,,done
6,Keirao,3,3 - Kiyamgei (B),ENG,final,10.09,AC06_part003_final_ENG.pdf,,7914813,,done
6,Keirao,3,3 - Kiyamgei (B),BEN,final,11.2,AC06_part003_final_BEN.pdf,,8132249,,done
6,Keirao,4,4 - Kiyamgei(C-I),ENG,final,7.72,AC06_part004_final_ENG.pdf,,6021042,,done
6,Keirao,4,4 - Kiyamgei(C-I),BEN,final,8.59,AC06_part004_final_BEN.pdf,,6211706,,done
6,Keirao,5,5 - Kyamgei Khoirom Leikai,ENG,final,7.66,AC06_part005_final_ENG.pdf,,5891548,,done
6,Keirao,5,5 - Kyamgei Khoirom Leikai,BEN,final,8.53,AC06_part005_final_BEN.pdf,,6083283,,done
6,Keirao,6,6 - Kiyamgei Mamang Leikai,ENG,final,5.43,AC06_part006_final_ENG.pdf,,4081096,,done
6,Keirao,6,6 - Kiyamgei Mamang Leikai,BEN,final,6.02,AC06_part006_final_BEN.pdf,,4227139,,done
6,Keirao,7,7 - Kiyamgei Mamang Leikai (B),ENG,final,6.44,AC06_part007_final_ENG.pdf,,4891826,,done
6,Keirao,7,7 - Kiyamgei Mamang Leikai (B),BEN,final,7.08,AC06_part007_final_BEN.pdf,,5016136,,done
6,Keirao,8,8 - Kiyamgei Awang Leikai,ENG,final,7.75,AC06_part008_final_ENG.pdf,,6148977,,done
6,Keirao,8,8 - Kiyamgei Awang Leikai,BEN,final,8.67,AC06_part008_final_BEN.pdf,,6391693,,done
6,Keirao,9,9 - Takhok Makha,ENG,final,4.8,AC06_part009_final_ENG.pdf,,3646236,,done
6,Keirao,9,9 - Takhok Makha,BEN,final,5.3,AC06_part009_final_BEN.pdf,,3765901,,done
6,Keirao,10,10 - Kiyamgei Muslim (South) (A),ENG,final,6.08,AC06_part010_final_ENG.pdf,,4736554,,done
6,Keirao,10,10 - Kiyamgei Muslim (South) (A),BEN,final,6.81,AC06_part010_final_BEN.pdf,,4944664,,done
6,Keirao,11,11 - Kiyamgei Muslim (South) (B),ENG,final,3.86,AC06_part011_final_ENG.pdf,,2876310,,done
6,Keirao,11,11 - Kiyamgei Muslim (South) (B),BEN,final,4.27,AC06_part011_final_BEN.pdf,,2979870,,done
6,Keirao,12,12 - Arapati Maning (A),ENG,final,7.0,AC06_part012_final_ENG.pdf,,5365626,,done
6,Keirao,12,12 - Arapati Maning (A),BEN,final,7.83,AC06_part012_final_BEN.pdf,,5570253,,done
6,Keirao,13,13 - Arapati Maning (B),ENG,final,6.38,AC06_part013_final_ENG.pdf,,4827567,,done
6,Keirao,13,13 - Arapati Maning (B),BEN,final,7.0,AC06_part013_final_BEN.pdf,,4941443,,done
6,Keirao,14,14 - Arapati Nongpok(A),ENG,final,7.27,AC06_part014_final_ENG.pdf,,5610978,,done
6,Keirao,14,14 - Arapati Nongpok(A),BEN,final,8.01,AC06_part014_final_BEN.pdf,,5759476,,done
6,Keirao,15,15 - Arapati Nongpok(B),ENG,final,9.12,AC06_part015_final_ENG.pdf,,7149722,,done
6,Keirao,15,15 - Arapati Nongpok(B),BEN,final,10.12,AC06_part015_final_BEN.pdf,,7374226,,done
6,Keirao,16,16 - Urup,ENG,final,8.17,AC06_part016_final_ENG.pdf,,6370704,,done
6,Keirao,16,16 - Urup,BEN,final,9.02,AC06_part016_final_BEN.pdf,,6544625,,done
6,Keirao,17,17 - Urup Naokal (A),ENG,final,5.53,AC06_part017_final_ENG.pdf,,4238979,,done
6,Keirao,17,17 - Urup Naokal (A),BEN,final,6.14,AC06_part017_final_BEN.pdf,,4399741,,done
6,Keirao,18,18 - Urup Naokal (B),ENG,final,5.57,AC06_part018_final_ENG.pdf,,4280915,,done
6,Keirao,18,18 - Urup Naokal (B),BEN,final,6.19,AC06_part018_final_BEN.pdf,,4439727,,done
6,Keirao,19,19 - Urup Awang Leikai,ENG,final,8.47,AC06_part019_final_ENG.pdf,,6809936,,done
6,Keirao,19,19 - Urup Awang Leikai,BEN,final,9.5,AC06_part019_final_BEN.pdf,,7096560,,done
6,Keirao,20,20 - Urup Muslim,ENG,final,6.8,AC06_part020_final_ENG.pdf,,5359213,,done
6,Keirao,20,20 - Urup Muslim,BEN,final,7.62,AC06_part020_final_BEN.pdf,,5581542,,done
6,Keirao,21,21 - Keirao Makting,ENG,final,8.94,AC06_part021_final_ENG.pdf,,7145291,,done
6,Keirao,21,21 - Keirao Makting,BEN,final,9.97,AC06_part021_final_BEN.pdf,,7423248,,done
6,Keirao,22,22 - Keirao Makting Mayai (A),ENG,final,7.18,AC06_part022_final_ENG.pdf,,5619792,,done
6,Keirao,22,22 - Keirao Makting Mayai (A),BEN,final,7.96,AC06_part022_final_BEN.pdf,,5808875,,done
6,Keirao,23,23 - Keirao Makting Mayai (B),ENG,final,7.13,AC06_part023_final_ENG.pdf,,5593970,,done
6,Keirao,23,23 - Keirao Makting Mayai (B),BEN,final,7.95,AC06_part023_final_BEN.pdf,,5806133,,done
6,Keirao,24,24 - Keirao Makting Awang Leikai (A),ENG,final,7.83,AC06_part024_final_ENG.pdf,,6122679,,done
6,Keirao,24,24 - Keirao Makting Awang Leikai (A),BEN,final,8.68,AC06_part024_final_BEN.pdf,,6302040,,done
6,Keirao,25,25 - Keirao Makting Awang Leikai (B),ENG,final,5.25,AC06_part025_final_ENG.pdf,,3987507,,done
6,Keirao,25,25 - Keirao Makting Awang Leikai (B),BEN,final,5.78,AC06_part025_final_BEN.pdf,,4104163,,done
6,Keirao,26,26 - Keirao Bitra (A),ENG,final,10.58,AC06_part026_final_ENG.pdf,,8330418,,done
6,Keirao,26,26 - Keirao Bitra (A),BEN,final,11.75,AC06_part026_final_BEN.pdf,,8566348,,done
6,Keirao,27,27 - Keirao Bitra (B),ENG,final,8.47,AC06_part027_final_ENG.pdf,,6620809,,done
6,Keirao,27,27 - Keirao Bitra (B),BEN,final,9.39,AC06_part027_final_BEN.pdf,,6812259,,done
6,Keirao,28,28 - Keirao  Langdum (A),ENG,final,9.08,AC06_part028_final_ENG.pdf,,7090985,,done
6,Keirao,28,28 - Keirao  Langdum (A),BEN,final,10.06,AC06_part028_final_BEN.pdf,,7307107,,done
6,Keirao,29,29 - Keirao  Langdum (B),ENG,final,9.02,AC06_part029_final_ENG.pdf,,7072136,,done
6,Keirao,29,29 - Keirao  Langdum (B),BEN,final,9.93,AC06_part029_final_BEN.pdf,,7249405,,done
6,Keirao,30,30 - Keirao  Wangkhem,ENG,final,11.32,AC06_part030_final_ENG.pdf,,8947110,,done
6,Keirao,30,30 - Keirao  Wangkhem,BEN,final,12.51,AC06_part030_final_BEN.pdf,,9198842,,done
6,Keirao,31,31 - Khannarok,ENG,final,4.86,AC06_part031_final_ENG.pdf,,3583877,,done
6,Keirao,31,31 - Khannarok,BEN,final,5.26,AC06_part031_final_BEN.pdf,,3644766,,done
6,Keirao,32,32 - Phunal Maring,ENG,final,9.04,AC06_part032_final_ENG.pdf,,7158741,,done
6,Keirao,32,32 - Phunal Maring,BEN,final,9.99,AC06_part032_final_BEN.pdf,,7366342,,done
6,Keirao,33,33 - Waithou Chiru,ENG,final,6.3,AC06_part033_final_ENG.pdf,,4826539,,done
6,Keirao,33,33 - Waithou Chiru,BEN,final,7.02,AC06_part033_final_BEN.pdf,,5009726,,done
6,Keirao,34,34 - Thiyam Konjil (A),ENG,final,8.91,AC06_part034_final_ENG.pdf,,6994043,,done
6,Keirao,34,34 - Thiyam Konjil (A),BEN,final,9.88,AC06_part034_final_BEN.pdf,,7164444,,done
6,Keirao,35,35 - Thiyam Konjil (B),ENG,final,8.22,AC06_part035_final_ENG.pdf,,6412949,,done
6,Keirao,35,35 - Thiyam Konjil (B),BEN,final,9.11,AC06_part035_final_BEN.pdf,,6558901,,done
6,Keirao,36,36 - Chanam Sandrok (A),ENG,final,6.49,AC06_part036_final_ENG.pdf,,4985076,,done
6,Keirao,36,36 - Chanam Sandrok (A),BEN,final,7.1,AC06_part036_final_BEN.pdf,,5074370,,done
6,Keirao,37,37 - Chanam Sandrok (B),ENG,final,6.28,AC06_part037_final_ENG.pdf,,4828313,,done
6,Keirao,37,37 - Chanam Sandrok (B),BEN,final,6.9,AC06_part037_final_BEN.pdf,,4930044,,done
6,Keirao,38,38 - Sandang Senba,ENG,final,6.47,AC06_part038_final_ENG.pdf,,4984638,,done
6,Keirao,38,38 - Sandang Senba,BEN,final,7.09,AC06_part038_final_BEN.pdf,,5106871,,done
6,Keirao,39,39 - Lemba Khul,ENG,final,6.72,AC06_part039_final_ENG.pdf,,5200535,,done
6,Keirao,39,39 - Lemba Khul,BEN,final,7.4,AC06_part039_final_BEN.pdf,,5333389,,done
7,Andro,1,1 - Andro (A),ENG,final,10.36,AC07_part001_final_ENG.pdf,,8062262,,done
7,Andro,1,1 - Andro (A),BEN,final,11.31,AC07_part001_final_BEN.pdf,,8187262,,done
7,Andro,2,2 - Andro (B),ENG,final,6.59,AC07_part002_final_ENG.pdf,,4973923,,done
7,Andro,2,2 - Andro (B),BEN,final,7.18,AC07_part002_final_BEN.pdf,,5065248,,done
7,Andro,3,3 - Andro (C),ENG,final,7.36,AC07_part003_final_ENG.pdf,,5618780,,done
7,Andro,3,3 - Andro (C),BEN,final,8.01,AC07_part003_final_BEN.pdf,,5701193,,done
7,Andro,4,4 - Andro (D),ENG,final,5.89,AC07_part004_final_ENG.pdf,,4439815,,done
7,Andro,4,4 - Andro (D),BEN,final,6.45,AC07_part004_final_BEN.pdf,,4530152,,done
7,Andro,5,5 - Andro (E),ENG,final,6.93,AC07_part005_final_ENG.pdf,,5243541,,done
7,Andro,5,5 - Andro (E),BEN,final,7.55,AC07_part005_final_BEN.pdf,,5327039,,done
7,Andro,6,6 - Andro Ward No-7,ENG,final,7.37,AC07_part006_final_ENG.pdf,,5604188,,done
7,Andro,6,6 - Andro Ward No-7,BEN,final,8.02,AC07_part006_final_BEN.pdf,,5689570,,done
7,Andro,7,7 - Andro (G),ENG,final,7.86,AC07_part007_final_ENG.pdf,,6044540,,done
7,Andro,7,7 - Andro (G),BEN,final,8.59,AC07_part007_final_BEN.pdf,,6157047,,done
7,Andro,8,8 - Andro (H),ENG,final,8.11,AC07_part008_final_ENG.pdf,,6230694,,done
7,Andro,8,8 - Andro (H),BEN,final,8.8,AC07_part008_final_BEN.pdf,,6308990,,done
7,Andro,9,9 - Andro (I),ENG,final,8.57,AC07_part009_final_ENG.pdf,,6612221,,done
7,Andro,9,9 - Andro (I),BEN,final,9.4,AC07_part009_final_BEN.pdf,,6757314,,done
7,Andro,10,10 - Andro (J),ENG,final,7.61,AC07_part010_final_ENG.pdf,,5818273,,done
7,Andro,10,10 - Andro (J),BEN,final,8.28,AC07_part010_final_BEN.pdf,,5904872,,done
7,Andro,11,11 - Huikap (A),ENG,final,7.29,AC07_part011_final_ENG.pdf,,5614561,,done
7,Andro,11,11 - Huikap (A),BEN,final,8.09,AC07_part011_final_BEN.pdf,,5791634,,done
7,Andro,12,12 - Huikap (A-1),ENG,final,6.35,AC07_part012_final_ENG.pdf,,4824469,,done
7,Andro,12,12 - Huikap (A-1),BEN,final,7.08,AC07_part012_final_BEN.pdf,,4997836,,done
7,Andro,13,13 - Huikap (B),ENG,final,10.73,AC07_part013_final_ENG.pdf,,8470929,,done
7,Andro,13,13 - Huikap (B),BEN,final,11.91,AC07_part013_final_BEN.pdf,,8759459,,done
7,Andro,14,14 - Angtha (A),ENG,final,9.48,AC07_part014_final_ENG.pdf,,7393657,,done
7,Andro,14,14 - Angtha (A),BEN,final,10.59,AC07_part014_final_BEN.pdf,,7654870,,done
7,Andro,15,15 - Angtha (B),ENG,final,5.86,AC07_part015_final_ENG.pdf,,4451914,,done
7,Andro,15,15 - Angtha (B),BEN,final,6.51,AC07_part015_final_BEN.pdf,,4595433,,done
7,Andro,16,16 - Angtha (B-1),ENG,final,6.6,AC07_part016_final_ENG.pdf,,5047932,,done
7,Andro,16,16 - Angtha (B-1),BEN,final,7.38,AC07_part016_final_BEN.pdf,,5236868,,done
7,Andro,17,17 - Poirou Khongjil (A),ENG,final,7.51,AC07_part017_final_ENG.pdf,,5755743,,done
7,Andro,17,17 - Poirou Khongjil (A),BEN,final,8.34,AC07_part017_final_BEN.pdf,,5927266,,done
7,Andro,18,18 - Poirou Khongjil (B),ENG,final,9.36,AC07_part018_final_ENG.pdf,,7271200,,done
7,Andro,18,18 - Poirou Khongjil (B),BEN,final,10.35,AC07_part018_final_BEN.pdf,,7478637,,done
7,Andro,19,19 - Poirou Khongjil ( C),ENG,final,7.68,AC07_part019_final_ENG.pdf,,5936758,,done
7,Andro,19,19 - Poirou Khongjil ( C),BEN,final,8.52,AC07_part019_final_BEN.pdf,,6115417,,done
7,Andro,20,20 - Tulihal (A),ENG,final,8.42,AC07_part020_final_ENG.pdf,,6687447,,done
7,Andro,20,20 - Tulihal (A),BEN,final,9.45,AC07_part020_final_BEN.pdf,,6973678,,done
7,Andro,21,21 - Tulihal (B),ENG,final,7.91,AC07_part021_final_ENG.pdf,,6202927,,done
7,Andro,21,21 - Tulihal (B),BEN,final,8.83,AC07_part021_final_BEN.pdf,,6447980,,done
7,Andro,22,22 - Tulihal Awang Leikai,ENG,final,11.21,AC07_part022_final_ENG.pdf,,8960767,,done
7,Andro,22,22 - Tulihal Awang Leikai,BEN,final,12.59,AC07_part022_final_BEN.pdf,,9340191,,done
7,Andro,23,23 - Tulihal (D),ENG,final,9.69,AC07_part023_final_ENG.pdf,,7641233,,done
7,Andro,23,23 - Tulihal (D),BEN,final,10.84,AC07_part023_final_BEN.pdf,,7923839,,done
7,Andro,24,24 - Top Chingtha (A),ENG,final,6.27,AC07_part024_final_ENG.pdf,,4740842,,done
7,Andro,24,24 - Top Chingtha (A),BEN,final,6.95,AC07_part024_final_BEN.pdf,,4894415,,done
7,Andro,25,25 - Top Chingtha (A-1),ENG,final,6.46,AC07_part025_final_ENG.pdf,,4988565,,done
7,Andro,25,25 - Top Chingtha (A-1),BEN,final,7.17,AC07_part025_final_BEN.pdf,,5143627,,done
7,Andro,26,26 - Top Chingtha (B),ENG,final,10.11,AC07_part026_final_ENG.pdf,,7958449,,done
7,Andro,26,26 - Top Chingtha (B),BEN,final,11.22,AC07_part026_final_BEN.pdf,,8196347,,done
7,Andro,27,27 - Top Chingtha (C),ENG,final,6.98,AC07_part027_final_ENG.pdf,,5285214,,done
7,Andro,27,27 - Top Chingtha (C),BEN,final,7.68,AC07_part027_final_BEN.pdf,,5431292,,done
7,Andro,28,28 - Top Chingtha (C-1),ENG,final,6.51,AC07_part028_final_ENG.pdf,,4959855,,done
7,Andro,28,28 - Top Chingtha (C-1),BEN,final,7.22,AC07_part028_final_BEN.pdf,,5124185,,done
7,Andro,29,29 - Yambem (A),ENG,final,6.5,AC07_part029_final_ENG.pdf,,5021068,,done
7,Andro,29,29 - Yambem (A),BEN,final,7.23,AC07_part029_final_BEN.pdf,,5213591,,done
7,Andro,30,30 - Yambem (A-1),ENG,final,5.76,AC07_part030_final_ENG.pdf,,4433013,,done
7,Andro,30,30 - Yambem (A-1),BEN,final,6.39,AC07_part030_final_BEN.pdf,,4593371,,done
7,Andro,31,31 - Yambem,ENG,final,8.46,AC07_part031_final_ENG.pdf,,6622276,,done
7,Andro,31,31 - Yambem,BEN,final,9.47,AC07_part031_final_BEN.pdf,,6909062,,done
7,Andro,32,32 - Yambem (C),ENG,final,11.04,AC07_part032_final_ENG.pdf,,8632257,,done
7,Andro,32,32 - Yambem (C),BEN,final,12.24,AC07_part032_final_BEN.pdf,,8888610,,done
7,Andro,33,33 - Yambem (D),ENG,final,9.35,AC07_part033_final_ENG.pdf,,7286641,,done
7,Andro,33,33 - Yambem (D),BEN,final,10.32,AC07_part033_final_BEN.pdf,,7474492,,done
7,Andro,34,34 - Changamdabi (A),ENG,final,9.44,AC07_part034_final_ENG.pdf,,7424412,,done
7,Andro,34,34 - Changamdabi (A),BEN,final,10.54,AC07_part034_final_BEN.pdf,,7704962,,done
7,Andro,35,35 - Changamdabi (B),ENG,final,10.05,AC07_part035_final_ENG.pdf,,7990206,,done
7,Andro,35,35 - Changamdabi (B),BEN,final,11.23,AC07_part035_final_BEN.pdf,,8300491,,done
7,Andro,36,36 - Changamdabi (C),ENG,final,7.29,AC07_part036_final_ENG.pdf,,5681280,,done
7,Andro,36,36 - Changamdabi (C),BEN,final,8.15,AC07_part036_final_BEN.pdf,,5923730,,done
7,Andro,37,37 - Changamdabi (C-1),ENG,final,5.95,AC07_part037_final_ENG.pdf,,4594314,,done
7,Andro,37,37 - Changamdabi (C-1),BEN,final,6.64,AC07_part037_final_BEN.pdf,,4782298,,done
7,Andro,38,38 - Changamdabi (D),ENG,final,10.32,AC07_part038_final_ENG.pdf,,8135964,,done
7,Andro,38,38 - Changamdabi (D),BEN,final,11.49,AC07_part038_final_BEN.pdf,,8432712,,done
7,Andro,39,39 - Nungbrang,ENG,final,8.79,AC07_part039_final_ENG.pdf,,6856201,,done
7,Andro,39,39 - Nungbrang,BEN,final,9.7,AC07_part039_final_BEN.pdf,,7031783,,done
7,Andro,40,40 - Keithelmanbi,ENG,final,6.58,AC07_part040_final_ENG.pdf,,5030435,,done
7,Andro,40,40 - Keithelmanbi,BEN,final,7.25,AC07_part040_final_BEN.pdf,,5157647,,done
7,Andro,41,41 - Moirangpurel(A),ENG,final,6.26,AC07_part041_final_ENG.pdf,,4766999,,done
7,Andro,41,41 - Moirangpurel(A),BEN,final,6.94,AC07_part041_final_BEN.pdf,,4912316,,done
7,Andro,42,42 - Tumukhong,ENG,final,5.84,AC07_part042_final_ENG.pdf,,4406565,,done
7,Andro,42,42 - Tumukhong,BEN,final,6.45,AC07_part042_final_BEN.pdf,,4536777,,done
7,Andro,43,43 - Moirangpurel(B),ENG,final,6.19,AC07_part043_final_ENG.pdf,,4729752,,done
7,Andro,43,43 - Moirangpurel(B),BEN,final,6.87,AC07_part043_final_BEN.pdf,,4876014,,done
7,Andro,44,44 - Itham,ENG,final,5.58,AC07_part044_final_ENG.pdf,,4252374,,done
7,Andro,44,44 - Itham,BEN,final,6.15,AC07_part044_final_BEN.pdf,,4359816,,done
8,Lamlai,1,1 - Sawombung,ENG,final,9.96,AC08_part001_final_ENG.pdf,,7820176,,done
8,Lamlai,1,1 - Sawombung,BEN,final,10.97,AC08_part001_final_BEN.pdf,,8020352,,done
8,Lamlai,2,2 - Sawombung Kabui,ENG,final,7.12,AC08_part002_final_ENG.pdf,,5556143,,done
8,Lamlai,2,2 - Sawombung Kabui,BEN,final,7.87,AC08_part002_final_BEN.pdf,,5694800,,done
8,Lamlai,3,3 - Itam Nungoi,ENG,final,7.14,AC08_part003_final_ENG.pdf,,5463637,,done
8,Lamlai,3,3 - Itam Nungoi,BEN,final,7.86,AC08_part003_final_BEN.pdf,,5610233,,done
8,Lamlai,4,4 - Sekta Awang Leikai,ENG,final,9.23,AC08_part004_final_ENG.pdf,,7259368,,done
8,Lamlai,4,4 - Sekta Awang Leikai,BEN,final,10.25,AC08_part004_final_BEN.pdf,,7478549,,done
8,Lamlai,5,5 - Huidrom,ENG,final,5.02,AC08_part005_final_ENG.pdf,,3841240,,done
8,Lamlai,5,5 - Huidrom,BEN,final,5.62,AC08_part005_final_BEN.pdf,,3972361,,done
8,Lamlai,6,6 - Sekta Mayai Leikai,ENG,final,5.87,AC08_part006_final_ENG.pdf,,4542109,,done
8,Lamlai,6,6 - Sekta Mayai Leikai,BEN,final,6.48,AC08_part006_final_BEN.pdf,,4663278,,done
8,Lamlai,7,7 - Sekta Makha Leikai,ENG,final,6.84,AC08_part007_final_ENG.pdf,,5275490,,done
8,Lamlai,7,7 - Sekta Makha Leikai,BEN,final,7.51,AC08_part007_final_BEN.pdf,,5407235,,done
8,Lamlai,8,8 - Pungdongbam Awang Mamang Leikai,ENG,final,6.19,AC08_part008_final_ENG.pdf,,4754735,,done
8,Lamlai,8,8 - Pungdongbam Awang Mamang Leikai,BEN,final,6.84,AC08_part008_final_BEN.pdf,,4884368,,done
8,Lamlai,9,9 - Pungdongbam Awang Maning Leikai,ENG,final,7.24,AC08_part009_final_ENG.pdf,,5623088,,done
8,Lamlai,9,9 - Pungdongbam Awang Maning Leikai,BEN,final,7.96,AC08_part009_final_BEN.pdf,,5752291,,done
8,Lamlai,10,10 - Pungdongbam Makha Leikai,ENG,final,7.05,AC08_part010_final_ENG.pdf,,5487249,,done
8,Lamlai,10,10 - Pungdongbam Makha Leikai,BEN,final,7.84,AC08_part010_final_BEN.pdf,,5660996,,done
8,Lamlai,11,11 - Kharasom,ENG,final,5.0,AC08_part011_final_ENG.pdf,,3831269,,done
8,Lamlai,11,11 - Kharasom,BEN,final,5.55,AC08_part011_final_BEN.pdf,,3955772,,done
8,Lamlai,12,12 - Nungoi,ENG,final,9.21,AC08_part012_final_ENG.pdf,,7289332,,done
8,Lamlai,12,12 - Nungoi,BEN,final,10.2,AC08_part012_final_BEN.pdf,,7495218,,done
8,Lamlai,13,13 - Yourbung Mayai Leikai,ENG,final,6.16,AC08_part013_final_ENG.pdf,,4716738,,done
8,Lamlai,13,13 - Yourbung Mayai Leikai,BEN,final,6.81,AC08_part013_final_BEN.pdf,,4858558,,done
8,Lamlai,14,14 - Yourbung Maning Leikai,ENG,final,8.22,AC08_part014_final_ENG.pdf,,6393491,,done
8,Lamlai,14,14 - Yourbung Maning Leikai,BEN,final,9.07,AC08_part014_final_BEN.pdf,,6553477,,done
8,Lamlai,15,15 - Chalou,ENG,final,7.43,AC08_part015_final_ENG.pdf,,5776608,,done
8,Lamlai,15,15 - Chalou,BEN,final,8.24,AC08_part015_final_BEN.pdf,,5962403,,done
8,Lamlai,16,16 - Napet,ENG,final,6.08,AC08_part016_final_ENG.pdf,,4657054,,done
8,Lamlai,16,16 - Napet,BEN,final,6.71,AC08_part016_final_BEN.pdf,,4800152,,done
8,Lamlai,17,17 - Lamlai Awang Leikai,ENG,final,6.32,AC08_part017_final_ENG.pdf,,4832160,,done
8,Lamlai,17,17 - Lamlai Awang Leikai,BEN,final,6.99,AC08_part017_final_BEN.pdf,,4972022,,done
8,Lamlai,18,18 - Lamlai Mayai Leikai,ENG,final,9.6,AC08_part018_final_ENG.pdf,,7587703,,done
8,Lamlai,18,18 - Lamlai Mayai Leikai,BEN,final,10.73,AC08_part018_final_BEN.pdf,,7862720,,done
8,Lamlai,19,19 - Lamlai Makha Leikai,ENG,final,5.91,AC08_part019_final_ENG.pdf,,4541396,,done
8,Lamlai,19,19 - Lamlai Makha Leikai,BEN,final,6.54,AC08_part019_final_BEN.pdf,,4678166,,done
8,Lamlai,20,20 - Leimakhong Mapal,ENG,final,5.45,AC08_part020_final_ENG.pdf,,4106829,,done
8,Lamlai,20,20 - Leimakhong Mapal,BEN,final,5.96,AC08_part020_final_BEN.pdf,,4202412,,done
8,Lamlai,21,21 - Tellou,ENG,final,7.52,AC08_part021_final_ENG.pdf,,5882280,,done
8,Lamlai,21,21 - Tellou,BEN,final,8.34,AC08_part021_final_BEN.pdf,,6071157,,done
8,Lamlai,22,22 - Chana,ENG,final,4.93,AC08_part022_final_ENG.pdf,,3772913,,done
8,Lamlai,22,22 - Chana,BEN,final,5.45,AC08_part022_final_BEN.pdf,,3880946,,done
8,Lamlai,23,23 - Seijang Makha Leikai,ENG,final,7.09,AC08_part023_final_ENG.pdf,,5527665,,done
8,Lamlai,23,23 - Seijang Makha Leikai,BEN,final,7.78,AC08_part023_final_BEN.pdf,,5663753,,done
8,Lamlai,24,24 - Seijang Awang Leikai,ENG,final,6.51,AC08_part024_final_ENG.pdf,,5079484,,done
8,Lamlai,24,24 - Seijang Awang Leikai,BEN,final,7.22,AC08_part024_final_BEN.pdf,,5233537,,done
8,Lamlai,25,25 - Sabungkhok,ENG,final,9.89,AC08_part025_final_ENG.pdf,,7818875,,done
8,Lamlai,25,25 - Sabungkhok,BEN,final,10.94,AC08_part025_final_BEN.pdf,,8045451,,done
8,Lamlai,26,26 - Yaingangpokpi,ENG,final,10.3,AC08_part026_final_ENG.pdf,,8142880,,done
8,Lamlai,26,26 - Yaingangpokpi,BEN,final,11.43,AC08_part026_final_BEN.pdf,,8394612,,done
8,Lamlai,27,27 - Thamnapokpi,ENG,final,6.99,AC08_part027_final_ENG.pdf,,5449828,,done
8,Lamlai,27,27 - Thamnapokpi,BEN,final,7.75,AC08_part027_final_BEN.pdf,,5609711,,done
8,Lamlai,28,28 - Kameng,ENG,final,8.45,AC08_part028_final_ENG.pdf,,6543812,,done
8,Lamlai,28,28 - Kameng,BEN,final,9.32,AC08_part028_final_BEN.pdf,,6725202,,done
8,Lamlai,29,29 - Nongada Awang Leikai,ENG,final,5.28,AC08_part029_final_ENG.pdf,,3970999,,done
8,Lamlai,29,29 - Nongada Awang Leikai,BEN,final,5.82,AC08_part029_final_BEN.pdf,,4079199,,done
8,Lamlai,30,30 - Nongren (A),ENG,final,9.75,AC08_part030_final_ENG.pdf,,7771987,,done
8,Lamlai,30,30 - Nongren (A),BEN,final,10.83,AC08_part030_final_BEN.pdf,,8029758,,done
8,Lamlai,31,31 - Nongren (B),ENG,final,6.98,AC08_part031_final_ENG.pdf,,5458698,,done
8,Lamlai,31,31 - Nongren (B),BEN,final,7.67,AC08_part031_final_BEN.pdf,,5590281,,done
8,Lamlai,32,32 - Nongdam,ENG,final,6.18,AC08_part032_final_ENG.pdf,,4744375,,done
8,Lamlai,32,32 - Nongdam,BEN,final,6.79,AC08_part032_final_BEN.pdf,,4859101,,done
8,Lamlai,33,33 - Oksu,ENG,final,6.14,AC08_part033_final_ENG.pdf,,4688291,,done
8,Lamlai,33,33 - Oksu,BEN,final,6.75,AC08_part033_final_BEN.pdf,,4812991,,done
8,Lamlai,34,34 - Takhel Makha Leikai,ENG,final,10.48,AC08_part034_final_ENG.pdf,,8302530,,done
8,Lamlai,34,34 - Takhel Makha Leikai,BEN,final,11.62,AC08_part034_final_BEN.pdf,,8545610,,done
8,Lamlai,35,35 - Takhel Mamang Leikai,ENG,final,6.08,AC08_part035_final_ENG.pdf,,4663306,,done
8,Lamlai,35,35 - Takhel Mamang Leikai,BEN,final,6.69,AC08_part035_final_BEN.pdf,,4776704,,done
8,Lamlai,36,36 - Kanghuchingjil,ENG,final,5.18,AC08_part036_final_ENG.pdf,,3945441,,done
8,Lamlai,36,36 - Kanghuchingjil,BEN,final,5.7,AC08_part036_final_BEN.pdf,,4054432,,done
8,Lamlai,37,37 - Sanjenbam Khunou,ENG,final,7.97,AC08_part037_final_ENG.pdf,,6250156,,done
8,Lamlai,37,37 - Sanjenbam Khunou,BEN,final,8.81,AC08_part037_final_BEN.pdf,,6431862,,done
8,Lamlai,38,38 - Sanjenbam Khulen,ENG,final,7.08,AC08_part038_final_ENG.pdf,,5487060,,done
8,Lamlai,38,38 - Sanjenbam Khulen,BEN,final,7.8,AC08_part038_final_BEN.pdf,,5637850,,done
8,Lamlai,39,39 - Heirok,ENG,final,9.42,AC08_part039_final_ENG.pdf,,7537017,,done
8,Lamlai,39,39 - Heirok,BEN,final,10.43,AC08_part039_final_BEN.pdf,,7762819,,done
8,Lamlai,40,40 - Terakhong,ENG,final,6.8,AC08_part040_final_ENG.pdf,,5333514,,done
8,Lamlai,40,40 - Terakhong,BEN,final,7.59,AC08_part040_final_BEN.pdf,,5531389,,done
9,Thangmeiband,1,1 - Thangmeiband Sinam Leikai(West),ENG,final,9.54,AC09_part001_final_ENG.pdf,,7389631,,done
9,Thangmeiband,1,1 - Thangmeiband Sinam Leikai(West),BEN,final,10.6,AC09_part001_final_BEN.pdf,,7615909,,done
9,Thangmeiband,2,2 - Thangmeiband Sinam Leikai (East),ENG,final,6.85,AC09_part002_final_ENG.pdf,,5177984,,done
9,Thangmeiband,2,2 - Thangmeiband Sinam Leikai (East),BEN,final,7.58,AC09_part002_final_BEN.pdf,,5325273,,done
9,Thangmeiband,3,3 - Langol Tarung,ENG,final,7.9,AC09_part003_final_ENG.pdf,,6173137,,done
9,Thangmeiband,3,3 - Langol Tarung,BEN,final,8.77,AC09_part003_final_BEN.pdf,,6363471,,done
9,Thangmeiband,4,4 - Guigailong,ENG,final,3.38,AC09_part004_final_ENG.pdf,,2364017,,done
9,Thangmeiband,4,4 - Guigailong,BEN,final,3.7,AC09_part004_final_BEN.pdf,,2429377,,done
9,Thangmeiband,5,5 - Tharon,ENG,final,6.49,AC09_part005_final_ENG.pdf,,5003047,,done
9,Thangmeiband,5,5 - Tharon,BEN,final,7.23,AC09_part005_final_BEN.pdf,,5171065,,done
9,Thangmeiband,6,6 - Muchi Khul,ENG,final,6.21,AC09_part006_final_ENG.pdf,,4743932,,done
9,Thangmeiband,6,6 - Muchi Khul,BEN,final,6.88,AC09_part006_final_BEN.pdf,,4879132,,done
9,Thangmeiband,7,7 - Thangmeiband Yumnam Leikai (A),ENG,final,7.69,AC09_part007_final_ENG.pdf,,5943160,,done
9,Thangmeiband,7,7 - Thangmeiband Yumnam Leikai (A),BEN,final,8.48,AC09_part007_final_BEN.pdf,,6088356,,done
9,Thangmeiband,8,8 - Thangmeiband Yumnam Leikai (B),ENG,final,7.77,AC09_part008_final_ENG.pdf,,6019508,,done
9,Thangmeiband,8,8 - Thangmeiband Yumnam Leikai (B),BEN,final,8.61,AC09_part008_final_BEN.pdf,,6186134,,done
9,Thangmeiband,9,9 - Thangmeiband Yumnam Leikai (C),ENG,final,5.7,AC09_part009_final_ENG.pdf,,4281053,,done
9,Thangmeiband,9,9 - Thangmeiband Yumnam Leikai (C),BEN,final,6.27,AC09_part009_final_BEN.pdf,,4393948,,done
9,Thangmeiband,10,10 - Thangmeiband Lairenhanjaba Leikai (A),ENG,final,7.22,AC09_part010_final_ENG.pdf,,5492251,,done
9,Thangmeiband,10,10 - Thangmeiband Lairenhanjaba Leikai (A),BEN,final,7.99,AC09_part010_final_BEN.pdf,,5646383,,done
9,Thangmeiband,11,11 - Thangmeiband Lairenhanjaba Leikai (B),ENG,final,5.3,AC09_part011_final_ENG.pdf,,3951007,,done
9,Thangmeiband,11,11 - Thangmeiband Lairenhanjaba Leikai (B),BEN,final,5.81,AC09_part011_final_BEN.pdf,,4042931,,done
9,Thangmeiband,12,12 - Thangmeiband Maisnam Leikai (A),ENG,final,9.03,AC09_part012_final_ENG.pdf,,6950093,,done
9,Thangmeiband,12,12 - Thangmeiband Maisnam Leikai (A),BEN,final,9.96,AC09_part012_final_BEN.pdf,,7136443,,done
9,Thangmeiband,13,13 - Thangmeiband Maisnam Leikai (B),ENG,final,5.45,AC09_part013_final_ENG.pdf,,4062669,,done
9,Thangmeiband,13,13 - Thangmeiband Maisnam Leikai (B),BEN,final,5.96,AC09_part013_final_BEN.pdf,,4148114,,done
9,Thangmeiband,14,14 - Thangmeiband Hijam Leikai (A),ENG,final,8.44,AC09_part014_final_ENG.pdf,,6510013,,done
9,Thangmeiband,14,14 - Thangmeiband Hijam Leikai (A),BEN,final,9.33,AC09_part014_final_BEN.pdf,,6687090,,done
9,Thangmeiband,15,15 - Thangmeiband Hijam Leikai (B),ENG,final,6.96,AC09_part015_final_ENG.pdf,,5308353,,done
9,Thangmeiband,15,15 - Thangmeiband Hijam Leikai (B),BEN,final,7.72,AC09_part015_final_BEN.pdf,,5479340,,done
9,Thangmeiband,16,16 - Thangmeiband Polem Leikai (A),ENG,final,6.61,AC09_part016_final_ENG.pdf,,5032622,,done
9,Thangmeiband,16,16 - Thangmeiband Polem Leikai (A),BEN,final,7.35,AC09_part016_final_BEN.pdf,,5202086,,done
9,Thangmeiband,17,17 - Thangmeiband Polem Leikai (B),ENG,final,9.05,AC09_part017_final_ENG.pdf,,7004375,,done
9,Thangmeiband,17,17 - Thangmeiband Polem Leikai (B),BEN,final,10.04,AC09_part017_final_BEN.pdf,,7209868,,done
9,Thangmeiband,18,18 - D. M. College Campus (A),ENG,final,7.54,AC09_part018_final_ENG.pdf,,5766259,,done
9,Thangmeiband,18,18 - D. M. College Campus (A),BEN,final,8.26,AC09_part018_final_BEN.pdf,,5896578,,done
9,Thangmeiband,19,19 - D. M. College Campus (B),ENG,final,5.39,AC09_part019_final_ENG.pdf,,4012974,,done
9,Thangmeiband,19,19 - D. M. College Campus (B),BEN,final,5.9,AC09_part019_final_BEN.pdf,,4121180,,done
9,Thangmeiband,20,20 - D. M. College Campus (C),ENG,final,7.23,AC09_part020_final_ENG.pdf,,5582044,,done
9,Thangmeiband,20,20 - D. M. College Campus (C),BEN,final,8.01,AC09_part020_final_BEN.pdf,,5742873,,done
9,Thangmeiband,21,21 - D. M. College Campus (D),ENG,final,5.73,AC09_part021_final_ENG.pdf,,4322415,,done
9,Thangmeiband,21,21 - D. M. College Campus (D),BEN,final,6.29,AC09_part021_final_BEN.pdf,,4427052,,done
9,Thangmeiband,22,22 - D.M. College Campus (E),ENG,final,6.18,AC09_part022_final_ENG.pdf,,4733596,,done
9,Thangmeiband,22,22 - D.M. College Campus (E),BEN,final,6.85,AC09_part022_final_BEN.pdf,,4867682,,done
9,Thangmeiband,23,23 - Thangmeiband Lamabam Leikai (A),ENG,final,8.33,AC09_part023_final_ENG.pdf,,6434518,,done
9,Thangmeiband,23,23 - Thangmeiband Lamabam Leikai (A),BEN,final,9.22,AC09_part023_final_BEN.pdf,,6626409,,done
9,Thangmeiband,24,24 - Thangmeiband Polem Leikai,ENG,final,9.04,AC09_part024_final_ENG.pdf,,7000779,,done
9,Thangmeiband,24,24 - Thangmeiband Polem Leikai,BEN,final,10.05,AC09_part024_final_BEN.pdf,,7221049,,done
9,Thangmeiband,25,25 - Thangmeiband Lamabam Leikai (B),ENG,final,5.72,AC09_part025_final_ENG.pdf,,4314522,,done
9,Thangmeiband,25,25 - Thangmeiband Lamabam Leikai (B),BEN,final,6.31,AC09_part025_final_BEN.pdf,,4431132,,done
9,Thangmeiband,26,26 - Thangmeiband Hijam Dewan Leikai (A),ENG,final,7.32,AC09_part026_final_ENG.pdf,,5604552,,done
9,Thangmeiband,26,26 - Thangmeiband Hijam Dewan Leikai (A),BEN,final,8.16,AC09_part026_final_BEN.pdf,,5788870,,done
9,Thangmeiband,27,27 - Thangmeiband Hijam Dewan Leikai (B),ENG,final,6.7,AC09_part027_final_ENG.pdf,,5064629,,done
9,Thangmeiband,27,27 - Thangmeiband Hijam Dewan Leikai (B),BEN,final,7.44,AC09_part027_final_BEN.pdf,,5224687,,done
9,Thangmeiband,28,28 - Thangmeiband Khomdram Selungba Leikai,ENG,final,6.1,AC09_part028_final_ENG.pdf,,4676714,,done
9,Thangmeiband,28,28 - Thangmeiband Khomdram Selungba Leikai,BEN,final,6.75,AC09_part028_final_BEN.pdf,,4815409,,done
9,Thangmeiband,29,29 - Thangmeiband Hijam Dewan Leikai (C),ENG,final,7.39,AC09_part029_final_ENG.pdf,,5668254,,done
9,Thangmeiband,29,29 - Thangmeiband Hijam Dewan Leikai (C),BEN,final,8.19,AC09_part029_final_BEN.pdf,,5838701,,done
9,Thangmeiband,30,30 - Lalambung Makhong (A),ENG,final,5.18,AC09_part030_final_ENG.pdf,,3858850,,done
9,Thangmeiband,30,30 - Lalambung Makhong (A),BEN,final,5.67,AC09_part030_final_BEN.pdf,,3938425,,done
9,Thangmeiband,31,31 - Lalambung Makhong (B),ENG,final,5.6,AC09_part031_final_ENG.pdf,,4189332,,done
9,Thangmeiband,31,31 - Lalambung Makhong (B),BEN,final,6.18,AC09_part031_final_BEN.pdf,,4306639,,done
9,Thangmeiband,32,32 - Lalambung Makhong (C),ENG,final,5.98,AC09_part032_final_ENG.pdf,,4543794,,done
9,Thangmeiband,32,32 - Lalambung Makhong (C),BEN,final,6.64,AC09_part032_final_BEN.pdf,,4697758,,done
9,Thangmeiband,33,33 - Lalambung Makhong (D),ENG,final,6.31,AC09_part033_final_ENG.pdf,,4802502,,done
9,Thangmeiband,33,33 - Lalambung Makhong (D),BEN,final,6.99,AC09_part033_final_BEN.pdf,,4950416,,done
9,Thangmeiband,34,34 - Lalambung Makhong (E),ENG,final,7.69,AC09_part034_final_ENG.pdf,,5921905,,done
9,Thangmeiband,34,34 - Lalambung Makhong (E),BEN,final,8.49,AC09_part034_final_BEN.pdf,,6084057,,done
9,Thangmeiband,35,35 - Lalambung Makhong (F),ENG,final,6.42,AC09_part035_final_ENG.pdf,,4869935,,done
9,Thangmeiband,35,35 - Lalambung Makhong (F),BEN,final,7.09,AC09_part035_final_BEN.pdf,,5019646,,done
9,Thangmeiband,36,36 - Thangal Bazar Part-1(A),ENG,final,4.51,AC09_part036_final_ENG.pdf,,3326455,,done
9,Thangmeiband,36,36 - Thangal Bazar Part-1(A),BEN,final,4.94,AC09_part036_final_BEN.pdf,,3420336,,done
9,Thangmeiband,37,37 - Thangal Bazar Part-1(B),ENG,final,5.85,AC09_part037_final_ENG.pdf,,4425345,,done
9,Thangmeiband,37,37 - Thangal Bazar Part-1(B),BEN,final,6.45,AC09_part037_final_BEN.pdf,,4560895,,done
9,Thangmeiband,38,38 - Thangal Bazar Part-2(A),ENG,final,6.28,AC09_part038_final_ENG.pdf,,4791600,,done
9,Thangmeiband,38,38 - Thangal Bazar Part-2(A),BEN,final,6.96,AC09_part038_final_BEN.pdf,,4950315,,done
9,Thangmeiband,39,39 - Thangal Bazar Part-2(B),ENG,final,6.3,AC09_part039_final_ENG.pdf,,4799363,,done
9,Thangmeiband,39,39 - Thangal Bazar Part-2(B),BEN,final,7.0,AC09_part039_final_BEN.pdf,,4968394,,done
9,Thangmeiband,40,40 - Thangal Bazar Part-3 (A),ENG,final,3.85,AC09_part040_final_ENG.pdf,,2782559,,done
9,Thangmeiband,40,40 - Thangal Bazar Part-3 (A),BEN,final,4.21,AC09_part040_final_BEN.pdf,,2855073,,done
9,Thangmeiband,41,41 - Thangal Bazar Part-3 (B),ENG,final,3.7,AC09_part041_final_ENG.pdf,,2618481,,done
9,Thangmeiband,41,41 - Thangal Bazar Part-3 (B),BEN,final,4.04,AC09_part041_final_BEN.pdf,,2682446,,done
9,Thangmeiband,42,42 - Major Khul,ENG,final,6.73,AC09_part042_final_ENG.pdf,,5189502,,done
9,Thangmeiband,42,42 - Major Khul,BEN,final,7.43,AC09_part042_final_BEN.pdf,,5349709,,done
10,Uripok,1,1 - Iroishemba,ENG,final,9.21,AC10_part001_final_ENG.pdf,,7191108,,done
10,Uripok,1,1 - Iroishemba,BEN,final,10.27,AC10_part001_final_BEN.pdf,,7445868,,done
10,Uripok,2,2 - Langol Lairembi Leikai,ENG,final,9.15,AC10_part002_final_ENG.pdf,,7048632,,done
10,Uripok,2,2 - Langol Lairembi Leikai,BEN,final,10.23,AC10_part002_final_BEN.pdf,,7314251,,done
10,Uripok,3,3 - Langol Aying Leikai,ENG,final,5.93,AC10_part003_final_ENG.pdf,,4381145,,done
10,Uripok,3,3 - Langol Aying Leikai,BEN,final,6.57,AC10_part003_final_BEN.pdf,,4529081,,done
10,Uripok,4,"4 - Phaipijang, Langol",ENG,final,7.19,AC10_part004_final_ENG.pdf,,5432521,,done
10,Uripok,4,"4 - Phaipijang, Langol",BEN,final,8.06,AC10_part004_final_BEN.pdf,,5660376,,done
10,Uripok,5,5 - Langol Ningthou,ENG,final,9.49,AC10_part005_final_ENG.pdf,,7324105,,done
10,Uripok,5,5 - Langol Ningthou,BEN,final,10.59,AC10_part005_final_BEN.pdf,,7592251,,done
10,Uripok,6,6 - Iroishemba Mamang Leikai,ENG,final,5.49,AC10_part006_final_ENG.pdf,,4070009,,done
10,Uripok,6,6 - Iroishemba Mamang Leikai,BEN,final,6.05,AC10_part006_final_BEN.pdf,,4194497,,done
10,Uripok,7,7 - Iroishemba Mayai Leikai,ENG,final,6.81,AC10_part007_final_ENG.pdf,,5175088,,done
10,Uripok,7,7 - Iroishemba Mayai Leikai,BEN,final,7.58,AC10_part007_final_BEN.pdf,,5371701,,done
10,Uripok,8,8 - Lamboikhongnangkhong (A),ENG,final,9.03,AC10_part008_final_ENG.pdf,,7005911,,done
10,Uripok,8,8 - Lamboikhongnangkhong (A),BEN,final,10.02,AC10_part008_final_BEN.pdf,,7232388,,done
10,Uripok,9,9 - Lamboikhongnangkhong (B),ENG,final,9.5,AC10_part009_final_ENG.pdf,,7371428,,done
10,Uripok,9,9 - Lamboikhongnangkhong (B),BEN,final,10.56,AC10_part009_final_BEN.pdf,,7610933,,done
10,Uripok,10,10 - Uripok Naoremthong (A),ENG,final,8.35,AC10_part010_final_ENG.pdf,,6452132,,done
10,Uripok,10,10 - Uripok Naoremthong (A),BEN,final,9.33,AC10_part010_final_BEN.pdf,,6679756,,done
10,Uripok,11,11 - Uripok Naoremthong (B),ENG,final,5.86,AC10_part011_final_ENG.pdf,,4360464,,done
10,Uripok,11,11 - Uripok Naoremthong (B),BEN,final,6.49,AC10_part011_final_BEN.pdf,,4499271,,done
10,Uripok,12,12 - Uripok Naoremthong (C),ENG,final,5.06,AC10_part012_final_ENG.pdf,,3789721,,done
10,Uripok,12,12 - Uripok Naoremthong (C),BEN,final,5.59,AC10_part012_final_BEN.pdf,,3910811,,done
10,Uripok,13,13 - Lamphel Sana Keithel Makha,ENG,final,4.07,AC10_part013_final_ENG.pdf,,2909958,,done
10,Uripok,13,13 - Lamphel Sana Keithel Makha,BEN,final,4.48,AC10_part013_final_BEN.pdf,,2996985,,done
10,Uripok,14,14 - Lamphel Sana Keithel Awang,ENG,final,6.63,AC10_part014_final_ENG.pdf,,4973172,,done
10,Uripok,14,14 - Lamphel Sana Keithel Awang,BEN,final,7.35,AC10_part014_final_BEN.pdf,,5138270,,done
10,Uripok,15,15 - Uripok Polem Leikai,ENG,final,8.27,AC10_part015_final_ENG.pdf,,6340721,,done
10,Uripok,15,15 - Uripok Polem Leikai,BEN,final,9.22,AC10_part015_final_BEN.pdf,,6564351,,done
10,Uripok,16,16 - Uripok Yambem Leikai,ENG,final,8.22,AC10_part016_final_ENG.pdf,,6291156,,done
10,Uripok,16,16 - Uripok Yambem Leikai,BEN,final,9.14,AC10_part016_final_BEN.pdf,,6502167,,done
10,Uripok,17,17 - Uripok Khumanthem Leikai,ENG,final,5.99,AC10_part017_final_ENG.pdf,,4530678,,done
10,Uripok,17,17 - Uripok Khumanthem Leikai,BEN,final,6.66,AC10_part017_final_BEN.pdf,,4689209,,done
10,Uripok,18,18 - Uripok Achom Leikai (A),ENG,final,8.66,AC10_part018_final_ENG.pdf,,6675171,,done
10,Uripok,18,18 - Uripok Achom Leikai (A),BEN,final,9.6,AC10_part018_final_BEN.pdf,,6874140,,done
10,Uripok,19,19 - Uripok Achom Leikai (B),ENG,final,4.33,AC10_part019_final_ENG.pdf,,3095284,,done
10,Uripok,19,19 - Uripok Achom Leikai (B),BEN,final,4.78,AC10_part019_final_BEN.pdf,,3193815,,done
10,Uripok,20,20 - Uripok Khaidem Leikai,ENG,final,7.87,AC10_part020_final_ENG.pdf,,5992475,,done
10,Uripok,20,20 - Uripok Khaidem Leikai,BEN,final,8.77,AC10_part020_final_BEN.pdf,,6207727,,done
10,Uripok,21,21 - Uripok Ahanthem Leikai,ENG,final,7.46,AC10_part021_final_ENG.pdf,,5673980,,done
10,Uripok,21,21 - Uripok Ahanthem Leikai,BEN,final,8.3,AC10_part021_final_BEN.pdf,,5863625,,done
10,Uripok,22,22 - Uripok Khoisnam Leikai (A),ENG,final,8.02,AC10_part022_final_ENG.pdf,,6048566,,done
10,Uripok,22,22 - Uripok Khoisnam Leikai (A),BEN,final,8.85,AC10_part022_final_BEN.pdf,,6236957,,done
10,Uripok,23,23 - Uripok Khoisnam Leikai (B),ENG,final,7.46,AC10_part023_final_ENG.pdf,,5648856,,done
10,Uripok,23,23 - Uripok Khoisnam Leikai (B),BEN,final,8.28,AC10_part023_final_BEN.pdf,,5839687,,done
10,Uripok,24,24 - Uripok Sorbon Thingel Kabrabam Leikai,ENG,final,9.02,AC10_part024_final_ENG.pdf,,6945571,,done
10,Uripok,24,24 - Uripok Sorbon Thingel Kabrabam Leikai,BEN,final,10.01,AC10_part024_final_BEN.pdf,,7170372,,done
10,Uripok,25,25 - Uripok Sorbon Thingel Leirak,ENG,final,10.69,AC10_part025_final_ENG.pdf,,8342956,,done
10,Uripok,25,25 - Uripok Sorbon Thingel Leirak,BEN,final,11.95,AC10_part025_final_BEN.pdf,,8654897,,done
10,Uripok,26,26 - Uripok Bachaspati Leikai (A),ENG,final,7.36,AC10_part026_final_ENG.pdf,,5695963,,done
10,Uripok,26,26 - Uripok Bachaspati Leikai (A),BEN,final,8.12,AC10_part026_final_BEN.pdf,,5854039,,done
10,Uripok,27,27 - Uripok Bachaspati Leikai (B),ENG,final,6.71,AC10_part027_final_ENG.pdf,,5105874,,done
10,Uripok,27,27 - Uripok Bachaspati Leikai (B),BEN,final,7.45,AC10_part027_final_BEN.pdf,,5270092,,done
10,Uripok,28,28 - Uripok Bachaspati Leikai (C),ENG,final,7.88,AC10_part028_final_ENG.pdf,,6081386,,done
10,Uripok,28,28 - Uripok Bachaspati Leikai (C),BEN,final,8.79,AC10_part028_final_BEN.pdf,,6296924,,done
10,Uripok,29,29 - Uripok Khwai Brahmapur (A),ENG,final,5.26,AC10_part029_final_ENG.pdf,,3817701,,done
10,Uripok,29,29 - Uripok Khwai Brahmapur (A),BEN,final,5.77,AC10_part029_final_BEN.pdf,,3919943,,done
10,Uripok,30,30 - Nagamapal Singjubung Leirak,ENG,final,6.54,AC10_part030_final_ENG.pdf,,4940380,,done
10,Uripok,30,30 - Nagamapal Singjubung Leirak,BEN,final,7.23,AC10_part030_final_BEN.pdf,,5090453,,done
10,Uripok,31,31 - Uripok Khwai Brahmapur (B),ENG,final,8.2,AC10_part031_final_ENG.pdf,,6188826,,done
10,Uripok,31,31 - Uripok Khwai Brahmapur (B),BEN,final,9.06,AC10_part031_final_BEN.pdf,,6378020,,done
10,Uripok,32,32 - Singjubung Leirak,ENG,final,6.83,AC10_part032_final_ENG.pdf,,5139198,,done
10,Uripok,32,32 - Singjubung Leirak,BEN,final,7.56,AC10_part032_final_BEN.pdf,,5302647,,done
10,Uripok,33,33 - Sorbol Thingel (A),ENG,final,6.6,AC10_part033_final_ENG.pdf,,4946592,,done
10,Uripok,33,33 - Sorbol Thingel (A),BEN,final,7.31,AC10_part033_final_BEN.pdf,,5111843,,done
10,Uripok,34,34 - Uripok Tourangbam Leikai,ENG,final,6.59,AC10_part034_final_ENG.pdf,,4994656,,done
10,Uripok,34,34 - Uripok Tourangbam Leikai,BEN,final,7.27,AC10_part034_final_BEN.pdf,,5143569,,done
10,Uripok,35,35 - Sorbol Thingel,ENG,final,5.93,AC10_part035_final_ENG.pdf,,4385759,,done
10,Uripok,35,35 - Sorbol Thingel,BEN,final,6.59,AC10_part035_final_BEN.pdf,,4544833,,done
11,Sagolband,1,1 - Sagolband Tera Amudon (A),ENG,final,8.49,AC11_part001_final_ENG.pdf,,6510627,,done
11,Sagolband,1,1 - Sagolband Tera Amudon (A),BEN,final,9.47,AC11_part001_final_BEN.pdf,,6752676,,done
11,Sagolband,2,2 - Sagolband Tera Amudon (B),ENG,final,5.19,AC11_part002_final_ENG.pdf,,3801404,,done
11,Sagolband,2,2 - Sagolband Tera Amudon (B),BEN,final,5.68,AC11_part002_final_BEN.pdf,,3889171,,done
11,Sagolband,3,3 - Bijoy Govinda (A),ENG,final,8.89,AC11_part003_final_ENG.pdf,,6919707,,done
11,Sagolband,3,3 - Bijoy Govinda (A),BEN,final,9.98,AC11_part003_final_BEN.pdf,,7199234,,done
11,Sagolband,4,4 - Bijoy Govinda (B),ENG,final,6.97,AC11_part004_final_ENG.pdf,,5362502,,done
11,Sagolband,4,4 - Bijoy Govinda (B),BEN,final,7.88,AC11_part004_final_BEN.pdf,,5608023,,done
11,Sagolband,5,5 - Thangjam Leikai,ENG,final,7.77,AC11_part005_final_ENG.pdf,,5968176,,done
11,Sagolband,5,5 - Thangjam Leikai,BEN,final,8.6,AC11_part005_final_BEN.pdf,,6140249,,done
11,Sagolband,6,6 - Ingudam Leikai,ENG,final,7.18,AC11_part006_final_ENG.pdf,,5501014,,done
11,Sagolband,6,6 - Ingudam Leikai,BEN,final,7.96,AC11_part006_final_BEN.pdf,,5666430,,done
11,Sagolband,7,7 - Sagolband Thingom Leikai,ENG,final,5.52,AC11_part007_final_ENG.pdf,,4120973,,done
11,Sagolband,7,7 - Sagolband Thingom Leikai,BEN,final,6.08,AC11_part007_final_BEN.pdf,,4240669,,done
11,Sagolband,8,8 - Sayang Pukhri Mapal,ENG,final,6.34,AC11_part008_final_ENG.pdf,,4834427,,done
11,Sagolband,8,8 - Sayang Pukhri Mapal,BEN,final,7.02,AC11_part008_final_BEN.pdf,,4983922,,done
11,Sagolband,9,9 - Thounaojam Leikai,ENG,final,9.5,AC11_part009_final_ENG.pdf,,7383418,,done
11,Sagolband,9,9 - Thounaojam Leikai,BEN,final,10.52,AC11_part009_final_BEN.pdf,,7600387,,done
11,Sagolband,10,10 - Kwakeithel Thounaojam Leikai,ENG,final,7.42,AC11_part010_final_ENG.pdf,,5675156,,done
11,Sagolband,10,10 - Kwakeithel Thounaojam Leikai,BEN,final,8.21,AC11_part010_final_BEN.pdf,,5843492,,done
11,Sagolband,11,11 - Sagolband Takhellambam Leikai (A),ENG,final,7.27,AC11_part011_final_ENG.pdf,,5514289,,done
11,Sagolband,11,11 - Sagolband Takhellambam Leikai (A),BEN,final,8.0,AC11_part011_final_BEN.pdf,,5654872,,done
11,Sagolband,12,12 - Sagolband Takhellambam Leikai (B),ENG,final,4.63,AC11_part012_final_ENG.pdf,,3363451,,done
11,Sagolband,12,12 - Sagolband Takhellambam Leikai (B),BEN,final,5.08,AC11_part012_final_BEN.pdf,,3459647,,done
11,Sagolband,13,13 - Leimakhujam Leikai,ENG,final,8.94,AC11_part013_final_ENG.pdf,,7029185,,done
11,Sagolband,13,13 - Leimakhujam Leikai,BEN,final,9.9,AC11_part013_final_BEN.pdf,,7231066,,done
11,Sagolband,14,14 - Soibam Leikai,ENG,final,7.31,AC11_part014_final_ENG.pdf,,5637456,,done
11,Sagolband,14,14 - Soibam Leikai,BEN,final,8.09,AC11_part014_final_BEN.pdf,,5809405,,done
11,Sagolband,15,15 - Sagolband Kangabam Leikai (A),ENG,final,5.72,AC11_part015_final_ENG.pdf,,4297410,,done
11,Sagolband,15,15 - Sagolband Kangabam Leikai (A),BEN,final,6.27,AC11_part015_final_BEN.pdf,,4402661,,done
11,Sagolband,16,16 - Sagolband Kangabam Leikai (B),ENG,final,5.55,AC11_part016_final_ENG.pdf,,4181279,,done
11,Sagolband,16,16 - Sagolband Kangabam Leikai (B),BEN,final,6.14,AC11_part016_final_BEN.pdf,,4311288,,done
11,Sagolband,17,17 - Keishampat Thokchom Leikai,ENG,final,7.27,AC11_part017_final_ENG.pdf,,5545843,,done
11,Sagolband,17,17 - Keishampat Thokchom Leikai,BEN,final,8.07,AC11_part017_final_BEN.pdf,,5732093,,done
11,Sagolband,18,18 - Moirang Leirak,ENG,final,9.25,AC11_part018_final_ENG.pdf,,7146396,,done
11,Sagolband,18,18 - Moirang Leirak,BEN,final,10.15,AC11_part018_final_BEN.pdf,,7326191,,done
11,Sagolband,19,19 - Nepra Manjor Leikai,ENG,final,6.0,AC11_part019_final_ENG.pdf,,4521444,,done
11,Sagolband,19,19 - Nepra Manjor Leikai,BEN,final,6.57,AC11_part019_final_BEN.pdf,,4626256,,done
11,Sagolband,20,20 - Sagolband Moirang Leirak,ENG,final,7.83,AC11_part020_final_ENG.pdf,,6067109,,done
11,Sagolband,20,20 - Sagolband Moirang Leirak,BEN,final,8.66,AC11_part020_final_BEN.pdf,,6248935,,done
11,Sagolband,21,21 - Mabudhou Mantri Leikai,ENG,final,5.7,AC11_part021_final_ENG.pdf,,4337394,,done
11,Sagolband,21,21 - Mabudhou Mantri Leikai,BEN,final,6.31,AC11_part021_final_BEN.pdf,,4477880,,done
11,Sagolband,22,22 - Sagolband Meino Leirak,ENG,final,7.59,AC11_part022_final_ENG.pdf,,5878238,,done
11,Sagolband,22,22 - Sagolband Meino Leirak,BEN,final,8.39,AC11_part022_final_BEN.pdf,,6042926,,done
11,Sagolband,23,23 - Maisnam Leikai,ENG,final,6.49,AC11_part023_final_ENG.pdf,,4902357,,done
11,Sagolband,23,23 - Maisnam Leikai,BEN,final,7.16,AC11_part023_final_BEN.pdf,,5047395,,done
11,Sagolband,24,24 - Sagolband Salam Leikai (A),ENG,final,7.18,AC11_part024_final_ENG.pdf,,5558087,,done
11,Sagolband,24,24 - Sagolband Salam Leikai (A),BEN,final,7.98,AC11_part024_final_BEN.pdf,,5735229,,done
11,Sagolband,25,25 - Sagolband Salam Leikai (B),ENG,final,4.06,AC11_part025_final_ENG.pdf,,2987973,,done
11,Sagolband,25,25 - Sagolband Salam Leikai (B),BEN,final,4.45,AC11_part025_final_BEN.pdf,,3071399,,done
11,Sagolband,26,26 - Wahengbam Leikai (A),ENG,final,8.18,AC11_part026_final_ENG.pdf,,6292831,,done
11,Sagolband,26,26 - Wahengbam Leikai (A),BEN,final,8.94,AC11_part026_final_BEN.pdf,,6425630,,done
11,Sagolband,27,27 - Wahengbam Leikai (B),ENG,final,7.34,AC11_part027_final_ENG.pdf,,5614623,,done
11,Sagolband,27,27 - Wahengbam Leikai (B),BEN,final,8.04,AC11_part027_final_BEN.pdf,,5745362,,done
11,Sagolband,28,28 - Paona Bazar (A),ENG,final,5.51,AC11_part028_final_ENG.pdf,,4181235,,done
11,Sagolband,28,28 - Paona Bazar (A),BEN,final,6.05,AC11_part028_final_BEN.pdf,,4300295,,done
11,Sagolband,29,29 - Paona Bazar (B),ENG,final,4.54,AC11_part029_final_ENG.pdf,,3349863,,done
11,Sagolband,29,29 - Paona Bazar (B),BEN,final,4.94,AC11_part029_final_BEN.pdf,,3426715,,done
11,Sagolband,30,30 - Paona Bazar (C),ENG,final,7.18,AC11_part030_final_ENG.pdf,,5567566,,done
11,Sagolband,30,30 - Paona Bazar (C),BEN,final,7.87,AC11_part030_final_BEN.pdf,,5717720,,done
11,Sagolband,31,31 - Kakhulong(A),ENG,final,6.42,AC11_part031_final_ENG.pdf,,4918777,,done
11,Sagolband,31,31 - Kakhulong(A),BEN,final,7.06,AC11_part031_final_BEN.pdf,,5053044,,done
11,Sagolband,32,32 - Kakhulong (B),ENG,final,4.0,AC11_part032_final_ENG.pdf,,2938564,,done
11,Sagolband,32,32 - Kakhulong (B),BEN,final,4.39,AC11_part032_final_BEN.pdf,,3014182,,done
11,Sagolband,33,33 - Old Lambulane (A),ENG,final,5.67,AC11_part033_final_ENG.pdf,,4296831,,done
11,Sagolband,33,33 - Old Lambulane (A),BEN,final,6.35,AC11_part033_final_BEN.pdf,,4464374,,done
11,Sagolband,34,34 - Old Lambulane (B),ENG,final,4.44,AC11_part034_final_ENG.pdf,,3280296,,done
11,Sagolband,34,34 - Old Lambulane (B),BEN,final,4.88,AC11_part034_final_BEN.pdf,,3376971,,done
11,Sagolband,35,35 - Keisamthong Kabui Khul,ENG,final,6.94,AC11_part035_final_ENG.pdf,,5409179,,done
11,Sagolband,35,35 - Keisamthong Kabui Khul,BEN,final,7.69,AC11_part035_final_BEN.pdf,,5558215,,done
11,Sagolband,36,36 - Yaiskul Police Lane,ENG,final,3.07,AC11_part036_final_ENG.pdf,,2133297,,done
11,Sagolband,36,36 - Yaiskul Police Lane,BEN,final,3.31,AC11_part036_final_BEN.pdf,,2172534,,done
12,Keisamthong,1,1 - Kangabam Leikai,ENG,final,4.33,AC12_part001_final_ENG.pdf,,3180255,,done
12,Keisamthong,1,1 - Kangabam Leikai,BEN,final,4.74,AC12_part001_final_BEN.pdf,,3259491,,done
12,Keisamthong,2,2 - Keishampat Mutum Leikai,ENG,final,4.72,AC12_part002_final_ENG.pdf,,3492840,,done
12,Keisamthong,2,2 - Keishampat Mutum Leikai,BEN,final,5.14,AC12_part002_final_BEN.pdf,,3553806,,done
12,Keisamthong,3,3 - Meisnam Nongthombam Leikai,ENG,final,9.11,AC12_part003_final_ENG.pdf,,7040476,,done
12,Keisamthong,3,3 - Meisnam Nongthombam Leikai,BEN,final,10.15,AC12_part003_final_BEN.pdf,,7283825,,done
12,Keisamthong,4,4 - Keishampat Thiyam Leikai,ENG,final,8.21,AC12_part004_final_ENG.pdf,,6342697,,done
12,Keisamthong,4,4 - Keishampat Thiyam Leikai,BEN,final,9.0,AC12_part004_final_BEN.pdf,,6481902,,done
12,Keisamthong,5,5 - Keishampat Lairembi Lampak,ENG,final,6.89,AC12_part005_final_ENG.pdf,,5224057,,done
12,Keisamthong,5,5 - Keishampat Lairembi Lampak,BEN,final,7.64,AC12_part005_final_BEN.pdf,,5400092,,done
12,Keisamthong,6,6 - Keishampat Sega Road,ENG,final,6.99,AC12_part006_final_ENG.pdf,,5343748,,done
12,Keisamthong,6,6 - Keishampat Sega Road,BEN,final,7.81,AC12_part006_final_BEN.pdf,,5532988,,done
12,Keisamthong,7,7 - Keishampat  Leimajam Leikai,ENG,final,5.38,AC12_part007_final_ENG.pdf,,4011633,,done
12,Keisamthong,7,7 - Keishampat  Leimajam Leikai,BEN,final,5.98,AC12_part007_final_BEN.pdf,,4152576,,done
12,Keisamthong,8,8 - Konjeng Hajari Leikai,ENG,final,9.72,AC12_part008_final_ENG.pdf,,7559453,,done
12,Keisamthong,8,8 - Konjeng Hajari Leikai,BEN,final,10.76,AC12_part008_final_BEN.pdf,,7764802,,done
12,Keisamthong,9,9 - Maisnam Nongthombam Leikai,ENG,final,6.75,AC12_part009_final_ENG.pdf,,5146239,,done
12,Keisamthong,9,9 - Maisnam Nongthombam Leikai,BEN,final,7.48,AC12_part009_final_BEN.pdf,,5307402,,done
12,Keisamthong,10,10 - Khwairakpam Leikai,ENG,final,5.32,AC12_part010_final_ENG.pdf,,4001754,,done
12,Keisamthong,10,10 - Khwairakpam Leikai,BEN,final,5.86,AC12_part010_final_BEN.pdf,,4112959,,done
12,Keisamthong,11,11 - Keishamthong Laisom Leirak,ENG,final,6.73,AC12_part011_final_ENG.pdf,,5110942,,done
12,Keisamthong,11,11 - Keishamthong Laisom Leirak,BEN,final,7.5,AC12_part011_final_BEN.pdf,,5289349,,done
12,Keisamthong,12,12 - Keishamthong Top Leirak,ENG,final,9.55,AC12_part012_final_ENG.pdf,,7324955,,done
12,Keisamthong,12,12 - Keishamthong Top Leirak,BEN,final,10.64,AC12_part012_final_BEN.pdf,,7585235,,done
12,Keisamthong,13,13 - Keishamthong Moirangningthou Leirak,ENG,final,7.88,AC12_part013_final_ENG.pdf,,6008345,,done
12,Keisamthong,13,13 - Keishamthong Moirangningthou Leirak,BEN,final,8.71,AC12_part013_final_BEN.pdf,,6167923,,done
12,Keisamthong,14,14 - Keishamthong Hodam Leirak (A),ENG,final,8.86,AC12_part014_final_ENG.pdf,,6803520,,done
12,Keisamthong,14,14 - Keishamthong Hodam Leirak (A),BEN,final,9.8,AC12_part014_final_BEN.pdf,,6997985,,done
12,Keisamthong,15,15 - Keishamthong Maning Longjam Leikai,ENG,final,7.81,AC12_part015_final_ENG.pdf,,6051148,,done
12,Keisamthong,15,15 - Keishamthong Maning Longjam Leikai,BEN,final,8.72,AC12_part015_final_BEN.pdf,,6259935,,done
12,Keisamthong,16,16 - Keishamthong Hodam Leirak (B),ENG,final,3.9,AC12_part016_final_ENG.pdf,,2782501,,done
12,Keisamthong,16,16 - Keishamthong Hodam Leirak (B),BEN,final,4.28,AC12_part016_final_BEN.pdf,,2856211,,done
12,Keisamthong,17,17 - Elangbam Leikai (A),ENG,final,6.0,AC12_part017_final_ENG.pdf,,4494772,,done
12,Keisamthong,17,17 - Elangbam Leikai (A),BEN,final,6.63,AC12_part017_final_BEN.pdf,,4643328,,done
12,Keisamthong,18,18 - Elangbam Leikai Longjam Leirak,ENG,final,5.64,AC12_part018_final_ENG.pdf,,4249370,,done
12,Keisamthong,18,18 - Elangbam Leikai Longjam Leirak,BEN,final,6.3,AC12_part018_final_BEN.pdf,,4414749,,done
12,Keisamthong,19,19 - Elangbam Leikai (B),ENG,final,8.46,AC12_part019_final_ENG.pdf,,6496833,,done
12,Keisamthong,19,19 - Elangbam Leikai (B),BEN,final,9.36,AC12_part019_final_BEN.pdf,,6693586,,done
12,Keisamthong,20,20 - Elangbam Leikai Leirak Achouba,ENG,final,4.45,AC12_part020_final_ENG.pdf,,3228368,,done
12,Keisamthong,20,20 - Elangbam Leikai Leirak Achouba,BEN,final,4.84,AC12_part020_final_BEN.pdf,,3291079,,done
12,Keisamthong,21,21 - Elangbam Leikai (C),ENG,final,9.23,AC12_part021_final_ENG.pdf,,7166376,,done
12,Keisamthong,21,21 - Elangbam Leikai (C),BEN,final,10.3,AC12_part021_final_BEN.pdf,,7419173,,done
12,Keisamthong,22,22 - Thouda Bhabok Leikai,ENG,final,5.86,AC12_part022_final_ENG.pdf,,4440874,,done
12,Keisamthong,22,22 - Thouda Bhabok Leikai,BEN,final,6.43,AC12_part022_final_BEN.pdf,,4558048,,done
12,Keisamthong,23,23 - Kwakeithel Nganapi Thong Mapal,ENG,final,6.87,AC12_part023_final_ENG.pdf,,5281738,,done
12,Keisamthong,23,23 - Kwakeithel Nganapi Thong Mapal,BEN,final,7.66,AC12_part023_final_BEN.pdf,,5467866,,done
12,Keisamthong,24,24 - Irom Pukhri Mapal,ENG,final,5.34,AC12_part024_final_ENG.pdf,,3988326,,done
12,Keisamthong,24,24 - Irom Pukhri Mapal,BEN,final,5.94,AC12_part024_final_BEN.pdf,,4130777,,done
12,Keisamthong,25,25 - Kwakeithel Thokchom Leikai,ENG,final,7.85,AC12_part025_final_ENG.pdf,,5988349,,done
12,Keisamthong,25,25 - Kwakeithel Thokchom Leikai,BEN,final,8.76,AC12_part025_final_BEN.pdf,,6204910,,done
12,Keisamthong,26,26 - Kwakeithel Akham Leikai,ENG,final,7.75,AC12_part026_final_ENG.pdf,,5934178,,done
12,Keisamthong,26,26 - Kwakeithel Akham Leikai,BEN,final,8.6,AC12_part026_final_BEN.pdf,,6132359,,done
12,Keisamthong,27,27 - Khagempalli Panthak (A),ENG,final,6.61,AC12_part027_final_ENG.pdf,,5028542,,done
12,Keisamthong,27,27 - Khagempalli Panthak (A),BEN,final,7.34,AC12_part027_final_BEN.pdf,,5199080,,done
12,Keisamthong,28,28 - Khagempalli Panthak (B),ENG,final,6.18,AC12_part028_final_ENG.pdf,,4684532,,done
12,Keisamthong,28,28 - Khagempalli Panthak (B),BEN,final,6.88,AC12_part028_final_BEN.pdf,,4847775,,done
12,Keisamthong,29,29 - Keisamthong Thangjam Leirak,ENG,final,7.4,AC12_part029_final_ENG.pdf,,5673696,,done
12,Keisamthong,29,29 - Keisamthong Thangjam Leirak,BEN,final,8.27,AC12_part029_final_BEN.pdf,,5878614,,done
12,Keisamthong,30,30 - Moirang Purel Leikai (A),ENG,final,6.6,AC12_part030_final_ENG.pdf,,5032377,,done
12,Keisamthong,30,30 - Moirang Purel Leikai (A),BEN,final,7.38,AC12_part030_final_BEN.pdf,,5229542,,done
12,Keisamthong,31,31 - Moirang Purel Leikai (B),ENG,final,4.78,AC12_part031_final_ENG.pdf,,3586731,,done
12,Keisamthong,31,31 - Moirang Purel Leikai (B),BEN,final,5.32,AC12_part031_final_BEN.pdf,,3715742,,done
12,Keisamthong,32,32 - Moirang Purel Leikai (C),ENG,final,8.9,AC12_part032_final_ENG.pdf,,6954724,,done
12,Keisamthong,32,32 - Moirang Purel Leikai (C),BEN,final,9.85,AC12_part032_final_BEN.pdf,,7155666,,done
12,Keisamthong,33,33 - Huidrom Leikai (A),ENG,final,8.36,AC12_part033_final_ENG.pdf,,6479790,,done
12,Keisamthong,33,33 - Huidrom Leikai (A),BEN,final,9.31,AC12_part033_final_BEN.pdf,,6681694,,done
12,Keisamthong,34,34 - Huidrom Leikai (B),ENG,final,6.42,AC12_part034_final_ENG.pdf,,4894965,,done
12,Keisamthong,34,34 - Huidrom Leikai (B),BEN,final,7.18,AC12_part034_final_BEN.pdf,,5078381,,done
12,Keisamthong,35,35 - Huidrom Leikai (C),ENG,final,5.47,AC12_part035_final_ENG.pdf,,4070370,,done
12,Keisamthong,35,35 - Huidrom Leikai (C),BEN,final,6.1,AC12_part035_final_BEN.pdf,,4231162,,done
12,Keisamthong,36,36 - Pishumthong Oinam Leikai (A),ENG,final,6.45,AC12_part036_final_ENG.pdf,,4887293,,done
12,Keisamthong,36,36 - Pishumthong Oinam Leikai (A),BEN,final,7.14,AC12_part036_final_BEN.pdf,,5039161,,done
12,Keisamthong,37,37 - Pishumthong Oinam Leikai (B),ENG,final,6.21,AC12_part037_final_ENG.pdf,,4718447,,done
12,Keisamthong,37,37 - Pishumthong Oinam Leikai (B),BEN,final,6.95,AC12_part037_final_BEN.pdf,,4897607,,done
12,Keisamthong,38,38 - Pishumthong Oinam Leikai (C),ENG,final,8.11,AC12_part038_final_ENG.pdf,,6277108,,done
12,Keisamthong,38,38 - Pishumthong Oinam Leikai (C),BEN,final,9.04,AC12_part038_final_BEN.pdf,,6498997,,done
12,Keisamthong,39,39 - Ngangom Leikai (A),ENG,final,6.84,AC12_part039_final_ENG.pdf,,5269687,,done
12,Keisamthong,39,39 - Ngangom Leikai (A),BEN,final,7.57,AC12_part039_final_BEN.pdf,,5425291,,done
12,Keisamthong,40,40 - Ngangom Leikai (B),ENG,final,7.65,AC12_part040_final_ENG.pdf,,5858766,,done
12,Keisamthong,40,40 - Ngangom Leikai (B),BEN,final,8.46,AC12_part040_final_BEN.pdf,,6038634,,done
13,Singjamei,1,1 - Yumnam Leikai (A),ENG,final,7.28,AC13_part001_final_ENG.pdf,,5572627,,done
13,Singjamei,1,1 - Yumnam Leikai (A),BEN,final,8.1,AC13_part001_final_BEN.pdf,,5761230,,done
13,Singjamei,2,2 - Yumnam Leikai (B),ENG,final,6.09,AC13_part002_final_ENG.pdf,,4569405,,done
13,Singjamei,2,2 - Yumnam Leikai (B),BEN,final,6.72,AC13_part002_final_BEN.pdf,,4696049,,done
13,Singjamei,3,3 - Thokchom Leikai,ENG,final,8.76,AC13_part003_final_ENG.pdf,,6737093,,done
13,Singjamei,3,3 - Thokchom Leikai,BEN,final,9.83,AC13_part003_final_BEN.pdf,,7007942,,done
13,Singjamei,4,4 - Singjamei Chirom Leikai,ENG,final,9.47,AC13_part004_final_ENG.pdf,,7350706,,done
13,Singjamei,4,4 - Singjamei Chirom Leikai,BEN,final,10.52,AC13_part004_final_BEN.pdf,,7581780,,done
13,Singjamei,5,5 - Chingamathak (A),ENG,final,9.29,AC13_part005_final_ENG.pdf,,7180662,,done
13,Singjamei,5,5 - Chingamathak (A),BEN,final,10.35,AC13_part005_final_BEN.pdf,,7429906,,done
13,Singjamei,6,6 - Chingamathak (B),ENG,final,9.37,AC13_part006_final_ENG.pdf,,7259965,,done
13,Singjamei,6,6 - Chingamathak (B),BEN,final,10.38,AC13_part006_final_BEN.pdf,,7485184,,done
13,Singjamei,7,7 - Chingamakha Oinam Leirak,ENG,final,4.91,AC13_part007_final_ENG.pdf,,3645827,,done
13,Singjamei,7,7 - Chingamakha Oinam Leirak,BEN,final,5.41,AC13_part007_final_BEN.pdf,,3747074,,done
13,Singjamei,8,8 - Chingamakha Irom Leirak,ENG,final,6.56,AC13_part008_final_ENG.pdf,,5011817,,done
13,Singjamei,8,8 - Chingamakha Irom Leirak,BEN,final,7.34,AC13_part008_final_BEN.pdf,,5202946,,done
13,Singjamei,9,9 - Chingamakha Kshetri Leirak,ENG,final,9.51,AC13_part009_final_ENG.pdf,,7382083,,done
13,Singjamei,9,9 - Chingamakha Kshetri Leirak,BEN,final,10.59,AC13_part009_final_BEN.pdf,,7630479,,done
13,Singjamei,10,10 - Chingamakha,ENG,final,8.54,AC13_part010_final_ENG.pdf,,6583970,,done
13,Singjamei,10,10 - Chingamakha,BEN,final,9.51,AC13_part010_final_BEN.pdf,,6816906,,done
13,Singjamei,11,11 - Chingamakha Yanglem Leikai,ENG,final,8.13,AC13_part011_final_ENG.pdf,,6249377,,done
13,Singjamei,11,11 - Chingamakha Yanglem Leikai,BEN,final,9.05,AC13_part011_final_BEN.pdf,,6471452,,done
13,Singjamei,12,12 - Chingamakha Chanam Pukhri Mapal,ENG,final,5.26,AC13_part012_final_ENG.pdf,,3947459,,done
13,Singjamei,12,12 - Chingamakha Chanam Pukhri Mapal,BEN,final,5.8,AC13_part012_final_BEN.pdf,,4067074,,done
13,Singjamei,13,13 - Chingamakha Heirangoithong,ENG,final,8.44,AC13_part013_final_ENG.pdf,,6545504,,done
13,Singjamei,13,13 - Chingamakha Heirangoithong,BEN,final,9.44,AC13_part013_final_BEN.pdf,,6789686,,done
13,Singjamei,14,14 - Chingamakha Ningthoujam Leikai (A),ENG,final,5.07,AC13_part014_final_ENG.pdf,,3800190,,done
13,Singjamei,14,14 - Chingamakha Ningthoujam Leikai (A),BEN,final,5.6,AC13_part014_final_BEN.pdf,,3917282,,done
13,Singjamei,15,15 - Chingamakha Ningthoujam Leikai (B),ENG,final,5.95,AC13_part015_final_ENG.pdf,,4515617,,done
13,Singjamei,15,15 - Chingamakha Ningthoujam Leikai (B),BEN,final,6.59,AC13_part015_final_BEN.pdf,,4656210,,done
13,Singjamei,16,16 - Singjamei Top Leikai,ENG,final,5.53,AC13_part016_final_ENG.pdf,,4095498,,done
13,Singjamei,16,16 - Singjamei Top Leikai,BEN,final,6.08,AC13_part016_final_BEN.pdf,,4211010,,done
13,Singjamei,17,17 - Chingamakhong Chongtham Leikai,ENG,final,6.39,AC13_part017_final_ENG.pdf,,4805591,,done
13,Singjamei,17,17 - Chingamakhong Chongtham Leikai,BEN,final,7.07,AC13_part017_final_BEN.pdf,,4964582,,done
13,Singjamei,18,18 - Singjamei Sapam Leikai,ENG,final,6.81,AC13_part018_final_ENG.pdf,,5138035,,done
13,Singjamei,18,18 - Singjamei Sapam Leikai,BEN,final,7.55,AC13_part018_final_BEN.pdf,,5322699,,done
13,Singjamei,19,19 - Singjamei Mayengbam Leikai (Maning),ENG,final,8.71,AC13_part019_final_ENG.pdf,,6727091,,done
13,Singjamei,19,19 - Singjamei Mayengbam Leikai (Maning),BEN,final,9.7,AC13_part019_final_BEN.pdf,,6970524,,done
13,Singjamei,20,20 - Singjamei Leishangthem Leikai,ENG,final,9.4,AC13_part020_final_ENG.pdf,,7328715,,done
13,Singjamei,20,20 - Singjamei Leishangthem Leikai,BEN,final,10.48,AC13_part020_final_BEN.pdf,,7571546,,done
13,Singjamei,21,21 - Singjamei Thongam Leikai (Awang),ENG,final,7.82,AC13_part021_final_ENG.pdf,,6079118,,done
13,Singjamei,21,21 - Singjamei Thongam Leikai (Awang),BEN,final,8.76,AC13_part021_final_BEN.pdf,,6306951,,done
13,Singjamei,22,22 - Singjamei Thongam Leikai (Mayai),ENG,final,4.4,AC13_part022_final_ENG.pdf,,3271749,,done
13,Singjamei,22,22 - Singjamei Thongam Leikai (Mayai),BEN,final,4.88,AC13_part022_final_BEN.pdf,,3371191,,done
13,Singjamei,23,23 - Singjamei Thongam Leikai (Makha),ENG,final,6.44,AC13_part023_final_ENG.pdf,,4915492,,done
13,Singjamei,23,23 - Singjamei Thongam Leikai (Makha),BEN,final,7.13,AC13_part023_final_BEN.pdf,,5061220,,done
13,Singjamei,24,24 - Singjamei Waikhom Leikai (A),ENG,final,8.59,AC13_part024_final_ENG.pdf,,6656155,,done
13,Singjamei,24,24 - Singjamei Waikhom Leikai (A),BEN,final,9.65,AC13_part024_final_BEN.pdf,,6917022,,done
13,Singjamei,25,25 - Singjamei Waikhom Leikai (B),ENG,final,4.87,AC13_part025_final_ENG.pdf,,3582494,,done
13,Singjamei,25,25 - Singjamei Waikhom Leikai (B),BEN,final,5.41,AC13_part025_final_BEN.pdf,,3712471,,done
13,Singjamei,26,26 - Singjamei Okram Leikai,ENG,final,6.51,AC13_part026_final_ENG.pdf,,4959270,,done
13,Singjamei,26,26 - Singjamei Okram Leikai,BEN,final,7.18,AC13_part026_final_BEN.pdf,,5117422,,done
13,Singjamei,27,27 - Singjamei Mayengbam Leikai (Mamang),ENG,final,6.22,AC13_part027_final_ENG.pdf,,4716619,,done
13,Singjamei,27,27 - Singjamei Mayengbam Leikai (Mamang),BEN,final,6.81,AC13_part027_final_BEN.pdf,,4836286,,done
13,Singjamei,28,28 - Singjamei Oinam Thingel (Awang),ENG,final,7.07,AC13_part028_final_ENG.pdf,,5388629,,done
13,Singjamei,28,28 - Singjamei Oinam Thingel (Awang),BEN,final,7.93,AC13_part028_final_BEN.pdf,,5615565,,done
13,Singjamei,29,29 - Singjamei Oinam Thingel (Makha),ENG,final,6.03,AC13_part029_final_ENG.pdf,,4613260,,done
13,Singjamei,29,29 - Singjamei Oinam Thingel (Makha),BEN,final,6.78,AC13_part029_final_BEN.pdf,,4804489,,done
14,Yaiskul,1,1 - Moirangkhom (A),ENG,final,6.64,AC14_part001_final_ENG.pdf,,5019423,,done
14,Yaiskul,1,1 - Moirangkhom (A),BEN,final,7.44,AC14_part001_final_BEN.pdf,,5218298,,done
14,Yaiskul,2,2 - Moirangkhom (B),ENG,final,5.48,AC14_part002_final_ENG.pdf,,4094930,,done
14,Yaiskul,2,2 - Moirangkhom (B),BEN,final,6.13,AC14_part002_final_BEN.pdf,,4251552,,done
14,Yaiskul,3,3 - Moirangkhom (C),ENG,final,7.86,AC14_part003_final_ENG.pdf,,6075928,,done
14,Yaiskul,3,3 - Moirangkhom (C),BEN,final,8.75,AC14_part003_final_BEN.pdf,,6277149,,done
14,Yaiskul,4,4 - Janmasthan,ENG,final,5.3,AC14_part004_final_ENG.pdf,,3977209,,done
14,Yaiskul,4,4 - Janmasthan,BEN,final,5.83,AC14_part004_final_BEN.pdf,,4090039,,done
14,Yaiskul,5,5 - Moirangkhom,ENG,final,9.54,AC14_part005_final_ENG.pdf,,7425403,,done
14,Yaiskul,5,5 - Moirangkhom,BEN,final,10.67,AC14_part005_final_BEN.pdf,,7708927,,done
14,Yaiskul,6,6 - Wangkhei Ningthem Pukhri Mapal (A),ENG,final,9.37,AC14_part006_final_ENG.pdf,,7212037,,done
14,Yaiskul,6,6 - Wangkhei Ningthem Pukhri Mapal (A),BEN,final,10.45,AC14_part006_final_BEN.pdf,,7461072,,done
14,Yaiskul,7,7 - Wangkhei Ningthem Pukhri Mapal (B),ENG,final,7.22,AC14_part007_final_ENG.pdf,,5507227,,done
14,Yaiskul,7,7 - Wangkhei Ningthem Pukhri Mapal (B),BEN,final,7.98,AC14_part007_final_BEN.pdf,,5676276,,done
14,Yaiskul,8,8 - Wangkhei Ningthem Pukhri Mapal (C),ENG,final,10.36,AC14_part008_final_ENG.pdf,,8166803,,done
14,Yaiskul,8,8 - Wangkhei Ningthem Pukhri Mapal (C),BEN,final,11.6,AC14_part008_final_BEN.pdf,,8465036,,done
14,Yaiskul,9,9 - Loklaobung Sougaijam Mamang Leikai,ENG,final,6.17,AC14_part009_final_ENG.pdf,,4662548,,done
14,Yaiskul,9,9 - Loklaobung Sougaijam Mamang Leikai,BEN,final,6.83,AC14_part009_final_BEN.pdf,,4808733,,done
14,Yaiskul,10,10 - Moirangkhom Loklaobung,ENG,final,4.33,AC14_part010_final_ENG.pdf,,3166113,,done
14,Yaiskul,10,10 - Moirangkhom Loklaobung,BEN,final,4.8,AC14_part010_final_BEN.pdf,,3271589,,done
14,Yaiskul,11,11 - Wangkhei Thangapat Mapal (A),ENG,final,6.24,AC14_part011_final_ENG.pdf,,4737749,,done
14,Yaiskul,11,11 - Wangkhei Thangapat Mapal (A),BEN,final,6.84,AC14_part011_final_BEN.pdf,,4833781,,done
14,Yaiskul,12,12 - Wangkhei Puja Lampak,ENG,final,4.54,AC14_part012_final_ENG.pdf,,3311856,,done
14,Yaiskul,12,12 - Wangkhei Puja Lampak,BEN,final,4.98,AC14_part012_final_BEN.pdf,,3378665,,done
14,Yaiskul,13,13 - Wangkhei Thangapat Mapal (B),ENG,final,7.43,AC14_part013_final_ENG.pdf,,5674933,,done
14,Yaiskul,13,13 - Wangkhei Thangapat Mapal (B),BEN,final,8.22,AC14_part013_final_BEN.pdf,,5817725,,done
14,Yaiskul,14,14 - Brahamapur Nahabam Leikai (A),ENG,final,7.3,AC14_part014_final_ENG.pdf,,5588000,,done
14,Yaiskul,14,14 - Brahamapur Nahabam Leikai (A),BEN,final,8.06,AC14_part014_final_BEN.pdf,,5733467,,done
14,Yaiskul,15,15 - Brahamapur Nahabam Leikai (B),ENG,final,7.22,AC14_part015_final_ENG.pdf,,5558890,,done
14,Yaiskul,15,15 - Brahamapur Nahabam Leikai (B),BEN,final,7.97,AC14_part015_final_BEN.pdf,,5696749,,done
14,Yaiskul,16,16 - Wangkhei Konsam Leikai (B),ENG,final,8.29,AC14_part016_final_ENG.pdf,,6452429,,done
14,Yaiskul,16,16 - Wangkhei Konsam Leikai (B),BEN,final,9.29,AC14_part016_final_BEN.pdf,,6689883,,done
14,Yaiskul,17,17 - Wangkhei Konsam Leikai (C),ENG,final,8.54,AC14_part017_final_ENG.pdf,,6699948,,done
14,Yaiskul,17,17 - Wangkhei Konsam Leikai (C),BEN,final,9.48,AC14_part017_final_BEN.pdf,,6900344,,done
14,Yaiskul,18,18 - Yaiskul Yumnam Leikai,ENG,final,7.15,AC14_part018_final_ENG.pdf,,5539138,,done
14,Yaiskul,18,18 - Yaiskul Yumnam Leikai,BEN,final,8.0,AC14_part018_final_BEN.pdf,,5748175,,done
14,Yaiskul,19,19 - Shougaijam Leirak,ENG,final,4.85,AC14_part019_final_ENG.pdf,,3626087,,done
14,Yaiskul,19,19 - Shougaijam Leirak,BEN,final,5.39,AC14_part019_final_BEN.pdf,,3754212,,done
14,Yaiskul,20,20 - Rajbari (A),ENG,final,6.29,AC14_part020_final_ENG.pdf,,4740644,,done
14,Yaiskul,20,20 - Rajbari (A),BEN,final,6.95,AC14_part020_final_BEN.pdf,,4877840,,done
14,Yaiskul,21,21 - Mahabali,ENG,final,6.09,AC14_part021_final_ENG.pdf,,4771813,,done
14,Yaiskul,21,21 - Mahabali,BEN,final,6.76,AC14_part021_final_BEN.pdf,,4913990,,done
14,Yaiskul,22,22 - Rajbari (B),ENG,final,6.56,AC14_part022_final_ENG.pdf,,4988824,,done
14,Yaiskul,22,22 - Rajbari (B),BEN,final,7.28,AC14_part022_final_BEN.pdf,,5158903,,done
14,Yaiskul,23,23 - Rajbari (C),ENG,final,7.42,AC14_part023_final_ENG.pdf,,5690667,,done
14,Yaiskul,23,23 - Rajbari (C),BEN,final,8.29,AC14_part023_final_BEN.pdf,,5893698,,done
14,Yaiskul,24,24 - Brahamapur Aribam Leikai (A),ENG,final,6.84,AC14_part024_final_ENG.pdf,,5109441,,done
14,Yaiskul,24,24 - Brahamapur Aribam Leikai (A),BEN,final,7.54,AC14_part024_final_BEN.pdf,,5244998,,done
14,Yaiskul,25,25 - Brahamapur Aribam Leikai (B),ENG,final,6.25,AC14_part025_final_ENG.pdf,,4725663,,done
14,Yaiskul,25,25 - Brahamapur Aribam Leikai (B),BEN,final,6.91,AC14_part025_final_BEN.pdf,,4865599,,done
14,Yaiskul,26,26 - Brahamapur Mangge Makhong (B),ENG,final,9.48,AC14_part026_final_ENG.pdf,,7392534,,done
14,Yaiskul,26,26 - Brahamapur Mangge Makhong (B),BEN,final,10.49,AC14_part026_final_BEN.pdf,,7596834,,done
14,Yaiskul,27,27 - Brahamapur Nahabam (A),ENG,final,6.38,AC14_part027_final_ENG.pdf,,4827399,,done
14,Yaiskul,27,27 - Brahamapur Nahabam (A),BEN,final,6.97,AC14_part027_final_BEN.pdf,,4929399,,done
14,Yaiskul,28,28 - Brahamapur Mange Makhong (A),ENG,final,6.4,AC14_part028_final_ENG.pdf,,4851767,,done
14,Yaiskul,28,28 - Brahamapur Mange Makhong (A),BEN,final,7.07,AC14_part028_final_BEN.pdf,,4987293,,done
14,Yaiskul,29,29 - Wangkhei Konsam Leikai (A),ENG,final,6.9,AC14_part029_final_ENG.pdf,,5277009,,done
14,Yaiskul,29,29 - Wangkhei Konsam Leikai (A),BEN,final,7.64,AC14_part029_final_BEN.pdf,,5440005,,done
14,Yaiskul,30,30 - Wangkhei Konsam Leikai (D),ENG,final,6.7,AC14_part030_final_ENG.pdf,,5068356,,done
14,Yaiskul,30,30 - Wangkhei Konsam Leikai (D),BEN,final,7.4,AC14_part030_final_BEN.pdf,,5211311,,done
14,Yaiskul,31,31 - Wangkhei Tokpam Leikai (West),ENG,final,5.63,AC14_part031_final_ENG.pdf,,4287491,,done
14,Yaiskul,31,31 - Wangkhei Tokpam Leikai (West),BEN,final,6.26,AC14_part031_final_BEN.pdf,,4438354,,done
14,Yaiskul,32,32 - Wangkhei Thangjam Leikai (B),ENG,final,6.87,AC14_part032_final_ENG.pdf,,5284145,,done
14,Yaiskul,32,32 - Wangkhei Thangjam Leikai (B),BEN,final,7.61,AC14_part032_final_BEN.pdf,,5445377,,done
14,Yaiskul,33,33 - Wangkhei Konsam Leikai (E),ENG,final,5.47,AC14_part033_final_ENG.pdf,,4163434,,done
14,Yaiskul,33,33 - Wangkhei Konsam Leikai (E),BEN,final,6.03,AC14_part033_final_BEN.pdf,,4279703,,done
14,Yaiskul,34,34 - Wangkhei Konsam Leikai (F),ENG,final,6.62,AC14_part034_final_ENG.pdf,,5056545,,done
14,Yaiskul,34,34 - Wangkhei Konsam Leikai (F),BEN,final,7.32,AC14_part034_final_BEN.pdf,,5206564,,done
14,Yaiskul,35,35 - Wangkhei Thangjam Leikai (A),ENG,final,9.03,AC14_part035_final_ENG.pdf,,7094801,,done
14,Yaiskul,35,35 - Wangkhei Thangjam Leikai (A),BEN,final,10.11,AC14_part035_final_BEN.pdf,,7344202,,done
14,Yaiskul,36,36 - Brahmapur Bheigyabati Leikai (A),ENG,final,6.47,AC14_part036_final_ENG.pdf,,4924976,,done
14,Yaiskul,36,36 - Brahmapur Bheigyabati Leikai (A),BEN,final,7.18,AC14_part036_final_BEN.pdf,,5082466,,done
14,Yaiskul,37,37 - Brahmapur Bheigyabati Leikai (B),ENG,final,6.6,AC14_part037_final_ENG.pdf,,4983859,,done
14,Yaiskul,37,37 - Brahmapur Bheigyabati Leikai (B),BEN,final,7.3,AC14_part037_final_BEN.pdf,,5127425,,done
14,Yaiskul,38,38 - Singjamei Wangma Bheigyabati Leikai,ENG,final,8.05,AC14_part038_final_ENG.pdf,,6172452,,done
14,Yaiskul,38,38 - Singjamei Wangma Bheigyabati Leikai,BEN,final,8.95,AC14_part038_final_BEN.pdf,,6373275,,done
15,Wangkhei,1,1 - Mantri Pukhri West (A),ENG,final,7.34,AC15_part001_final_ENG.pdf,,5671295,,done
15,Wangkhei,1,1 - Mantri Pukhri West (A),BEN,final,8.08,AC15_part001_final_BEN.pdf,,5820477,,done
15,Wangkhei,2,2 - Mantri Pukhri West (B),ENG,final,8.42,AC15_part002_final_ENG.pdf,,6458198,,done
15,Wangkhei,2,2 - Mantri Pukhri West (B),BEN,final,9.2,AC15_part002_final_BEN.pdf,,6608782,,done
15,Wangkhei,3,3 - Mantri Pukhri East (A),ENG,final,8.29,AC15_part003_final_ENG.pdf,,6534120,,done
15,Wangkhei,3,3 - Mantri Pukhri East (A),BEN,final,9.14,AC15_part003_final_BEN.pdf,,6704093,,done
15,Wangkhei,4,4 - Mantri Pukhri East (B),ENG,final,8.7,AC15_part004_final_ENG.pdf,,6798523,,done
15,Wangkhei,4,4 - Mantri Pukhri East (B),BEN,final,9.6,AC15_part004_final_BEN.pdf,,6994330,,done
15,Wangkhei,5,5 - Chingmeirong Nongchup(A),ENG,final,7.69,AC15_part005_final_ENG.pdf,,5832520,,done
15,Wangkhei,5,5 - Chingmeirong Nongchup(A),BEN,final,8.49,AC15_part005_final_BEN.pdf,,6008993,,done
15,Wangkhei,6,6 - Chingmeirong Nongchup(B),ENG,final,7.42,AC15_part006_final_ENG.pdf,,5676340,,done
15,Wangkhei,6,6 - Chingmeirong Nongchup(B),BEN,final,8.16,AC15_part006_final_BEN.pdf,,5830199,,done
15,Wangkhei,7,7 - Chingmeirong Nongpok (A),ENG,final,7.85,AC15_part007_final_ENG.pdf,,5967818,,done
15,Wangkhei,7,7 - Chingmeirong Nongpok (A),BEN,final,8.69,AC15_part007_final_BEN.pdf,,6153369,,done
15,Wangkhei,8,8 - Chingmeirong Nongpok (B),ENG,final,5.24,AC15_part008_final_ENG.pdf,,3867876,,done
15,Wangkhei,8,8 - Chingmeirong Nongpok (B),BEN,final,5.74,AC15_part008_final_BEN.pdf,,3962219,,done
15,Wangkhei,9,9 - Chingmeirong Nongpok(B-1),ENG,final,8.51,AC15_part009_final_ENG.pdf,,6642662,,done
15,Wangkhei,9,9 - Chingmeirong Nongpok(B-1),BEN,final,9.36,AC15_part009_final_BEN.pdf,,6805374,,done
15,Wangkhei,10,10 - Chingmeirong Nongpok (C),ENG,final,4.61,AC15_part010_final_ENG.pdf,,3372248,,done
15,Wangkhei,10,10 - Chingmeirong Nongpok (C),BEN,final,5.07,AC15_part010_final_BEN.pdf,,3457567,,done
15,Wangkhei,11,11 - Kabo Leikai Nongpok (A),ENG,final,6.94,AC15_part011_final_ENG.pdf,,5288610,,done
15,Wangkhei,11,11 - Kabo Leikai Nongpok (A),BEN,final,7.68,AC15_part011_final_BEN.pdf,,5462142,,done
15,Wangkhei,12,12 - Kabo Leikai Nongpok (B),ENG,final,8.33,AC15_part012_final_ENG.pdf,,6442659,,done
15,Wangkhei,12,12 - Kabo Leikai Nongpok (B),BEN,final,9.22,AC15_part012_final_BEN.pdf,,6637518,,done
15,Wangkhei,13,13 - Kabo Leikai Nongpok (C),ENG,final,4.17,AC15_part013_final_ENG.pdf,,3017928,,done
15,Wangkhei,13,13 - Kabo Leikai Nongpok (C),BEN,final,4.58,AC15_part013_final_BEN.pdf,,3102565,,done
15,Wangkhei,14,14 - Kabo Leikai Nongpok (D),ENG,final,8.87,AC15_part014_final_ENG.pdf,,6866836,,done
15,Wangkhei,14,14 - Kabo Leikai Nongpok (D),BEN,final,9.89,AC15_part014_final_BEN.pdf,,7105040,,done
15,Wangkhei,15,15 - Kabo Leikai Nongpok (E),ENG,final,9.93,AC15_part015_final_ENG.pdf,,7755240,,done
15,Wangkhei,15,15 - Kabo Leikai Nongpok (E),BEN,final,11.08,AC15_part015_final_BEN.pdf,,8009213,,done
15,Wangkhei,16,16 - Golapati (North),ENG,final,8.54,AC15_part016_final_ENG.pdf,,6667135,,done
15,Wangkhei,16,16 - Golapati (North),BEN,final,9.55,AC15_part016_final_BEN.pdf,,6934257,,done
15,Wangkhei,17,17 - Golapati (South),ENG,final,5.52,AC15_part017_final_ENG.pdf,,4162852,,done
15,Wangkhei,17,17 - Golapati (South),BEN,final,6.11,AC15_part017_final_BEN.pdf,,4316117,,done
15,Wangkhei,18,18 - Nongpok Ingkhol (C),ENG,final,6.33,AC15_part018_final_ENG.pdf,,4809273,,done
15,Wangkhei,18,18 - Nongpok Ingkhol (C),BEN,final,7.01,AC15_part018_final_BEN.pdf,,4976212,,done
15,Wangkhei,19,19 - Nongpok Ingkhol (D),ENG,final,8.09,AC15_part019_final_ENG.pdf,,6272347,,done
15,Wangkhei,19,19 - Nongpok Ingkhol (D),BEN,final,8.98,AC15_part019_final_BEN.pdf,,6492577,,done
15,Wangkhei,20,20 - Nongpok Ingkhol (A),ENG,final,6.61,AC15_part020_final_ENG.pdf,,5028123,,done
15,Wangkhei,20,20 - Nongpok Ingkhol (A),BEN,final,7.4,AC15_part020_final_BEN.pdf,,5216131,,done
15,Wangkhei,21,21 - Nongpok Ingkhol (B),ENG,final,6.31,AC15_part021_final_ENG.pdf,,4807860,,done
15,Wangkhei,21,21 - Nongpok Ingkhol (B),BEN,final,7.06,AC15_part021_final_BEN.pdf,,4988233,,done
15,Wangkhei,22,22 - Wangkheirakpam Leikai,ENG,final,5.78,AC15_part022_final_ENG.pdf,,4338382,,done
15,Wangkhei,22,22 - Wangkheirakpam Leikai,BEN,final,6.4,AC15_part022_final_BEN.pdf,,4478245,,done
15,Wangkhei,23,23 - Wangkheirakpam Leikai (E),ENG,final,5.93,AC15_part023_final_ENG.pdf,,4435118,,done
15,Wangkhei,23,23 - Wangkheirakpam Leikai (E),BEN,final,6.55,AC15_part023_final_BEN.pdf,,4567218,,done
15,Wangkhei,24,24 - Nongpok Ingkhol(F-2),ENG,final,7.04,AC15_part024_final_ENG.pdf,,5344453,,done
15,Wangkhei,24,24 - Nongpok Ingkhol(F-2),BEN,final,7.81,AC15_part024_final_BEN.pdf,,5524752,,done
15,Wangkhei,25,25 - New Checkon (A),ENG,final,7.3,AC15_part025_final_ENG.pdf,,5546541,,done
15,Wangkhei,25,25 - New Checkon (A),BEN,final,8.08,AC15_part025_final_BEN.pdf,,5721573,,done
15,Wangkhei,26,26 - New Checkon (B),ENG,final,7.09,AC15_part026_final_ENG.pdf,,5384425,,done
15,Wangkhei,26,26 - New Checkon (B),BEN,final,7.84,AC15_part026_final_BEN.pdf,,5547765,,done
15,Wangkhei,27,27 - Hafiz Hatta,ENG,final,7.97,AC15_part027_final_ENG.pdf,,6164078,,done
15,Wangkhei,27,27 - Hafiz Hatta,BEN,final,8.85,AC15_part027_final_BEN.pdf,,6386342,,done
15,Wangkhei,28,28 - Konjeng Poila Leikai,ENG,final,9.28,AC15_part028_final_ENG.pdf,,7161155,,done
15,Wangkhei,28,28 - Konjeng Poila Leikai,BEN,final,10.27,AC15_part028_final_BEN.pdf,,7372847,,done
15,Wangkhei,29,29 - Telipati (A),ENG,final,5.67,AC15_part029_final_ENG.pdf,,4276699,,done
15,Wangkhei,29,29 - Telipati (A),BEN,final,6.19,AC15_part029_final_BEN.pdf,,4380789,,done
15,Wangkhei,30,30 - Telipati (B),ENG,final,7.45,AC15_part030_final_ENG.pdf,,5725064,,done
15,Wangkhei,30,30 - Telipati (B),BEN,final,8.15,AC15_part030_final_BEN.pdf,,5861976,,done
15,Wangkhei,31,31 - Khurai Thoudam Leikai (A),ENG,final,7.29,AC15_part031_final_ENG.pdf,,5557241,,done
15,Wangkhei,31,31 - Khurai Thoudam Leikai (A),BEN,final,8.06,AC15_part031_final_BEN.pdf,,5714252,,done
15,Wangkhei,32,32 - Khurai Thoudam Leikai (B),ENG,final,4.14,AC15_part032_final_ENG.pdf,,2986942,,done
15,Wangkhei,32,32 - Khurai Thoudam Leikai (B),BEN,final,4.54,AC15_part032_final_BEN.pdf,,3057476,,done
15,Wangkhei,33,33 - Khurai Thangjam Leikai (A),ENG,final,5.92,AC15_part033_final_ENG.pdf,,4389179,,done
15,Wangkhei,33,33 - Khurai Thangjam Leikai (A),BEN,final,6.5,AC15_part033_final_BEN.pdf,,4496243,,done
15,Wangkhei,34,34 - Khurai Thangjam Leikai (B),ENG,final,5.6,AC15_part034_final_ENG.pdf,,4156847,,done
15,Wangkhei,34,34 - Khurai Thangjam Leikai (B),BEN,final,6.17,AC15_part034_final_BEN.pdf,,4269269,,done
15,Wangkhei,35,35 - Khurai Thangjam Leikai (C),ENG,final,7.69,AC15_part035_final_ENG.pdf,,5882594,,done
15,Wangkhei,35,35 - Khurai Thangjam Leikai (C),BEN,final,8.5,AC15_part035_final_BEN.pdf,,6046557,,done
15,Wangkhei,36,36 - Khurai Thangjam Leikai (D),ENG,final,7.41,AC15_part036_final_ENG.pdf,,5621706,,done
15,Wangkhei,36,36 - Khurai Thangjam Leikai (D),BEN,final,8.2,AC15_part036_final_BEN.pdf,,5795540,,done
15,Wangkhei,37,37 - Khurai Ahongei Leikai (A),ENG,final,6.08,AC15_part037_final_ENG.pdf,,4564457,,done
15,Wangkhei,37,37 - Khurai Ahongei Leikai (A),BEN,final,6.69,AC15_part037_final_BEN.pdf,,4682855,,done
15,Wangkhei,38,38 - Khurai Ahongei Leikai,ENG,final,6.28,AC15_part038_final_ENG.pdf,,4898999,,done
15,Wangkhei,38,38 - Khurai Ahongei Leikai,BEN,final,6.99,AC15_part038_final_BEN.pdf,,5055017,,done
15,Wangkhei,39,39 - Khurai Soibam Leikai (A),ENG,final,7.93,AC15_part039_final_ENG.pdf,,6043988,,done
15,Wangkhei,39,39 - Khurai Soibam Leikai (A),BEN,final,8.8,AC15_part039_final_BEN.pdf,,6243107,,done
15,Wangkhei,40,40 - Khurai Soibam Leikai (B),ENG,final,7.21,AC15_part040_final_ENG.pdf,,5620685,,done
15,Wangkhei,40,40 - Khurai Soibam Leikai (B),BEN,final,8.01,AC15_part040_final_BEN.pdf,,5804748,,done
15,Wangkhei,41,41 - Khurai Soibam Leikai (C),ENG,final,5.16,AC15_part041_final_ENG.pdf,,3830925,,done
15,Wangkhei,41,41 - Khurai Soibam Leikai (C),BEN,final,5.7,AC15_part041_final_BEN.pdf,,3951268,,done
15,Wangkhei,42,42 - Khurai Soibam Leikai (D),ENG,final,6.83,AC15_part042_final_ENG.pdf,,5130999,,done
15,Wangkhei,42,42 - Khurai Soibam Leikai (D),BEN,final,7.55,AC15_part042_final_BEN.pdf,,5297190,,done
15,Wangkhei,43,43 - Wangkheirakpam Leikai (A),ENG,final,6.12,AC15_part043_final_ENG.pdf,,4599222,,done
15,Wangkhei,43,43 - Wangkheirakpam Leikai (A),BEN,final,6.71,AC15_part043_final_BEN.pdf,,4727136,,done
15,Wangkhei,44,44 - Wangkheirakpam Leikai (A-1),ENG,final,5.42,AC15_part044_final_ENG.pdf,,4046227,,done
15,Wangkhei,44,44 - Wangkheirakpam Leikai (A-1),BEN,final,5.94,AC15_part044_final_BEN.pdf,,4156146,,done
15,Wangkhei,45,45 - Wangkheirakpam Leikai (B),ENG,final,6.51,AC15_part045_final_ENG.pdf,,4928274,,done
15,Wangkhei,45,45 - Wangkheirakpam Leikai (B),BEN,final,7.16,AC15_part045_final_BEN.pdf,,5054942,,done
15,Wangkhei,46,46 - Wangkheirakpam Leikai (B-1),ENG,final,5.92,AC15_part046_final_ENG.pdf,,4560443,,done
15,Wangkhei,46,46 - Wangkheirakpam Leikai (B-1),BEN,final,6.54,AC15_part046_final_BEN.pdf,,4695869,,done
15,Wangkhei,47,47 - Wangkheirakpam Leikai (C),ENG,final,8.45,AC15_part047_final_ENG.pdf,,6515044,,done
15,Wangkhei,47,47 - Wangkheirakpam Leikai (C),BEN,final,9.42,AC15_part047_final_BEN.pdf,,6741035,,done
15,Wangkhei,48,48 - Wangkheirakpam Leikai (D),ENG,final,7.92,AC15_part048_final_ENG.pdf,,6065706,,done
15,Wangkhei,48,48 - Wangkheirakpam Leikai (D),BEN,final,8.79,AC15_part048_final_BEN.pdf,,6252120,,done
15,Wangkhei,49,49 - Wangkhei Angom Leikai (A),ENG,final,6.33,AC15_part049_final_ENG.pdf,,4794448,,done
15,Wangkhei,49,49 - Wangkhei Angom Leikai (A),BEN,final,7.0,AC15_part049_final_BEN.pdf,,4937445,,done
15,Wangkhei,50,50 - Wangkhei Angom Leikai (B),ENG,final,9.96,AC15_part050_final_ENG.pdf,,7794285,,done
15,Wangkhei,50,50 - Wangkhei Angom Leikai (B),BEN,final,11.06,AC15_part050_final_BEN.pdf,,8023523,,done
16,Sekmai,1,1 - Kanglatongbi Mandir,ENG,final,10.5,AC16_part001_final_ENG.pdf,,8380954,,done
16,Sekmai,1,1 - Kanglatongbi Mandir,BEN,final,11.61,AC16_part001_final_BEN.pdf,,8620140,,done
16,Sekmai,2,2 - Kanglatongbi Hatikhuwa,ENG,final,12.76,AC16_part002_final_ENG.pdf,,10261019,,done
16,Sekmai,2,2 - Kanglatongbi Hatikhuwa,BEN,final,14.18,AC16_part002_final_BEN.pdf,,10585265,,done
16,Sekmai,3,3 - Kanglatongbi Shantipur,ENG,final,11.42,AC16_part003_final_ENG.pdf,,9080526,,done
16,Sekmai,3,3 - Kanglatongbi Shantipur,BEN,final,12.63,AC16_part003_final_BEN.pdf,,9355355,,done
16,Sekmai,4,4 - Kanglatongbi (A),ENG,final,12.4,AC16_part004_final_ENG.pdf,,9934338,,done
16,Sekmai,4,4 - Kanglatongbi (A),BEN,final,13.71,AC16_part004_final_BEN.pdf,,10221182,,done
16,Sekmai,5,5 - Kanglatongbi Bazaar Board,ENG,final,8.06,AC16_part005_final_ENG.pdf,,6295789,,done
16,Sekmai,5,5 - Kanglatongbi Bazaar Board,BEN,final,9.01,AC16_part005_final_BEN.pdf,,6533733,,done
16,Sekmai,6,6 - Kanglatongbi (B),ENG,final,11.94,AC16_part006_final_ENG.pdf,,9538031,,done
16,Sekmai,6,6 - Kanglatongbi (B),BEN,final,13.19,AC16_part006_final_BEN.pdf,,9803739,,done
16,Sekmai,7,7 - Sekmai Bazar,ENG,final,6.73,AC16_part007_final_ENG.pdf,,5170129,,done
16,Sekmai,7,7 - Sekmai Bazar,BEN,final,7.45,AC16_part007_final_BEN.pdf,,5328679,,done
16,Sekmai,8,8 - Sekmai Koujengleima,ENG,final,5.7,AC16_part008_final_ENG.pdf,,4308783,,done
16,Sekmai,8,8 - Sekmai Koujengleima,BEN,final,6.29,AC16_part008_final_BEN.pdf,,4442935,,done
16,Sekmai,9,9 - Sekmai (A),ENG,final,5.55,AC16_part009_final_ENG.pdf,,4173665,,done
16,Sekmai,9,9 - Sekmai (A),BEN,final,6.12,AC16_part009_final_BEN.pdf,,4293514,,done
16,Sekmai,10,10 - Sekmai (B),ENG,final,7.07,AC16_part010_final_ENG.pdf,,5401694,,done
16,Sekmai,10,10 - Sekmai (B),BEN,final,7.83,AC16_part010_final_BEN.pdf,,5579935,,done
16,Sekmai,11,11 - Sekmai Luwangbung,ENG,final,4.78,AC16_part011_final_ENG.pdf,,3571438,,done
16,Sekmai,11,11 - Sekmai Luwangbung,BEN,final,5.25,AC16_part011_final_BEN.pdf,,3662283,,done
16,Sekmai,12,12 - Sekmai Nongthomband,ENG,final,8.03,AC16_part012_final_ENG.pdf,,6317523,,done
16,Sekmai,12,12 - Sekmai Nongthomband,BEN,final,8.92,AC16_part012_final_BEN.pdf,,6531041,,done
16,Sekmai,13,13 - Sekmai Awang Leikai (A),ENG,final,6.38,AC16_part013_final_ENG.pdf,,4833893,,done
16,Sekmai,13,13 - Sekmai Awang Leikai (A),BEN,final,7.0,AC16_part013_final_BEN.pdf,,4951384,,done
16,Sekmai,14,14 - Sekmai Awang Leikai (B),ENG,final,7.96,AC16_part014_final_ENG.pdf,,6120979,,done
16,Sekmai,14,14 - Sekmai Awang Leikai (B),BEN,final,8.84,AC16_part014_final_BEN.pdf,,6324234,,done
16,Sekmai,15,15 - Khurkhul Awang Leikai (A),ENG,final,7.39,AC16_part015_final_ENG.pdf,,5662196,,done
16,Sekmai,15,15 - Khurkhul Awang Leikai (A),BEN,final,8.09,AC16_part015_final_BEN.pdf,,5784422,,done
16,Sekmai,16,16 - Khurkhul Awang Leikai (B),ENG,final,6.16,AC16_part016_final_ENG.pdf,,4674143,,done
16,Sekmai,16,16 - Khurkhul Awang Leikai (B),BEN,final,6.75,AC16_part016_final_BEN.pdf,,4775754,,done
16,Sekmai,17,17 - Khurkhul Makha Mamang Leikai,ENG,final,5.78,AC16_part017_final_ENG.pdf,,4346769,,done
16,Sekmai,17,17 - Khurkhul Makha Mamang Leikai,BEN,final,6.39,AC16_part017_final_BEN.pdf,,4483770,,done
16,Sekmai,18,18 - Khurkhul Makha Leikai,ENG,final,7.2,AC16_part018_final_ENG.pdf,,5473088,,done
16,Sekmai,18,18 - Khurkhul Makha Leikai,BEN,final,7.92,AC16_part018_final_BEN.pdf,,5613072,,done
16,Sekmai,19,19 - Khurkhul,ENG,final,7.72,AC16_part019_final_ENG.pdf,,5936949,,done
16,Sekmai,19,19 - Khurkhul,BEN,final,8.61,AC16_part019_final_BEN.pdf,,6150529,,done
16,Sekmai,20,20 - Kanto,ENG,final,8.86,AC16_part020_final_ENG.pdf,,6773275,,done
16,Sekmai,20,20 - Kanto,BEN,final,9.82,AC16_part020_final_BEN.pdf,,7005179,,done
16,Sekmai,21,21 - Kanto Sabal,ENG,final,10.29,AC16_part021_final_ENG.pdf,,8167224,,done
16,Sekmai,21,21 - Kanto Sabal,BEN,final,11.39,AC16_part021_final_BEN.pdf,,8404293,,done
16,Sekmai,22,22 - Senjam Chirang,ENG,final,6.77,AC16_part022_final_ENG.pdf,,5194077,,done
16,Sekmai,22,22 - Senjam Chirang,BEN,final,7.54,AC16_part022_final_BEN.pdf,,5380800,,done
16,Sekmai,23,23 - Senjam Khunnou,ENG,final,7.27,AC16_part023_final_ENG.pdf,,5626442,,done
16,Sekmai,23,23 - Senjam Khunnou,BEN,final,8.09,AC16_part023_final_BEN.pdf,,5827200,,done
16,Sekmai,24,24 - Loitang Khunou,ENG,final,7.39,AC16_part024_final_ENG.pdf,,5704173,,done
16,Sekmai,24,24 - Loitang Khunou,BEN,final,8.23,AC16_part024_final_BEN.pdf,,5911708,,done
16,Sekmai,25,25 - Loitang Leikinthabi,ENG,final,3.97,AC16_part025_final_ENG.pdf,,2853656,,done
16,Sekmai,25,25 - Loitang Leikinthabi,BEN,final,4.36,AC16_part025_final_BEN.pdf,,2930039,,done
16,Sekmai,26,26 - Phumlou (A),ENG,final,7.68,AC16_part026_final_ENG.pdf,,6044221,,done
16,Sekmai,26,26 - Phumlou (A),BEN,final,8.51,AC16_part026_final_BEN.pdf,,6238855,,done
16,Sekmai,27,27 - Phumlou (B),ENG,final,8.19,AC16_part027_final_ENG.pdf,,6425599,,done
16,Sekmai,27,27 - Phumlou (B),BEN,final,9.1,AC16_part027_final_BEN.pdf,,6634204,,done
16,Sekmai,28,28 - Phayeng (A),ENG,final,7.95,AC16_part028_final_ENG.pdf,,6226112,,done
16,Sekmai,28,28 - Phayeng (A),BEN,final,8.86,AC16_part028_final_BEN.pdf,,6447677,,done
16,Sekmai,29,29 - Phayeng Awang Leikai (A),ENG,final,5.93,AC16_part029_final_ENG.pdf,,4490866,,done
16,Sekmai,29,29 - Phayeng Awang Leikai (A),BEN,final,6.56,AC16_part029_final_BEN.pdf,,4620470,,done
16,Sekmai,30,30 - Phayeng Awang Leikai (B),ENG,final,6.41,AC16_part030_final_ENG.pdf,,4962131,,done
16,Sekmai,30,30 - Phayeng Awang Leikai (B),BEN,final,7.13,AC16_part030_final_BEN.pdf,,5125431,,done
16,Sekmai,31,31 - Phayeng (B),ENG,final,7.18,AC16_part031_final_ENG.pdf,,5516894,,done
16,Sekmai,31,31 - Phayeng (B),BEN,final,7.99,AC16_part031_final_BEN.pdf,,5702957,,done
16,Sekmai,32,32 - Phayeng Sabal Leikai,ENG,final,4.48,AC16_part032_final_ENG.pdf,,3335097,,done
16,Sekmai,32,32 - Phayeng Sabal Leikai,BEN,final,4.98,AC16_part032_final_BEN.pdf,,3447331,,done
16,Sekmai,33,33 - Lairenkabi,ENG,final,7.14,AC16_part033_final_ENG.pdf,,5528491,,done
16,Sekmai,33,33 - Lairenkabi,BEN,final,7.94,AC16_part033_final_BEN.pdf,,5714909,,done
16,Sekmai,34,34 - Lamlongei,ENG,final,7.2,AC16_part034_final_ENG.pdf,,5605310,,done
16,Sekmai,34,34 - Lamlongei,BEN,final,8.02,AC16_part034_final_BEN.pdf,,5805900,,done
16,Sekmai,35,35 - Lairensajik,ENG,final,5.83,AC16_part035_final_ENG.pdf,,4521414,,done
16,Sekmai,35,35 - Lairensajik,BEN,final,6.48,AC16_part035_final_BEN.pdf,,4676053,,done
16,Sekmai,36,36 - Kadangband,ENG,final,8.84,AC16_part036_final_ENG.pdf,,6856974,,done
16,Sekmai,36,36 - Kadangband,BEN,final,9.76,AC16_part036_final_BEN.pdf,,7040746,,done
16,Sekmai,37,37 - Koutruk,ENG,final,4.42,AC16_part037_final_ENG.pdf,,3264426,,done
16,Sekmai,37,37 - Koutruk,BEN,final,4.89,AC16_part037_final_BEN.pdf,,3372214,,done
16,Sekmai,38,38 - Haorang Keirel,ENG,final,6.53,AC16_part038_final_ENG.pdf,,5018278,,done
16,Sekmai,38,38 - Haorang Keirel,BEN,final,7.18,AC16_part038_final_BEN.pdf,,5143835,,done
16,Sekmai,39,39 - Sanjenbam,ENG,final,5.45,AC16_part039_final_ENG.pdf,,4176208,,done
16,Sekmai,39,39 - Sanjenbam,BEN,final,6.04,AC16_part039_final_BEN.pdf,,4317653,,done
16,Sekmai,40,40 - Tairenpokpi,ENG,final,6.58,AC16_part040_final_ENG.pdf,,5034105,,done
16,Sekmai,40,40 - Tairenpokpi,BEN,final,7.29,AC16_part040_final_BEN.pdf,,5168572,,done
16,Sekmai,41,41 - Sairemkhul,ENG,final,4.37,AC16_part041_final_ENG.pdf,,3282473,,done
16,Sekmai,41,41 - Sairemkhul,BEN,final,4.81,AC16_part041_final_BEN.pdf,,3376992,,done
17,Lamsang,1,1 - Awang Leikinthabi Awang Leikai,ENG,final,7.33,AC17_part001_final_ENG.pdf,,5636554,,done
17,Lamsang,1,1 - Awang Leikinthabi Awang Leikai,BEN,final,8.06,AC17_part001_final_BEN.pdf,,5773309,,done
17,Lamsang,2,2 - Awang Leikinthabi Makha Leikai,ENG,final,6.35,AC17_part002_final_ENG.pdf,,4794874,,done
17,Lamsang,2,2 - Awang Leikinthabi Makha Leikai,BEN,final,6.97,AC17_part002_final_BEN.pdf,,4919624,,done
17,Lamsang,3,3 - Awang Wabgai,ENG,final,5.75,AC17_part003_final_ENG.pdf,,4438317,,done
17,Lamsang,3,3 - Awang Wabgai,BEN,final,6.34,AC17_part003_final_BEN.pdf,,4561858,,done
17,Lamsang,4,4 - Tingri,ENG,final,3.49,AC17_part004_final_ENG.pdf,,2506586,,done
17,Lamsang,4,4 - Tingri,BEN,final,3.83,AC17_part004_final_BEN.pdf,,2562048,,done
17,Lamsang,5,5 - Maharabi,ENG,final,8.01,AC17_part005_final_ENG.pdf,,6178839,,done
17,Lamsang,5,5 - Maharabi,BEN,final,8.91,AC17_part005_final_BEN.pdf,,6392876,,done
17,Lamsang,6,6 - Potsangbam Khullen Khoiru,ENG,final,7.75,AC17_part006_final_ENG.pdf,,6032710,,done
17,Lamsang,6,6 - Potsangbam Khullen Khoiru,BEN,final,8.55,AC17_part006_final_BEN.pdf,,6199762,,done
17,Lamsang,7,7 - Potsangbam Khullen Thouriphi,ENG,final,6.89,AC17_part007_final_ENG.pdf,,5285126,,done
17,Lamsang,7,7 - Potsangbam Khullen Thouriphi,BEN,final,7.57,AC17_part007_final_BEN.pdf,,5414070,,done
17,Lamsang,8,8 - Khonghampat Khullen (A),ENG,final,8.82,AC17_part008_final_ENG.pdf,,6838944,,done
17,Lamsang,8,8 - Khonghampat Khullen (A),BEN,final,9.81,AC17_part008_final_BEN.pdf,,7049396,,done
17,Lamsang,9,9 - Khonghampat Khullen (B),ENG,final,6.57,AC17_part009_final_ENG.pdf,,5052799,,done
17,Lamsang,9,9 - Khonghampat Khullen (B),BEN,final,7.26,AC17_part009_final_BEN.pdf,,5198470,,done
17,Lamsang,10,10 - Khonghampat Khunou,ENG,final,4.26,AC17_part010_final_ENG.pdf,,3161403,,done
17,Lamsang,10,10 - Khonghampat Khunou,BEN,final,4.7,AC17_part010_final_BEN.pdf,,3256339,,done
17,Lamsang,11,11 - Mantri Leikai,ENG,final,4.29,AC17_part011_final_ENG.pdf,,3208202,,done
17,Lamsang,11,11 - Mantri Leikai,BEN,final,4.73,AC17_part011_final_BEN.pdf,,3295477,,done
17,Lamsang,12,12 - Khamaral,ENG,final,4.8,AC17_part012_final_ENG.pdf,,3637705,,done
17,Lamsang,12,12 - Khamaral,BEN,final,5.29,AC17_part012_final_BEN.pdf,,3733335,,done
17,Lamsang,13,13 - Kameng,ENG,final,6.75,AC17_part013_final_ENG.pdf,,5193733,,done
17,Lamsang,13,13 - Kameng,BEN,final,7.51,AC17_part013_final_BEN.pdf,,5370572,,done
17,Lamsang,14,14 - Mana-Ingkhol,ENG,final,3.2,AC17_part014_final_ENG.pdf,,2312737,,done
17,Lamsang,14,14 - Mana-Ingkhol,BEN,final,3.53,AC17_part014_final_BEN.pdf,,2387312,,done
17,Lamsang,15,15 - Tendongyan,ENG,final,8.94,AC17_part015_final_ENG.pdf,,6994646,,done
17,Lamsang,15,15 - Tendongyan,BEN,final,9.91,AC17_part015_final_BEN.pdf,,7200382,,done
17,Lamsang,16,16 - Pheidinga,ENG,final,3.44,AC17_part016_final_ENG.pdf,,2390358,,done
17,Lamsang,16,16 - Pheidinga,BEN,final,3.75,AC17_part016_final_BEN.pdf,,2450764,,done
17,Lamsang,17,17 - Loitang Khullen,ENG,final,8.56,AC17_part017_final_ENG.pdf,,6601379,,done
17,Lamsang,17,17 - Loitang Khullen,BEN,final,9.51,AC17_part017_final_BEN.pdf,,6821287,,done
17,Lamsang,18,18 - Mayang Langjing Taning Awang Leikai,ENG,final,5.69,AC17_part018_final_ENG.pdf,,4266919,,done
17,Lamsang,18,18 - Mayang Langjing Taning Awang Leikai,BEN,final,6.32,AC17_part018_final_BEN.pdf,,4411027,,done
17,Lamsang,19,19 - Mayang Langjing Taning Makha Leikai,ENG,final,6.73,AC17_part019_final_ENG.pdf,,5074973,,done
17,Lamsang,19,19 - Mayang Langjing Taning Makha Leikai,BEN,final,7.45,AC17_part019_final_BEN.pdf,,5227914,,done
17,Lamsang,20,20 - Mayang Langjing Tamang,ENG,final,11.46,AC17_part020_final_ENG.pdf,,8962927,,done
17,Lamsang,20,20 - Mayang Langjing Tamang,BEN,final,12.68,AC17_part020_final_BEN.pdf,,9212309,,done
17,Lamsang,21,21 - Akham,ENG,final,9.61,AC17_part021_final_ENG.pdf,,7618703,,done
17,Lamsang,21,21 - Akham,BEN,final,10.7,AC17_part021_final_BEN.pdf,,7859837,,done
17,Lamsang,22,22 - Lamdeng (A),ENG,final,8.57,AC17_part022_final_ENG.pdf,,6595017,,done
17,Lamsang,22,22 - Lamdeng (A),BEN,final,9.48,AC17_part022_final_BEN.pdf,,6797604,,done
17,Lamsang,23,23 - Lamdeng (B),ENG,final,8.91,AC17_part023_final_ENG.pdf,,6771356,,done
17,Lamsang,23,23 - Lamdeng (B),BEN,final,9.85,AC17_part023_final_BEN.pdf,,6960212,,done
17,Lamsang,24,24 - Lamdeng Khunoun (A),ENG,final,8.37,AC17_part024_final_ENG.pdf,,6457402,,done
17,Lamsang,24,24 - Lamdeng Khunoun (A),BEN,final,9.31,AC17_part024_final_BEN.pdf,,6673286,,done
17,Lamsang,25,25 - Lamdeng Khunou (B),ENG,final,7.35,AC17_part025_final_ENG.pdf,,5689906,,done
17,Lamsang,25,25 - Lamdeng Khunou (B),BEN,final,8.1,AC17_part025_final_BEN.pdf,,5835707,,done
17,Lamsang,26,26 - Awang khunou,ENG,final,11.13,AC17_part026_final_ENG.pdf,,8737796,,done
17,Lamsang,26,26 - Awang khunou,BEN,final,12.19,AC17_part026_final_BEN.pdf,,8900286,,done
17,Lamsang,27,27 - Awang Khunou Sorok Maning,ENG,final,5.43,AC17_part027_final_ENG.pdf,,4080834,,done
17,Lamsang,27,27 - Awang Khunou Sorok Maning,BEN,final,6.0,AC17_part027_final_BEN.pdf,,4204376,,done
17,Lamsang,28,28 - Awang Khunou Sorok Mamang,ENG,final,6.2,AC17_part028_final_ENG.pdf,,4684378,,done
17,Lamsang,28,28 - Awang Khunou Sorok Mamang,BEN,final,6.8,AC17_part028_final_BEN.pdf,,4790410,,done
17,Lamsang,29,29 - Salam Keikhu,ENG,final,6.91,AC17_part029_final_ENG.pdf,,5225417,,done
17,Lamsang,29,29 - Salam Keikhu,BEN,final,7.67,AC17_part029_final_BEN.pdf,,5392719,,done
17,Lamsang,30,30 - Salam Keikhu,ENG,final,8.07,AC17_part030_final_ENG.pdf,,6168900,,done
17,Lamsang,30,30 - Salam Keikhu,BEN,final,9.02,AC17_part030_final_BEN.pdf,,6415588,,done
17,Lamsang,31,31 - Tharoijam,ENG,final,9.73,AC17_part031_final_ENG.pdf,,7626565,,done
17,Lamsang,31,31 - Tharoijam,BEN,final,10.84,AC17_part031_final_BEN.pdf,,7877241,,done
17,Lamsang,32,32 - Heibongpokpi,ENG,final,6.56,AC17_part032_final_ENG.pdf,,4941444,,done
17,Lamsang,32,32 - Heibongpokpi,BEN,final,7.26,AC17_part032_final_BEN.pdf,,5092671,,done
17,Lamsang,33,33 - Haorang Sabal,ENG,final,6.0,AC17_part033_final_ENG.pdf,,4520693,,done
17,Lamsang,33,33 - Haorang Sabal,BEN,final,6.61,AC17_part033_final_BEN.pdf,,4643756,,done
17,Lamsang,34,34 - Lamsang,ENG,final,6.96,AC17_part034_final_ENG.pdf,,5319954,,done
17,Lamsang,34,34 - Lamsang,BEN,final,7.72,AC17_part034_final_BEN.pdf,,5491643,,done
17,Lamsang,35,35 - Lambal,ENG,final,6.67,AC17_part035_final_ENG.pdf,,5032601,,done
17,Lamsang,35,35 - Lambal,BEN,final,7.39,AC17_part035_final_BEN.pdf,,5201939,,done
17,Lamsang,36,36 - Taothong Ayungba,ENG,final,6.97,AC17_part036_final_ENG.pdf,,5337250,,done
17,Lamsang,36,36 - Taothong Ayungba,BEN,final,7.7,AC17_part036_final_BEN.pdf,,5489785,,done
17,Lamsang,37,37 - Taothong Apheiba,ENG,final,5.91,AC17_part037_final_ENG.pdf,,4506325,,done
17,Lamsang,37,37 - Taothong Apheiba,BEN,final,6.54,AC17_part037_final_BEN.pdf,,4635128,,done
17,Lamsang,38,38 - Taothong,ENG,final,8.27,AC17_part038_final_ENG.pdf,,6452113,,done
17,Lamsang,38,38 - Taothong,BEN,final,9.16,AC17_part038_final_BEN.pdf,,6653906,,done
17,Lamsang,39,39 - Khullem Leikai (A),ENG,final,5.84,AC17_part039_final_ENG.pdf,,4355977,,done
17,Lamsang,39,39 - Khullem Leikai (A),BEN,final,6.43,AC17_part039_final_BEN.pdf,,4477132,,done
17,Lamsang,40,40 - Khullem Leikai (B),ENG,final,5.62,AC17_part040_final_ENG.pdf,,4190293,,done
17,Lamsang,40,40 - Khullem Leikai (B),BEN,final,6.24,AC17_part040_final_BEN.pdf,,4337257,,done
17,Lamsang,41,41 - Khullem Leikai (C),ENG,final,9.73,AC17_part041_final_ENG.pdf,,7537401,,done
17,Lamsang,41,41 - Khullem Leikai (C),BEN,final,10.81,AC17_part041_final_BEN.pdf,,7781964,,done
17,Lamsang,42,42 - Khullem Leikai (D),ENG,final,10.52,AC17_part042_final_ENG.pdf,,8168785,,done
17,Lamsang,42,42 - Khullem Leikai (D),BEN,final,11.71,AC17_part042_final_BEN.pdf,,8449802,,done
17,Lamsang,43,43 - Luker (A),ENG,final,5.44,AC17_part043_final_ENG.pdf,,4119779,,done
17,Lamsang,43,43 - Luker (A),BEN,final,6.01,AC17_part043_final_BEN.pdf,,4240218,,done
17,Lamsang,44,44 - Kiyam,ENG,final,3.56,AC17_part044_final_ENG.pdf,,2550019,,done
17,Lamsang,44,44 - Kiyam,BEN,final,3.87,AC17_part044_final_BEN.pdf,,2597425,,done
17,Lamsang,45,45 - Luker (B),ENG,final,5.24,AC17_part045_final_ENG.pdf,,3872859,,done
17,Lamsang,45,45 - Luker (B),BEN,final,5.79,AC17_part045_final_BEN.pdf,,3995452,,done
17,Lamsang,46,46 - Maklang,ENG,final,9.69,AC17_part046_final_ENG.pdf,,7571587,,done
17,Lamsang,46,46 - Maklang,BEN,final,10.76,AC17_part046_final_BEN.pdf,,7804317,,done
17,Lamsang,47,47 - Leitong,ENG,final,2.9,AC17_part047_final_ENG.pdf,,2059682,,done
17,Lamsang,47,47 - Leitong,BEN,final,3.17,AC17_part047_final_BEN.pdf,,2114695,,done
17,Lamsang,48,48 - Thangjing Khullen,ENG,final,7.63,AC17_part048_final_ENG.pdf,,5899960,,done
17,Lamsang,48,48 - Thangjing Khullen,BEN,final,8.46,AC17_part048_final_BEN.pdf,,6081934,,done
17,Lamsang,49,49 - Sangaithel,ENG,final,7.35,AC17_part049_final_ENG.pdf,,5643825,,done
17,Lamsang,49,49 - Sangaithel,BEN,final,8.09,AC17_part049_final_BEN.pdf,,5777029,,done
18,Konthoujam,1,1 - Moidangpok Khullen (A),ENG,final,6.08,AC18_part001_final_ENG.pdf,,4626977,,done
18,Konthoujam,1,1 - Moidangpok Khullen (A),BEN,final,6.75,AC18_part001_final_BEN.pdf,,4766546,,done
18,Konthoujam,2,2 - Moidangpok Khullen (B),ENG,final,7.33,AC18_part002_final_ENG.pdf,,5523746,,done
18,Konthoujam,2,2 - Moidangpok Khullen (B),BEN,final,8.17,AC18_part002_final_BEN.pdf,,5726836,,done
18,Konthoujam,3,3 - Moidangpok Khullen (C),ENG,final,8.85,AC18_part003_final_ENG.pdf,,6880924,,done
18,Konthoujam,3,3 - Moidangpok Khullen (C),BEN,final,9.86,AC18_part003_final_BEN.pdf,,7118905,,done
18,Konthoujam,4,4 - Moidangpok Khunou,ENG,final,9.6,AC18_part004_final_ENG.pdf,,7470020,,done
18,Konthoujam,4,4 - Moidangpok Khunou,BEN,final,10.7,AC18_part004_final_BEN.pdf,,7725638,,done
18,Konthoujam,5,5 - Moidangpok Khunou (Keithelmanbi),ENG,final,4.86,AC18_part005_final_ENG.pdf,,3650490,,done
18,Konthoujam,5,5 - Moidangpok Khunou (Keithelmanbi),BEN,final,5.35,AC18_part005_final_BEN.pdf,,3749261,,done
18,Konthoujam,6,6 - Khumbong,ENG,final,9.3,AC18_part006_final_ENG.pdf,,7293089,,done
18,Konthoujam,6,6 - Khumbong,BEN,final,10.43,AC18_part006_final_BEN.pdf,,7564915,,done
18,Konthoujam,7,7 - Khumbong  Maning Leikai,ENG,final,8.41,AC18_part007_final_ENG.pdf,,6438082,,done
18,Konthoujam,7,7 - Khumbong  Maning Leikai,BEN,final,9.35,AC18_part007_final_BEN.pdf,,6646249,,done
18,Konthoujam,8,8 - Ngairangbam Awang,ENG,final,9.35,AC18_part008_final_ENG.pdf,,7304605,,done
18,Konthoujam,8,8 - Ngairangbam Awang,BEN,final,10.39,AC18_part008_final_BEN.pdf,,7525449,,done
18,Konthoujam,9,9 - Ngairangbam Makha,ENG,final,10.31,AC18_part009_final_ENG.pdf,,7959349,,done
18,Konthoujam,9,9 - Ngairangbam Makha,BEN,final,11.41,AC18_part009_final_BEN.pdf,,8201840,,done
18,Konthoujam,10,10 - Sagoltongba Makha,ENG,final,7.28,AC18_part010_final_ENG.pdf,,5646902,,done
18,Konthoujam,10,10 - Sagoltongba Makha,BEN,final,8.12,AC18_part010_final_BEN.pdf,,5845260,,done
18,Konthoujam,11,11 - Sagoltongba Sabal Leikai,ENG,final,3.68,AC18_part011_final_ENG.pdf,,2647573,,done
18,Konthoujam,11,11 - Sagoltongba Sabal Leikai,BEN,final,4.03,AC18_part011_final_BEN.pdf,,2714199,,done
18,Konthoujam,12,12 - Sagoltongba Awang,ENG,final,9.62,AC18_part012_final_ENG.pdf,,7473180,,done
18,Konthoujam,12,12 - Sagoltongba Awang,BEN,final,10.68,AC18_part012_final_BEN.pdf,,7704887,,done
18,Konthoujam,13,13 - Yurembam Mamang,ENG,final,6.9,AC18_part013_final_ENG.pdf,,5358127,,done
18,Konthoujam,13,13 - Yurembam Mamang,BEN,final,7.62,AC18_part013_final_BEN.pdf,,5499643,,done
18,Konthoujam,14,14 - Yurembam Makha,ENG,final,5.19,AC18_part014_final_ENG.pdf,,3994753,,done
18,Konthoujam,14,14 - Yurembam Makha,BEN,final,5.73,AC18_part014_final_BEN.pdf,,4096436,,done
18,Konthoujam,15,15 - Yurembam Awang Leikai (A),ENG,final,7.15,AC18_part015_final_ENG.pdf,,5530027,,done
18,Konthoujam,15,15 - Yurembam Awang Leikai (A),BEN,final,7.94,AC18_part015_final_BEN.pdf,,5691238,,done
18,Konthoujam,16,16 - Yurembam Awang Leikai (B),ENG,final,8.95,AC18_part016_final_ENG.pdf,,6969615,,done
18,Konthoujam,16,16 - Yurembam Awang Leikai (B),BEN,final,9.95,AC18_part016_final_BEN.pdf,,7168910,,done
18,Konthoujam,17,17 - Konthoujam Mamang Leikai (A),ENG,final,6.3,AC18_part017_final_ENG.pdf,,4804375,,done
18,Konthoujam,17,17 - Konthoujam Mamang Leikai (A),BEN,final,7.01,AC18_part017_final_BEN.pdf,,4969172,,done
18,Konthoujam,18,18 - Konthoujam Mamang Leikai (B),ENG,final,10.29,AC18_part018_final_ENG.pdf,,8088481,,done
18,Konthoujam,18,18 - Konthoujam Mamang Leikai (B),BEN,final,11.56,AC18_part018_final_BEN.pdf,,8409904,,done
18,Konthoujam,19,19 - Konthoujam Maning Leikai (A),ENG,final,5.5,AC18_part019_final_ENG.pdf,,4148158,,done
18,Konthoujam,19,19 - Konthoujam Maning Leikai (A),BEN,final,6.06,AC18_part019_final_BEN.pdf,,4254301,,done
18,Konthoujam,20,20 - Konthoujam Maning Leikai (B),ENG,final,8.84,AC18_part020_final_ENG.pdf,,6863810,,done
18,Konthoujam,20,20 - Konthoujam Maning Leikai (B),BEN,final,9.87,AC18_part020_final_BEN.pdf,,7106538,,done
18,Konthoujam,21,21 - Khaidem Awang,ENG,final,7.05,AC18_part021_final_ENG.pdf,,5361260,,done
18,Konthoujam,21,21 - Khaidem Awang,BEN,final,7.78,AC18_part021_final_BEN.pdf,,5514532,,done
18,Konthoujam,22,22 - Khaidem Makha,ENG,final,7.15,AC18_part022_final_ENG.pdf,,5506419,,done
18,Konthoujam,22,22 - Khaidem Makha,BEN,final,7.92,AC18_part022_final_BEN.pdf,,5677032,,done
18,Konthoujam,23,23 - Khabi (A),ENG,final,7.41,AC18_part023_final_ENG.pdf,,5726510,,done
18,Konthoujam,23,23 - Khabi (A),BEN,final,8.26,AC18_part023_final_BEN.pdf,,5931385,,done
18,Konthoujam,24,24 - Khabi (B),ENG,final,7.1,AC18_part024_final_ENG.pdf,,5575651,,done
18,Konthoujam,24,24 - Khabi (B),BEN,final,7.84,AC18_part024_final_BEN.pdf,,5730139,,done
18,Konthoujam,25,25 - Bamdiar Awang,ENG,final,6.83,AC18_part025_final_ENG.pdf,,5222721,,done
18,Konthoujam,25,25 - Bamdiar Awang,BEN,final,7.53,AC18_part025_final_BEN.pdf,,5356409,,done
18,Konthoujam,26,26 - Bamdiar Makha,ENG,final,5.75,AC18_part026_final_ENG.pdf,,4299786,,done
18,Konthoujam,26,26 - Bamdiar Makha,BEN,final,6.27,AC18_part026_final_BEN.pdf,,4395568,,done
18,Konthoujam,27,27 - Heikrujam Maning,ENG,final,8.65,AC18_part027_final_ENG.pdf,,6691827,,done
18,Konthoujam,27,27 - Heikrujam Maning,BEN,final,9.62,AC18_part027_final_BEN.pdf,,6894844,,done
18,Konthoujam,28,28 - Heikrujam Mamang,ENG,final,8.99,AC18_part028_final_ENG.pdf,,6919761,,done
18,Konthoujam,28,28 - Heikrujam Mamang,BEN,final,9.92,AC18_part028_final_BEN.pdf,,7099202,,done
18,Konthoujam,29,29 - Kamong (A),ENG,final,6.87,AC18_part029_final_ENG.pdf,,5203352,,done
18,Konthoujam,29,29 - Kamong (A),BEN,final,7.46,AC18_part029_final_BEN.pdf,,5290975,,done
18,Konthoujam,30,30 - Kamong (B),ENG,final,6.42,AC18_part030_final_ENG.pdf,,4964838,,done
18,Konthoujam,30,30 - Kamong (B),BEN,final,7.15,AC18_part030_final_BEN.pdf,,5128886,,done
18,Konthoujam,31,31 -  Kamong Meisnam,ENG,final,8.73,AC18_part031_final_ENG.pdf,,6789460,,done
18,Konthoujam,31,31 -  Kamong Meisnam,BEN,final,9.76,AC18_part031_final_BEN.pdf,,7040890,,done
18,Konthoujam,32,32 - Kha Jiri Part -1,ENG,final,8.1,AC18_part032_final_ENG.pdf,,6286611,,done
18,Konthoujam,32,32 - Kha Jiri Part -1,BEN,final,8.95,AC18_part032_final_BEN.pdf,,6457121,,done
18,Konthoujam,33,33 - Kha Jiri Part-2,ENG,final,8.58,AC18_part033_final_ENG.pdf,,6629407,,done
18,Konthoujam,33,33 - Kha Jiri Part-2,BEN,final,9.57,AC18_part033_final_BEN.pdf,,6884284,,done
18,Konthoujam,34,34 - Awang Jiri Mamang,ENG,final,6.49,AC18_part034_final_ENG.pdf,,4870120,,done
18,Konthoujam,34,34 - Awang Jiri Mamang,BEN,final,7.12,AC18_part034_final_BEN.pdf,,4989234,,done
18,Konthoujam,35,35 - Awang Jiri Maning,ENG,final,5.86,AC18_part035_final_ENG.pdf,,4423027,,done
18,Konthoujam,35,35 - Awang Jiri Maning,BEN,final,6.49,AC18_part035_final_BEN.pdf,,4560653,,done
18,Konthoujam,36,36 - Phoijing (A),ENG,final,6.98,AC18_part036_final_ENG.pdf,,5339472,,done
18,Konthoujam,36,36 - Phoijing (A),BEN,final,7.75,AC18_part036_final_BEN.pdf,,5518852,,done
18,Konthoujam,37,37 - Phoijing (B),ENG,final,5.35,AC18_part037_final_ENG.pdf,,4034868,,done
18,Konthoujam,37,37 - Phoijing (B),BEN,final,5.88,AC18_part037_final_BEN.pdf,,4144687,,done
18,Konthoujam,38,38 - Bamdiar,ENG,final,5.2,AC18_part038_final_ENG.pdf,,3945199,,done
18,Konthoujam,38,38 - Bamdiar,BEN,final,5.74,AC18_part038_final_BEN.pdf,,4053133,,done
18,Konthoujam,39,39 - Phoijing (C),ENG,final,8.48,AC18_part039_final_ENG.pdf,,6531895,,done
18,Konthoujam,39,39 - Phoijing (C),BEN,final,9.43,AC18_part039_final_BEN.pdf,,6756912,,done
18,Konthoujam,40,40 - Kamong Langoljam Mamang,ENG,final,7.01,AC18_part040_final_ENG.pdf,,5367227,,done
18,Konthoujam,40,40 - Kamong Langoljam Mamang,BEN,final,7.79,AC18_part040_final_BEN.pdf,,5534586,,done
18,Konthoujam,41,41 - Kamong Langoljam Maning,ENG,final,6.17,AC18_part041_final_ENG.pdf,,4636980,,done
18,Konthoujam,41,41 - Kamong Langoljam Maning,BEN,final,6.81,AC18_part041_final_BEN.pdf,,4768876,,done
19,Patsoi,1,1 - Patsoi Part-VI,ENG,final,10.45,AC19_part001_final_ENG.pdf,,8142619,,done
19,Patsoi,1,1 - Patsoi Part-VI,BEN,final,11.78,AC19_part001_final_BEN.pdf,,8500548,,done
19,Patsoi,2,2 - Patsoi Part-III,ENG,final,8.97,AC19_part002_final_ENG.pdf,,7007147,,done
19,Patsoi,2,2 - Patsoi Part-III,BEN,final,10.04,AC19_part002_final_BEN.pdf,,7293445,,done
19,Patsoi,3,3 - Patsoi Part-I,ENG,final,11.33,AC19_part003_final_ENG.pdf,,8944378,,done
19,Patsoi,3,3 - Patsoi Part-I,BEN,final,12.74,AC19_part003_final_BEN.pdf,,9312714,,done
19,Patsoi,4,4 - Patsoi Part-II (A),ENG,final,6.09,AC19_part004_final_ENG.pdf,,4636748,,done
19,Patsoi,4,4 - Patsoi Part-II (A),BEN,final,6.72,AC19_part004_final_BEN.pdf,,4777812,,done
19,Patsoi,5,5 - Patsoi Part-II (B),ENG,final,6.72,AC19_part005_final_ENG.pdf,,5242922,,done
19,Patsoi,5,5 - Patsoi Part-II (B),BEN,final,7.5,AC19_part005_final_BEN.pdf,,5418982,,done
19,Patsoi,6,6 - Takyel Kolom Leikai (A),ENG,final,7.53,AC19_part006_final_ENG.pdf,,5782522,,done
19,Patsoi,6,6 - Takyel Kolom Leikai (A),BEN,final,8.48,AC19_part006_final_BEN.pdf,,6019610,,done
19,Patsoi,7,7 - Takyel Kolom Leikai (B),ENG,final,6.32,AC19_part007_final_ENG.pdf,,4829880,,done
19,Patsoi,7,7 - Takyel Kolom Leikai (B),BEN,final,7.03,AC19_part007_final_BEN.pdf,,4989096,,done
19,Patsoi,8,8 - Moirang Hanuba Maning,ENG,final,6.03,AC19_part008_final_ENG.pdf,,4573052,,done
19,Patsoi,8,8 - Moirang Hanuba Maning,BEN,final,6.7,AC19_part008_final_BEN.pdf,,4730533,,done
19,Patsoi,9,9 - Moirang Hanuba Mamang,ENG,final,6.76,AC19_part009_final_ENG.pdf,,5179540,,done
19,Patsoi,9,9 - Moirang Hanuba Mamang,BEN,final,7.47,AC19_part009_final_BEN.pdf,,5328850,,done
19,Patsoi,10,10 - Takyel Khongbal (A),ENG,final,8.7,AC19_part010_final_ENG.pdf,,6790517,,done
19,Patsoi,10,10 - Takyel Khongbal (A),BEN,final,9.65,AC19_part010_final_BEN.pdf,,7007795,,done
19,Patsoi,11,11 - Takyel Khongbal (B),ENG,final,8.59,AC19_part011_final_ENG.pdf,,6800124,,done
19,Patsoi,11,11 - Takyel Khongbal (B),BEN,final,9.56,AC19_part011_final_BEN.pdf,,7019316,,done
19,Patsoi,12,12 - Khumanthem Leikai (A),ENG,final,8.34,AC19_part012_final_ENG.pdf,,6449767,,done
19,Patsoi,12,12 - Khumanthem Leikai (A),BEN,final,9.25,AC19_part012_final_BEN.pdf,,6656847,,done
19,Patsoi,13,13 - Khumanthem Leikai (B),ENG,final,6.28,AC19_part013_final_ENG.pdf,,4735254,,done
19,Patsoi,13,13 - Khumanthem Leikai (B),BEN,final,6.95,AC19_part013_final_BEN.pdf,,4876299,,done
19,Patsoi,14,14 - Sagolband Sapam Leirak (A),ENG,final,8.57,AC19_part014_final_ENG.pdf,,6636254,,done
19,Patsoi,14,14 - Sagolband Sapam Leirak (A),BEN,final,9.59,AC19_part014_final_BEN.pdf,,6880592,,done
19,Patsoi,15,15 - Sagolband Sapam Leirak (B),ENG,final,7.48,AC19_part015_final_ENG.pdf,,5738815,,done
19,Patsoi,15,15 - Sagolband Sapam Leirak (B),BEN,final,8.27,AC19_part015_final_BEN.pdf,,5918854,,done
19,Patsoi,16,16 - Loukrakpam Leikai (A),ENG,final,8.28,AC19_part016_final_ENG.pdf,,6442134,,done
19,Patsoi,16,16 - Loukrakpam Leikai (A),BEN,final,9.2,AC19_part016_final_BEN.pdf,,6650626,,done
19,Patsoi,17,17 - Loukrakpam Leikai (B),ENG,final,8.38,AC19_part017_final_ENG.pdf,,6509848,,done
19,Patsoi,17,17 - Loukrakpam Leikai (B),BEN,final,9.29,AC19_part017_final_BEN.pdf,,6713459,,done
19,Patsoi,18,18 - Lamjaotongba (A),ENG,final,7.69,AC19_part018_final_ENG.pdf,,6028368,,done
19,Patsoi,18,18 - Lamjaotongba (A),BEN,final,8.55,AC19_part018_final_BEN.pdf,,6237907,,done
19,Patsoi,19,19 - Lamjaotongba (B),ENG,final,8.64,AC19_part019_final_ENG.pdf,,6714794,,done
19,Patsoi,19,19 - Lamjaotongba (B),BEN,final,9.58,AC19_part019_final_BEN.pdf,,6936728,,done
19,Patsoi,20,20 - Sapam Leirak (A),ENG,final,7.62,AC19_part020_final_ENG.pdf,,5876063,,done
19,Patsoi,20,20 - Sapam Leirak (A),BEN,final,8.48,AC19_part020_final_BEN.pdf,,6079166,,done
19,Patsoi,21,21 - Sapam Leirak (B),ENG,final,5.0,AC19_part021_final_ENG.pdf,,3702353,,done
19,Patsoi,21,21 - Sapam Leirak (B),BEN,final,5.55,AC19_part021_final_BEN.pdf,,3841714,,done
19,Patsoi,22,22 - Bijoy Govinda (A),ENG,final,9.89,AC19_part022_final_ENG.pdf,,7752911,,done
19,Patsoi,22,22 - Bijoy Govinda (A),BEN,final,11.08,AC19_part022_final_BEN.pdf,,8045498,,done
19,Patsoi,23,23 - Bijoy Govinda (B),ENG,final,7.07,AC19_part023_final_ENG.pdf,,5483118,,done
19,Patsoi,23,23 - Bijoy Govinda (B),BEN,final,7.84,AC19_part023_final_BEN.pdf,,5663830,,done
19,Patsoi,24,24 - Loukham Leirak (A),ENG,final,7.47,AC19_part024_final_ENG.pdf,,5774874,,done
19,Patsoi,24,24 - Loukham Leirak (A),BEN,final,8.33,AC19_part024_final_BEN.pdf,,5980667,,done
19,Patsoi,25,25 - Loukham Leirak (B),ENG,final,4.64,AC19_part025_final_ENG.pdf,,3428644,,done
19,Patsoi,25,25 - Loukham Leirak (B),BEN,final,5.16,AC19_part025_final_BEN.pdf,,3551048,,done
19,Patsoi,26,26 - Lamjaotongba (C),ENG,final,8.06,AC19_part026_final_ENG.pdf,,6266787,,done
19,Patsoi,26,26 - Lamjaotongba (C),BEN,final,9.02,AC19_part026_final_BEN.pdf,,6505907,,done
19,Patsoi,27,27 - Lukram Leirak Machin,ENG,final,5.42,AC19_part027_final_ENG.pdf,,4111198,,done
19,Patsoi,27,27 - Lukram Leirak Machin,BEN,final,5.99,AC19_part027_final_BEN.pdf,,4235907,,done
19,Patsoi,28,28 - Lukram Leirak,ENG,final,7.01,AC19_part028_final_ENG.pdf,,5367759,,done
19,Patsoi,28,28 - Lukram Leirak,BEN,final,7.81,AC19_part028_final_BEN.pdf,,5561815,,done
19,Patsoi,29,29 - Lamjaotongba (D),ENG,final,7.02,AC19_part029_final_ENG.pdf,,5383677,,done
19,Patsoi,29,29 - Lamjaotongba (D),BEN,final,7.75,AC19_part029_final_BEN.pdf,,5528565,,done
19,Patsoi,30,30 - Heinoupok (A),ENG,final,7.91,AC19_part030_final_ENG.pdf,,6164008,,done
19,Patsoi,30,30 - Heinoupok (A),BEN,final,8.84,AC19_part030_final_BEN.pdf,,6398492,,done
19,Patsoi,31,31 - Heinoupok (B),ENG,final,7.16,AC19_part031_final_ENG.pdf,,5519167,,done
19,Patsoi,31,31 - Heinoupok (B),BEN,final,7.92,AC19_part031_final_BEN.pdf,,5674898,,done
19,Patsoi,32,32 - Langjing Achouba (A),ENG,final,9.25,AC19_part032_final_ENG.pdf,,7171640,,done
19,Patsoi,32,32 - Langjing Achouba (A),BEN,final,10.35,AC19_part032_final_BEN.pdf,,7444322,,done
19,Patsoi,33,33 - Langjing Achouba (B),ENG,final,7.94,AC19_part033_final_ENG.pdf,,6108498,,done
19,Patsoi,33,33 - Langjing Achouba (B),BEN,final,8.83,AC19_part033_final_BEN.pdf,,6317205,,done
19,Patsoi,34,34 - Sangaiprou (A),ENG,final,10.86,AC19_part034_final_ENG.pdf,,8538876,,done
19,Patsoi,34,34 - Sangaiprou (A),BEN,final,12.13,AC19_part034_final_BEN.pdf,,8852323,,done
19,Patsoi,35,35 - Sangaiprou (B),ENG,final,5.87,AC19_part035_final_ENG.pdf,,4497698,,done
19,Patsoi,35,35 - Sangaiprou (B),BEN,final,6.52,AC19_part035_final_BEN.pdf,,4639015,,done
19,Patsoi,36,36 - Kwakeithel Thounaojam leikai,ENG,final,4.35,AC19_part036_final_ENG.pdf,,3222085,,done
19,Patsoi,36,36 - Kwakeithel Thounaojam leikai,BEN,final,4.77,AC19_part036_final_BEN.pdf,,3307193,,done
19,Patsoi,37,37 - Sangaiprou (C),ENG,final,5.18,AC19_part037_final_ENG.pdf,,3853693,,done
19,Patsoi,37,37 - Sangaiprou (C),BEN,final,5.68,AC19_part037_final_BEN.pdf,,3950138,,done
19,Patsoi,38,38 - Sadokpam Leikai,ENG,final,5.29,AC19_part038_final_ENG.pdf,,3960920,,done
19,Patsoi,38,38 - Sadokpam Leikai,BEN,final,5.86,AC19_part038_final_BEN.pdf,,4105792,,done
19,Patsoi,39,39 - Tabungkhok Makha Leikai (A),ENG,final,8.23,AC19_part039_final_ENG.pdf,,6435977,,done
19,Patsoi,39,39 - Tabungkhok Makha Leikai (A),BEN,final,9.24,AC19_part039_final_BEN.pdf,,6675563,,done
19,Patsoi,40,40 - Tabungkhok Makha Leikai (B),ENG,final,3.58,AC19_part040_final_ENG.pdf,,2584186,,done
19,Patsoi,40,40 - Tabungkhok Makha Leikai (B),BEN,final,3.95,AC19_part040_final_BEN.pdf,,2673415,,done
19,Patsoi,41,41 - Tabungkhok Mayai Leikai,ENG,final,9.17,AC19_part041_final_ENG.pdf,,7270658,,done
19,Patsoi,41,41 - Tabungkhok Mayai Leikai,BEN,final,10.22,AC19_part041_final_BEN.pdf,,7527893,,done
19,Patsoi,42,42 - Ghari,ENG,final,8.14,AC19_part042_final_ENG.pdf,,6355693,,done
19,Patsoi,42,42 - Ghari,BEN,final,9.05,AC19_part042_final_BEN.pdf,,6566238,,done
19,Patsoi,43,43 - Ghari Makha Leikai,ENG,final,7.78,AC19_part043_final_ENG.pdf,,5970156,,done
19,Patsoi,43,43 - Ghari Makha Leikai,BEN,final,8.59,AC19_part043_final_BEN.pdf,,6137353,,done
19,Patsoi,44,44 - Changangei Kabui Khul (A),ENG,final,9.31,AC19_part044_final_ENG.pdf,,7364270,,done
19,Patsoi,44,44 - Changangei Kabui Khul (A),BEN,final,10.31,AC19_part044_final_BEN.pdf,,7563023,,done
19,Patsoi,45,45 - Changangei Kabui Khul (B),ENG,final,7.59,AC19_part045_final_ENG.pdf,,5921722,,done
19,Patsoi,45,45 - Changangei Kabui Khul (B),BEN,final,8.35,AC19_part045_final_BEN.pdf,,6053100,,done
19,Patsoi,46,46 - Changangei Uchekon,ENG,final,10.79,AC19_part046_final_ENG.pdf,,8506518,,done
19,Patsoi,46,46 - Changangei Uchekon,BEN,final,12.03,AC19_part046_final_BEN.pdf,,8801863,,done
19,Patsoi,47,47 - Changangei,ENG,final,8.96,AC19_part047_final_ENG.pdf,,6981537,,done
19,Patsoi,47,47 - Changangei,BEN,final,9.95,AC19_part047_final_BEN.pdf,,7215531,,done
19,Patsoi,48,48 - Konthoujam Leikai,ENG,final,5.24,AC19_part048_final_ENG.pdf,,3930518,,done
19,Patsoi,48,48 - Konthoujam Leikai,BEN,final,5.79,AC19_part048_final_BEN.pdf,,4050638,,done
19,Patsoi,49,49 - Mayaikoibi Chabungbam Leikai,ENG,final,6.18,AC19_part049_final_ENG.pdf,,4611501,,done
19,Patsoi,49,49 - Mayaikoibi Chabungbam Leikai,BEN,final,6.78,AC19_part049_final_BEN.pdf,,4727738,,done
20,Langthabal,1,1 - Ahongsangbam Leikai,ENG,final,8.83,AC20_part001_final_ENG.pdf,,6801570,,done
20,Langthabal,1,1 - Ahongsangbam Leikai,BEN,final,9.7,AC20_part001_final_BEN.pdf,,6940276,,done
20,Langthabal,2,2 - Oinam Thingel Khongnangpheidekpi (A),ENG,final,8.62,AC20_part002_final_ENG.pdf,,6654441,,done
20,Langthabal,2,2 - Oinam Thingel Khongnangpheidekpi (A),BEN,final,9.46,AC20_part002_final_BEN.pdf,,6775366,,done
20,Langthabal,3,3 - Oinam Thingel Khongnangpheidekpi (B),ENG,final,7.05,AC20_part003_final_ENG.pdf,,5433818,,done
20,Langthabal,3,3 - Oinam Thingel Khongnangpheidekpi (B),BEN,final,7.72,AC20_part003_final_BEN.pdf,,5524748,,done
20,Langthabal,4,4 - Sorokhaibam Makha Leikai,ENG,final,5.98,AC20_part004_final_ENG.pdf,,4497011,,done
20,Langthabal,4,4 - Sorokhaibam Makha Leikai,BEN,final,6.61,AC20_part004_final_BEN.pdf,,4622233,,done
20,Langthabal,5,5 - Sorokhaibam Leikai Awang,ENG,final,5.75,AC20_part005_final_ENG.pdf,,4313187,,done
20,Langthabal,5,5 - Sorokhaibam Leikai Awang,BEN,final,6.34,AC20_part005_final_BEN.pdf,,4422850,,done
20,Langthabal,6,6 - Maibam Makha Leikai,ENG,final,9.06,AC20_part006_final_ENG.pdf,,6993771,,done
20,Langthabal,6,6 - Maibam Makha Leikai,BEN,final,9.9,AC20_part006_final_BEN.pdf,,7106023,,done
20,Langthabal,7,7 - Maibam Awang Leikai,ENG,final,7.32,AC20_part007_final_ENG.pdf,,5526500,,done
20,Langthabal,7,7 - Maibam Awang Leikai,BEN,final,8.03,AC20_part007_final_BEN.pdf,,5642457,,done
20,Langthabal,8,8 - Maibam Mayai Leikai,ENG,final,6.31,AC20_part008_final_ENG.pdf,,4724372,,done
20,Langthabal,8,8 - Maibam Mayai Leikai,BEN,final,6.9,AC20_part008_final_BEN.pdf,,4809033,,done
20,Langthabal,9,9 - Ashem Leikai,ENG,final,5.63,AC20_part009_final_ENG.pdf,,4216753,,done
20,Langthabal,9,9 - Ashem Leikai,BEN,final,6.2,AC20_part009_final_BEN.pdf,,4325661,,done
20,Langthabal,10,10 - Waikhom Leikai,ENG,final,5.59,AC20_part010_final_ENG.pdf,,4184394,,done
20,Langthabal,10,10 - Waikhom Leikai,BEN,final,6.07,AC20_part010_final_BEN.pdf,,4242500,,done
20,Langthabal,11,11 - Oinam Leikai,ENG,final,8.93,AC20_part011_final_ENG.pdf,,6965121,,done
20,Langthabal,11,11 - Oinam Leikai,BEN,final,9.78,AC20_part011_final_BEN.pdf,,7080658,,done
20,Langthabal,12,12 - Kakwa Laiphrakpam Leikai,ENG,final,6.18,AC20_part012_final_ENG.pdf,,4666681,,done
20,Langthabal,12,12 - Kakwa Laiphrakpam Leikai,BEN,final,6.83,AC20_part012_final_BEN.pdf,,4795782,,done
20,Langthabal,13,13 - Kakwa Huidrom Leikai,ENG,final,6.7,AC20_part013_final_ENG.pdf,,5158470,,done
20,Langthabal,13,13 - Kakwa Huidrom Leikai,BEN,final,7.46,AC20_part013_final_BEN.pdf,,5322369,,done
20,Langthabal,14,14 - Langthabal Mantrikhong Mayai Makha,ENG,final,10.1,AC20_part014_final_ENG.pdf,,7834558,,done
20,Langthabal,14,14 - Langthabal Mantrikhong Mayai Makha,BEN,final,11.13,AC20_part014_final_BEN.pdf,,8019484,,done
20,Langthabal,15,15 - Langthabal Mantrikhong Awang Mayai,ENG,final,9.59,AC20_part015_final_ENG.pdf,,7383646,,done
20,Langthabal,15,15 - Langthabal Mantrikhong Awang Mayai,BEN,final,10.5,AC20_part015_final_BEN.pdf,,7538380,,done
20,Langthabal,16,16 - Naorem Makha Leikai,ENG,final,6.91,AC20_part016_final_ENG.pdf,,5236246,,done
20,Langthabal,16,16 - Naorem Makha Leikai,BEN,final,7.6,AC20_part016_final_BEN.pdf,,5376644,,done
20,Langthabal,17,17 - Kha Naorem Leikai,ENG,final,5.33,AC20_part017_final_ENG.pdf,,3970904,,done
20,Langthabal,17,17 - Kha Naorem Leikai,BEN,final,5.84,AC20_part017_final_BEN.pdf,,4064890,,done
20,Langthabal,18,18 - Naorem Awang Leikai,ENG,final,7.33,AC20_part018_final_ENG.pdf,,5565357,,done
20,Langthabal,18,18 - Naorem Awang Leikai,BEN,final,8.05,AC20_part018_final_BEN.pdf,,5677043,,done
20,Langthabal,19,19 - Naorem Awang Mayai Leikai,ENG,final,7.28,AC20_part019_final_ENG.pdf,,5558399,,done
20,Langthabal,19,19 - Naorem Awang Mayai Leikai,BEN,final,7.99,AC20_part019_final_BEN.pdf,,5693511,,done
20,Langthabal,20,20 - Langthabal Kunja Awang Leikai Awang,ENG,final,7.03,AC20_part020_final_ENG.pdf,,5333378,,done
20,Langthabal,20,20 - Langthabal Kunja Awang Leikai Awang,BEN,final,7.75,AC20_part020_final_BEN.pdf,,5458438,,done
20,Langthabal,21,21 - Langthabal Kunja Awang Leikai Makha,ENG,final,8.65,AC20_part021_final_ENG.pdf,,6711556,,done
20,Langthabal,21,21 - Langthabal Kunja Awang Leikai Makha,BEN,final,9.47,AC20_part021_final_BEN.pdf,,6844875,,done
20,Langthabal,22,22 - Langthabal Kunja Makha Leikai Awang,ENG,final,7.33,AC20_part022_final_ENG.pdf,,5650865,,done
20,Langthabal,22,22 - Langthabal Kunja Makha Leikai Awang,BEN,final,8.04,AC20_part022_final_BEN.pdf,,5762036,,done
20,Langthabal,23,23 - Langthabal Kunja Makha Leikai Makha,ENG,final,7.28,AC20_part023_final_ENG.pdf,,5575869,,done
20,Langthabal,23,23 - Langthabal Kunja Makha Leikai Makha,BEN,final,7.96,AC20_part023_final_BEN.pdf,,5672095,,done
20,Langthabal,24,24 - Langthabal Chingkha,ENG,final,5.39,AC20_part024_final_ENG.pdf,,4088996,,done
20,Langthabal,24,24 - Langthabal Chingkha,BEN,final,5.91,AC20_part024_final_BEN.pdf,,4170757,,done
20,Langthabal,25,25 - Langthabal Khaobum,ENG,final,4.08,AC20_part025_final_ENG.pdf,,2996584,,done
20,Langthabal,25,25 - Langthabal Khaobum,BEN,final,4.46,AC20_part025_final_BEN.pdf,,3047326,,done
20,Langthabal,26,26 - Naran Konjil Mayai Makha Leikai,ENG,final,7.48,AC20_part026_final_ENG.pdf,,5813025,,done
20,Langthabal,26,26 - Naran Konjil Mayai Makha Leikai,BEN,final,8.3,AC20_part026_final_BEN.pdf,,5965558,,done
20,Langthabal,27,27 - Naran Konjil Mamang Leikai,ENG,final,5.62,AC20_part027_final_ENG.pdf,,4268594,,done
20,Langthabal,27,27 - Naran Konjil Mamang Leikai,BEN,final,6.26,AC20_part027_final_BEN.pdf,,4417556,,done
20,Langthabal,28,28 - Chajing Mamang Leikai Mamang,ENG,final,7.51,AC20_part028_final_ENG.pdf,,5763161,,done
20,Langthabal,28,28 - Chajing Mamang Leikai Mamang,BEN,final,8.26,AC20_part028_final_BEN.pdf,,5905429,,done
20,Langthabal,29,29 - Chajing Mamang Leikai Maning,ENG,final,9.71,AC20_part029_final_ENG.pdf,,7569117,,done
20,Langthabal,29,29 - Chajing Mamang Leikai Maning,BEN,final,10.78,AC20_part029_final_BEN.pdf,,7806860,,done
20,Langthabal,30,30 - Chajing Awang Leikai,ENG,final,6.96,AC20_part030_final_ENG.pdf,,5349456,,done
20,Langthabal,30,30 - Chajing Awang Leikai,BEN,final,7.64,AC20_part030_final_BEN.pdf,,5455093,,done
20,Langthabal,31,31 - Chajing Chingkhong Leikai,ENG,final,7.71,AC20_part031_final_ENG.pdf,,5962566,,done
20,Langthabal,31,31 - Chajing Chingkhong Leikai,BEN,final,8.52,AC20_part031_final_BEN.pdf,,6107846,,done
20,Langthabal,32,32 - Haoreibi Awang Leikai,ENG,final,10.21,AC20_part032_final_ENG.pdf,,8016569,,done
20,Langthabal,32,32 - Haoreibi Awang Leikai,BEN,final,11.21,AC20_part032_final_BEN.pdf,,8199027,,done
20,Langthabal,33,33 - Karam Awang Leikai,ENG,final,6.15,AC20_part033_final_ENG.pdf,,4669773,,done
20,Langthabal,33,33 - Karam Awang Leikai,BEN,final,6.81,AC20_part033_final_BEN.pdf,,4811917,,done
20,Langthabal,34,34 - Karam Makha Leikai,ENG,final,6.28,AC20_part034_final_ENG.pdf,,4854275,,done
20,Langthabal,34,34 - Karam Makha Leikai,BEN,final,6.92,AC20_part034_final_BEN.pdf,,4974814,,done
20,Langthabal,35,35 - Chajing Konjeng Leikai,ENG,final,6.58,AC20_part035_final_ENG.pdf,,4992372,,done
20,Langthabal,35,35 - Chajing Konjeng Leikai,BEN,final,7.24,AC20_part035_final_BEN.pdf,,5114030,,done
20,Langthabal,36,36 - Chajing Lilong Leikai,ENG,final,5.71,AC20_part036_final_ENG.pdf,,4305847,,done
20,Langthabal,36,36 - Chajing Lilong Leikai,BEN,final,6.23,AC20_part036_final_BEN.pdf,,4387575,,done
20,Langthabal,37,37 - Chajing Mairenkhong Maning Leikai,ENG,final,5.98,AC20_part037_final_ENG.pdf,,4531749,,done
20,Langthabal,37,37 - Chajing Mairenkhong Maning Leikai,BEN,final,6.57,AC20_part037_final_BEN.pdf,,4648841,,done
20,Langthabal,38,38 - Chajing Mairenkhong Mamang Leikai,ENG,final,5.68,AC20_part038_final_ENG.pdf,,4290814,,done
20,Langthabal,38,38 - Chajing Mairenkhong Mamang Leikai,BEN,final,6.2,AC20_part038_final_BEN.pdf,,4368463,,done
20,Langthabal,39,39 - Haoreibi Mayai Leikai,ENG,final,7.58,AC20_part039_final_ENG.pdf,,5886526,,done
20,Langthabal,39,39 - Haoreibi Mayai Leikai,BEN,final,8.4,AC20_part039_final_BEN.pdf,,6039989,,done
20,Langthabal,40,40 - Haoreibi Makha Leikai,ENG,final,6.57,AC20_part040_final_ENG.pdf,,5017761,,done
20,Langthabal,40,40 - Haoreibi Makha Leikai,BEN,final,7.25,AC20_part040_final_BEN.pdf,,5156464,,done
21,Naoria Pakhanglakpa,1,1 - Naoria Pakhanglakpa Irom Leikai,ENG,final,9.77,AC21_part001_final_ENG.pdf,,7567169,,done
21,Naoria Pakhanglakpa,1,1 - Naoria Pakhanglakpa Irom Leikai,BEN,final,10.76,AC21_part001_final_BEN.pdf,,7752808,,done
21,Naoria Pakhanglakpa,2,2 - Heinoukhongnembi Laishram Leikai Makha,ENG,final,5.89,AC21_part002_final_ENG.pdf,,4421041,,done
21,Naoria Pakhanglakpa,2,2 - Heinoukhongnembi Laishram Leikai Makha,BEN,final,6.51,AC21_part002_final_BEN.pdf,,4542135,,done
21,Naoria Pakhanglakpa,3,3 - Heinoukhongnembi Laishram Leikai Awang,ENG,final,5.62,AC21_part003_final_ENG.pdf,,4232624,,done
21,Naoria Pakhanglakpa,3,3 - Heinoukhongnembi Laishram Leikai Awang,BEN,final,6.14,AC21_part003_final_BEN.pdf,,4309736,,done
21,Naoria Pakhanglakpa,4,4 - Heinoukhongnembi,ENG,final,10.11,AC21_part004_final_ENG.pdf,,7874669,,done
21,Naoria Pakhanglakpa,4,4 - Heinoukhongnembi,BEN,final,11.17,AC21_part004_final_BEN.pdf,,8095667,,done
21,Naoria Pakhanglakpa,5,5 - Naoria Pakhanglakpa Lourembam Leikai,ENG,final,6.03,AC21_part005_final_ENG.pdf,,4565427,,done
21,Naoria Pakhanglakpa,5,5 - Naoria Pakhanglakpa Lourembam Leikai,BEN,final,6.63,AC21_part005_final_BEN.pdf,,4675939,,done
21,Naoria Pakhanglakpa,6,6 - Naoria Pakhanglakpa Lourembam Leikai West,ENG,final,4.11,AC21_part006_final_ENG.pdf,,2990737,,done
21,Naoria Pakhanglakpa,6,6 - Naoria Pakhanglakpa Lourembam Leikai West,BEN,final,4.49,AC21_part006_final_BEN.pdf,,3049635,,done
21,Naoria Pakhanglakpa,7,7 - Yangam Leirak Awang,ENG,final,7.14,AC21_part007_final_ENG.pdf,,5507368,,done
21,Naoria Pakhanglakpa,7,7 - Yangam Leirak Awang,BEN,final,7.9,AC21_part007_final_BEN.pdf,,5649549,,done
21,Naoria Pakhanglakpa,8,8 - Keisham Mayai,ENG,final,7.11,AC21_part008_final_ENG.pdf,,5453323,,done
21,Naoria Pakhanglakpa,8,8 - Keisham Mayai,BEN,final,7.78,AC21_part008_final_BEN.pdf,,5557051,,done
21,Naoria Pakhanglakpa,9,9 - Yangam Leirak Makha,ENG,final,8.59,AC21_part009_final_ENG.pdf,,6685063,,done
21,Naoria Pakhanglakpa,9,9 - Yangam Leirak Makha,BEN,final,9.45,AC21_part009_final_BEN.pdf,,6839134,,done
21,Naoria Pakhanglakpa,10,10 - Konjeng Langpoklakpam Leikai (A),ENG,final,6.12,AC21_part010_final_ENG.pdf,,4594888,,done
21,Naoria Pakhanglakpa,10,10 - Konjeng Langpoklakpam Leikai (A),BEN,final,6.75,AC21_part010_final_BEN.pdf,,4716925,,done
21,Naoria Pakhanglakpa,11,11 - Konjeng Langpoklakpam Leikai (B),ENG,final,8.09,AC21_part011_final_ENG.pdf,,6184152,,done
21,Naoria Pakhanglakpa,11,11 - Konjeng Langpoklakpam Leikai (B),BEN,final,8.86,AC21_part011_final_BEN.pdf,,6313406,,done
21,Naoria Pakhanglakpa,12,12 - Konjeng Ningthoujam Leikai,ENG,final,8.03,AC21_part012_final_ENG.pdf,,6277779,,done
21,Naoria Pakhanglakpa,12,12 - Konjeng Ningthoujam Leikai,BEN,final,8.91,AC21_part012_final_BEN.pdf,,6461177,,done
21,Naoria Pakhanglakpa,13,13 - Chingtham Leikai (A),ENG,final,6.94,AC21_part013_final_ENG.pdf,,5282951,,done
21,Naoria Pakhanglakpa,13,13 - Chingtham Leikai (A),BEN,final,7.62,AC21_part013_final_BEN.pdf,,5392320,,done
21,Naoria Pakhanglakpa,14,14 - Chingtham Leikai (B),ENG,final,7.96,AC21_part014_final_ENG.pdf,,6096072,,done
21,Naoria Pakhanglakpa,14,14 - Chingtham Leikai (B),BEN,final,8.76,AC21_part014_final_BEN.pdf,,6250268,,done
21,Naoria Pakhanglakpa,15,15 - Konjeng Lamdong Awang Leikai,ENG,final,8.75,AC21_part015_final_ENG.pdf,,6772884,,done
21,Naoria Pakhanglakpa,15,15 - Konjeng Lamdong Awang Leikai,BEN,final,9.66,AC21_part015_final_BEN.pdf,,6947538,,done
21,Naoria Pakhanglakpa,16,16 - Konjeng Lamdong Leikai (A),ENG,final,5.4,AC21_part016_final_ENG.pdf,,4027960,,done
21,Naoria Pakhanglakpa,16,16 - Konjeng Lamdong Leikai (A),BEN,final,5.91,AC21_part016_final_BEN.pdf,,4124174,,done
21,Naoria Pakhanglakpa,17,17 - Konjeng Lamdong Leikai (B),ENG,final,8.8,AC21_part017_final_ENG.pdf,,6833791,,done
21,Naoria Pakhanglakpa,17,17 - Konjeng Lamdong Leikai (B),BEN,final,9.72,AC21_part017_final_BEN.pdf,,7015551,,done
21,Naoria Pakhanglakpa,18,18 - Mongshangei Awang,ENG,final,6.38,AC21_part018_final_ENG.pdf,,4851812,,done
21,Naoria Pakhanglakpa,18,18 - Mongshangei Awang,BEN,final,7.09,AC21_part018_final_BEN.pdf,,4998874,,done
21,Naoria Pakhanglakpa,19,19 - Mongshangei (A),ENG,final,4.8,AC21_part019_final_ENG.pdf,,3652698,,done
21,Naoria Pakhanglakpa,19,19 - Mongshangei (A),BEN,final,5.22,AC21_part019_final_BEN.pdf,,3719974,,done
21,Naoria Pakhanglakpa,20,20 - Mongshangei (B),ENG,final,8.18,AC21_part020_final_ENG.pdf,,6328620,,done
21,Naoria Pakhanglakpa,20,20 - Mongshangei (B),BEN,final,8.97,AC21_part020_final_BEN.pdf,,6463263,,done
21,Naoria Pakhanglakpa,21,21 - Mongshangei Makha,ENG,final,7.95,AC21_part021_final_ENG.pdf,,6113104,,done
21,Naoria Pakhanglakpa,21,21 - Mongshangei Makha,BEN,final,8.76,AC21_part021_final_BEN.pdf,,6272662,,done
21,Naoria Pakhanglakpa,22,22 - Malom Tulihal (A),ENG,final,8.16,AC21_part022_final_ENG.pdf,,6333444,,done
21,Naoria Pakhanglakpa,22,22 - Malom Tulihal (A),BEN,final,8.9,AC21_part022_final_BEN.pdf,,6406112,,done
21,Naoria Pakhanglakpa,23,23 - Malom Tulihal (B),ENG,final,9.77,AC21_part023_final_ENG.pdf,,7605474,,done
21,Naoria Pakhanglakpa,23,23 - Malom Tulihal (B),BEN,final,10.68,AC21_part023_final_BEN.pdf,,7725221,,done
21,Naoria Pakhanglakpa,24,24 - Langthabal Lep Awang,ENG,final,6.47,AC21_part024_final_ENG.pdf,,4948961,,done
21,Naoria Pakhanglakpa,24,24 - Langthabal Lep Awang,BEN,final,7.09,AC21_part024_final_BEN.pdf,,5062173,,done
21,Naoria Pakhanglakpa,25,25 - Langthabal Lep Mayai (A),ENG,final,6.7,AC21_part025_final_ENG.pdf,,5067041,,done
21,Naoria Pakhanglakpa,25,25 - Langthabal Lep Mayai (A),BEN,final,7.29,AC21_part025_final_BEN.pdf,,5134084,,done
21,Naoria Pakhanglakpa,26,26 - Langthabal Lep Makha,ENG,final,7.84,AC21_part026_final_ENG.pdf,,6018919,,done
21,Naoria Pakhanglakpa,26,26 - Langthabal Lep Makha,BEN,final,8.55,AC21_part026_final_BEN.pdf,,6112382,,done
21,Naoria Pakhanglakpa,27,27 - Langthabal Lep Mayai (B),ENG,final,6.7,AC21_part027_final_ENG.pdf,,5084726,,done
21,Naoria Pakhanglakpa,27,27 - Langthabal Lep Mayai (B),BEN,final,7.34,AC21_part027_final_BEN.pdf,,5195618,,done
21,Naoria Pakhanglakpa,28,28 - Meitram,ENG,final,6.61,AC21_part028_final_ENG.pdf,,5030659,,done
21,Naoria Pakhanglakpa,28,28 - Meitram,BEN,final,7.23,AC21_part028_final_BEN.pdf,,5119471,,done
21,Naoria Pakhanglakpa,29,29 - Meitram Awang Leikai,ENG,final,7.13,AC21_part029_final_ENG.pdf,,5455808,,done
21,Naoria Pakhanglakpa,29,29 - Meitram Awang Leikai,BEN,final,7.76,AC21_part029_final_BEN.pdf,,5542893,,done
21,Naoria Pakhanglakpa,30,30 - Ningombam Awang,ENG,final,10.24,AC21_part030_final_ENG.pdf,,8013942,,done
21,Naoria Pakhanglakpa,30,30 - Ningombam Awang,BEN,final,11.35,AC21_part030_final_BEN.pdf,,8252410,,done
21,Naoria Pakhanglakpa,31,31 - Ningombam Makha,ENG,final,9.26,AC21_part031_final_ENG.pdf,,7184266,,done
21,Naoria Pakhanglakpa,31,31 - Ningombam Makha,BEN,final,10.31,AC21_part031_final_BEN.pdf,,7435735,,done
21,Naoria Pakhanglakpa,32,32 - Malom Tuliyaima Makha,ENG,final,8.49,AC21_part032_final_ENG.pdf,,6608966,,done
21,Naoria Pakhanglakpa,32,32 - Malom Tuliyaima Makha,BEN,final,9.3,AC21_part032_final_BEN.pdf,,6741916,,done
21,Naoria Pakhanglakpa,33,33 - Malom Tuliyaima (A),ENG,final,7.34,AC21_part033_final_ENG.pdf,,5643771,,done
21,Naoria Pakhanglakpa,33,33 - Malom Tuliyaima (A),BEN,final,8.0,AC21_part033_final_BEN.pdf,,5736288,,done
21,Naoria Pakhanglakpa,34,34 - Malom Tuliyaima (B),ENG,final,9.07,AC21_part034_final_ENG.pdf,,7106327,,done
21,Naoria Pakhanglakpa,34,34 - Malom Tuliyaima (B),BEN,final,9.92,AC21_part034_final_BEN.pdf,,7244142,,done
21,Naoria Pakhanglakpa,35,35 - Kodompokpi,ENG,final,6.04,AC21_part035_final_ENG.pdf,,4553518,,done
21,Naoria Pakhanglakpa,35,35 - Kodompokpi,BEN,final,6.64,AC21_part035_final_BEN.pdf,,4677967,,done
21,Naoria Pakhanglakpa,36,36 - Kodompokpi (A),ENG,final,6.55,AC21_part036_final_ENG.pdf,,5045844,,done
21,Naoria Pakhanglakpa,36,36 - Kodompokpi (A),BEN,final,7.25,AC21_part036_final_BEN.pdf,,5192426,,done
21,Naoria Pakhanglakpa,37,37 - Kodompokpi Mamang,ENG,final,9.28,AC21_part037_final_ENG.pdf,,7219840,,done
21,Naoria Pakhanglakpa,37,37 - Kodompokpi Mamang,BEN,final,10.24,AC21_part037_final_BEN.pdf,,7388472,,done
21,Naoria Pakhanglakpa,38,38 - Kodompokpi (B),ENG,final,7.22,AC21_part038_final_ENG.pdf,,5502184,,done
21,Naoria Pakhanglakpa,38,38 - Kodompokpi (B),BEN,final,8.01,AC21_part038_final_BEN.pdf,,5680175,,done
21,Naoria Pakhanglakpa,39,39 - Lairenjam Makha,ENG,final,8.78,AC21_part039_final_ENG.pdf,,6737655,,done
21,Naoria Pakhanglakpa,39,39 - Lairenjam Makha,BEN,final,9.66,AC21_part039_final_BEN.pdf,,6889575,,done
21,Naoria Pakhanglakpa,40,40 - Lairenjam Awang Leikai,ENG,final,8.73,AC21_part040_final_ENG.pdf,,6787940,,done
21,Naoria Pakhanglakpa,40,40 - Lairenjam Awang Leikai,BEN,final,9.48,AC21_part040_final_BEN.pdf,,6856925,,done
21,Naoria Pakhanglakpa,41,41 - Lairenjam Sabal,ENG,final,4.44,AC21_part041_final_ENG.pdf,,3328243,,done
21,Naoria Pakhanglakpa,41,41 - Lairenjam Sabal,BEN,final,4.89,AC21_part041_final_BEN.pdf,,3420659,,done
21,Naoria Pakhanglakpa,42,42 - Hiyangthang,ENG,final,7.07,AC21_part042_final_ENG.pdf,,5450361,,done
21,Naoria Pakhanglakpa,42,42 - Hiyangthang,BEN,final,7.78,AC21_part042_final_BEN.pdf,,5579556,,done
21,Naoria Pakhanglakpa,43,43 - Hiyangthang Mamang,ENG,final,5.8,AC21_part043_final_ENG.pdf,,4387827,,done
21,Naoria Pakhanglakpa,43,43 - Hiyangthang Mamang,BEN,final,6.32,AC21_part043_final_BEN.pdf,,4458136,,done
21,Naoria Pakhanglakpa,44,44 - Langthabal Phuramakhong,ENG,final,7.65,AC21_part044_final_ENG.pdf,,5995789,,done
21,Naoria Pakhanglakpa,44,44 - Langthabal Phuramakhong,BEN,final,8.44,AC21_part044_final_BEN.pdf,,6117803,,done
21,Naoria Pakhanglakpa,45,45 - Hiyangthang Tarahei Konjil,ENG,final,8.05,AC21_part045_final_ENG.pdf,,6372623,,done
21,Naoria Pakhanglakpa,45,45 - Hiyangthang Tarahei Konjil,BEN,final,9.0,AC21_part045_final_BEN.pdf,,6619672,,done
21,Naoria Pakhanglakpa,46,46 - Hiyangthang Maning,ENG,final,7.27,AC21_part046_final_ENG.pdf,,5580689,,done
21,Naoria Pakhanglakpa,46,46 - Hiyangthang Maning,BEN,final,7.95,AC21_part046_final_BEN.pdf,,5689558,,done
21,Naoria Pakhanglakpa,47,47 - Hiyangthang Maning Makha,ENG,final,8.05,AC21_part047_final_ENG.pdf,,6253380,,done
21,Naoria Pakhanglakpa,47,47 - Hiyangthang Maning Makha,BEN,final,8.89,AC21_part047_final_BEN.pdf,,6392675,,done
22,Wangoi,1,1 - Irom Meijrao Maning Leikai,ENG,final,8.15,AC22_part001_final_ENG.pdf,,6253450,,done
22,Wangoi,1,1 - Irom Meijrao Maning Leikai,BEN,final,8.98,AC22_part001_final_BEN.pdf,,6415953,,done
22,Wangoi,2,2 - Irom Meijrao Mamang Leikai,ENG,final,10.09,AC22_part002_final_ENG.pdf,,7861873,,done
22,Wangoi,2,2 - Irom Meijrao Mamang Leikai,BEN,final,11.21,AC22_part002_final_BEN.pdf,,8093168,,done
22,Wangoi,3,3 - Wakching Khullen,ENG,final,9.95,AC22_part003_final_ENG.pdf,,7809066,,done
22,Wangoi,3,3 - Wakching Khullen,BEN,final,11.04,AC22_part003_final_BEN.pdf,,8057132,,done
22,Wangoi,4,4 - Samurou Awang Leikai,ENG,final,6.68,AC22_part004_final_ENG.pdf,,5047106,,done
22,Wangoi,4,4 - Samurou Awang Leikai,BEN,final,7.33,AC22_part004_final_BEN.pdf,,5182654,,done
22,Wangoi,5,5 - Samurou Awang Makha,ENG,final,6.3,AC22_part005_final_ENG.pdf,,4753380,,done
22,Wangoi,5,5 - Samurou Awang Makha,BEN,final,6.97,AC22_part005_final_BEN.pdf,,4902596,,done
22,Wangoi,6,6 - Takhellambam Konjin,ENG,final,4.71,AC22_part006_final_ENG.pdf,,3505418,,done
22,Wangoi,6,6 - Takhellambam Konjin,BEN,final,5.14,AC22_part006_final_BEN.pdf,,3583685,,done
22,Wangoi,7,7 - Samurou Mamang Leikai,ENG,final,5.74,AC22_part007_final_ENG.pdf,,4310404,,done
22,Wangoi,7,7 - Samurou Mamang Leikai,BEN,final,6.33,AC22_part007_final_BEN.pdf,,4437439,,done
22,Wangoi,8,8 - Samurou Mayai Maning Leikai,ENG,final,7.57,AC22_part008_final_ENG.pdf,,5802083,,done
22,Wangoi,8,8 - Samurou Mayai Maning Leikai,BEN,final,8.39,AC22_part008_final_BEN.pdf,,5973104,,done
22,Wangoi,9,9 - Samurou Makha Leikai (A),ENG,final,8.61,AC22_part009_final_ENG.pdf,,6673683,,done
22,Wangoi,9,9 - Samurou Makha Leikai (A),BEN,final,9.5,AC22_part009_final_BEN.pdf,,6846072,,done
22,Wangoi,10,10 - Samurou Makha Leikai (B),ENG,final,8.35,AC22_part010_final_ENG.pdf,,6566139,,done
22,Wangoi,10,10 - Samurou Makha Leikai (B),BEN,final,9.24,AC22_part010_final_BEN.pdf,,6742323,,done
22,Wangoi,11,11 - Naorem Chaprou,ENG,final,8.69,AC22_part011_final_ENG.pdf,,6768882,,done
22,Wangoi,11,11 - Naorem Chaprou,BEN,final,9.67,AC22_part011_final_BEN.pdf,,7020621,,done
22,Wangoi,12,12 - Oinam Sawombung Makha Leikai,ENG,final,5.9,AC22_part012_final_ENG.pdf,,4459974,,done
22,Wangoi,12,12 - Oinam Sawombung Makha Leikai,BEN,final,6.49,AC22_part012_final_BEN.pdf,,4597058,,done
22,Wangoi,13,13 - Oinam Sawombung Awang,ENG,final,8.46,AC22_part013_final_ENG.pdf,,6642743,,done
22,Wangoi,13,13 - Oinam Sawombung Awang,BEN,final,9.37,AC22_part013_final_BEN.pdf,,6857654,,done
22,Wangoi,14,14 - Wangoi Longjam Leikai & Wangoi Kabui,ENG,final,9.24,AC22_part014_final_ENG.pdf,,7237252,,done
22,Wangoi,14,14 - Wangoi Longjam Leikai & Wangoi Kabui,BEN,final,10.26,AC22_part014_final_BEN.pdf,,7473620,,done
22,Wangoi,15,15 - Wangoi Makha Leikai,ENG,final,9.21,AC22_part015_final_ENG.pdf,,7227850,,done
22,Wangoi,15,15 - Wangoi Makha Leikai,BEN,final,10.26,AC22_part015_final_BEN.pdf,,7451838,,done
22,Wangoi,16,16 - Wangoi Wahengbam Leikai,ENG,final,6.92,AC22_part016_final_ENG.pdf,,5304264,,done
22,Wangoi,16,16 - Wangoi Wahengbam Leikai,BEN,final,7.52,AC22_part016_final_BEN.pdf,,5392371,,done
22,Wangoi,17,17 - Wangoi MamangLeikai,ENG,final,5.03,AC22_part017_final_ENG.pdf,,3705045,,done
22,Wangoi,17,17 - Wangoi MamangLeikai,BEN,final,5.49,AC22_part017_final_BEN.pdf,,3798516,,done
22,Wangoi,18,18 - Wangoi Thoudam Leikai and Thounaojam Leikai,ENG,final,7.1,AC22_part018_final_ENG.pdf,,5428911,,done
22,Wangoi,18,18 - Wangoi Thoudam Leikai and Thounaojam Leikai,BEN,final,7.87,AC22_part018_final_BEN.pdf,,5604337,,done
22,Wangoi,19,19 - Wangoi Thoudam Makha Leikai,ENG,final,6.06,AC22_part019_final_ENG.pdf,,4589950,,done
22,Wangoi,19,19 - Wangoi Thoudam Makha Leikai,BEN,final,6.67,AC22_part019_final_BEN.pdf,,4703908,,done
22,Wangoi,20,20 - Laiphrakpam,ENG,final,7.45,AC22_part020_final_ENG.pdf,,5675582,,done
22,Wangoi,20,20 - Laiphrakpam,BEN,final,8.24,AC22_part020_final_BEN.pdf,,5854434,,done
22,Wangoi,21,21 - Khaidem Leikai,ENG,final,5.37,AC22_part021_final_ENG.pdf,,4017771,,done
22,Wangoi,21,21 - Khaidem Leikai,BEN,final,5.89,AC22_part021_final_BEN.pdf,6179193,4117648,22,done
22,Wangoi,22,22 - Thiyam Leishangkhong,ENG,final,8.0,AC22_part022_final_ENG.pdf,8389986,6228204,33,done
22,Wangoi,22,22 - Thiyam Leishangkhong,BEN,final,8.89,AC22_part022_final_BEN.pdf,9319095,6410522,33,done
22,Wangoi,23,23 - Thiyam Leishangkhong Khwai Leirak Makha (A),ENG,final,6.03,AC22_part023_final_ENG.pdf,6324501,4561009,24,done
22,Wangoi,23,23 - Thiyam Leishangkhong Khwai Leirak Makha (A),BEN,final,6.63,AC22_part023_final_BEN.pdf,6955586,4664487,24,done
22,Wangoi,24,24 - Thiyam Leishangkhong Khwai Leirak Makha (B),ENG,final,5.83,AC22_part024_final_ENG.pdf,,4433935,,done
22,Wangoi,24,24 - Thiyam Leishangkhong Khwai Leirak Makha (B),BEN,final,6.46,AC22_part024_final_BEN.pdf,,4543322,,done
22,Wangoi,25,25 - Paobitek Mamang Leikai,ENG,final,7.86,AC22_part025_final_ENG.pdf,,6077199,,done
22,Wangoi,25,25 - Paobitek Mamang Leikai,BEN,final,8.69,AC22_part025_final_BEN.pdf,,6279719,,done
22,Wangoi,26,26 - Paobitek Mayai Leikai,ENG,final,7.26,AC22_part026_final_ENG.pdf,,5680624,,done
22,Wangoi,26,26 - Paobitek Mayai Leikai,BEN,final,8.04,AC22_part026_final_BEN.pdf,,5873955,,done
22,Wangoi,27,27 - Upokpi,ENG,final,5.66,AC22_part027_final_ENG.pdf,,4256833,,done
22,Wangoi,27,27 - Upokpi,BEN,final,6.27,AC22_part027_final_BEN.pdf,,4391890,,done
22,Wangoi,28,28 - Paobitek Maning Leikai,ENG,final,8.1,AC22_part028_final_ENG.pdf,,6275170,,done
22,Wangoi,28,28 - Paobitek Maning Leikai,BEN,final,8.93,AC22_part028_final_BEN.pdf,,6459256,,done
22,Wangoi,29,29 - Wangoi Top Pangal Siphai (A),ENG,final,7.96,AC22_part029_final_ENG.pdf,,6142995,,done
22,Wangoi,29,29 - Wangoi Top Pangal Siphai (A),BEN,final,8.74,AC22_part029_final_BEN.pdf,,6284027,,done
22,Wangoi,30,30 - Wangoi Top Pangal Siphai (B),ENG,final,7.04,AC22_part030_final_ENG.pdf,,5440073,,done
22,Wangoi,30,30 - Wangoi Top Pangal Siphai (B),BEN,final,7.74,AC22_part030_final_BEN.pdf,,5570745,,done
22,Wangoi,31,31 - Laku Huidrom Awang Leikai (A),ENG,final,6.33,AC22_part031_final_ENG.pdf,,4862115,,done
22,Wangoi,31,31 - Laku Huidrom Awang Leikai (A),BEN,final,7.09,AC22_part031_final_BEN.pdf,,5028130,,done
22,Wangoi,32,32 - Laku Huidrom Awang Leika (B),ENG,final,5.44,AC22_part032_final_ENG.pdf,,4110148,,done
22,Wangoi,32,32 - Laku Huidrom Awang Leika (B),BEN,final,5.99,AC22_part032_final_BEN.pdf,,4200283,,done
22,Wangoi,33,33 - Iram Siphai Mayai Leikai,ENG,final,9.66,AC22_part033_final_ENG.pdf,,7592478,,done
22,Wangoi,33,33 - Iram Siphai Mayai Leikai,BEN,final,10.62,AC22_part033_final_BEN.pdf,,7774742,,done
22,Wangoi,34,34 - Iram Siphai Mamang Leikai,ENG,final,10.04,AC22_part034_final_ENG.pdf,,7887235,,done
22,Wangoi,34,34 - Iram Siphai Mamang Leikai,BEN,final,11.17,AC22_part034_final_BEN.pdf,,8134396,,done
22,Wangoi,35,35 - Yumnam Huidrom Mayai Leikai,ENG,final,7.82,AC22_part035_final_ENG.pdf,,6119251,,done
22,Wangoi,35,35 - Yumnam Huidrom Mayai Leikai,BEN,final,8.63,AC22_part035_final_BEN.pdf,,6258671,,done
22,Wangoi,36,36 - Yumnam Huidrom Makha Leikai (A),ENG,final,10.84,AC22_part036_final_ENG.pdf,,8544030,,done
22,Wangoi,36,36 - Yumnam Huidrom Makha Leikai (A),BEN,final,11.98,AC22_part036_final_BEN.pdf,,8768031,,done
22,Wangoi,37,37 - Yumnam Huidrom Makha Leikai (B),ENG,final,8.6,AC22_part037_final_ENG.pdf,,6789181,,done
22,Wangoi,37,37 - Yumnam Huidrom Makha Leikai (B),BEN,final,9.67,AC22_part037_final_BEN.pdf,,7014728,,done
22,Wangoi,38,38 - Mutum Phibou Mayai Leikai (A),ENG,final,6.16,AC22_part038_final_ENG.pdf,,4690310,,done
22,Wangoi,38,38 - Mutum Phibou Mayai Leikai (A),BEN,final,6.81,AC22_part038_final_BEN.pdf,,4813866,,done
22,Wangoi,39,39 - Mutum Phibou Mayai Leikai (B),ENG,final,6.26,AC22_part039_final_ENG.pdf,,4759126,,done
22,Wangoi,39,39 - Mutum Phibou Mayai Leikai (B),BEN,final,6.95,AC22_part039_final_BEN.pdf,,4903084,,done
22,Wangoi,40,40 - Chongtham Kona,ENG,final,3.77,AC22_part040_final_ENG.pdf,,2705249,,done
22,Wangoi,40,40 - Chongtham Kona,BEN,final,4.12,AC22_part040_final_BEN.pdf,,2774417,,done
23,Mayang Imphal,1,1 - Samushang Shantipur,ENG,final,7.03,AC23_part001_final_ENG.pdf,,5400694,,done
23,Mayang Imphal,1,1 - Samushang Shantipur,BEN,final,7.75,AC23_part001_final_BEN.pdf,,5532730,,done
23,Mayang Imphal,2,2 - Kokchai,ENG,final,10.08,AC23_part002_final_ENG.pdf,,7902086,,done
23,Mayang Imphal,2,2 - Kokchai,BEN,final,11.16,AC23_part002_final_BEN.pdf,,8125330,,done
23,Mayang Imphal,3,3 - Mutum Yangbi,ENG,final,1.67,AC23_part003_final_ENG.pdf,,1009500,,done
23,Mayang Imphal,3,3 - Mutum Yangbi,BEN,final,1.76,AC23_part003_final_BEN.pdf,,1015630,,done
23,Mayang Imphal,4,4 - Mayang Imphal Konchak Awang Leikai,ENG,final,7.97,AC23_part004_final_ENG.pdf,,6179906,,done
23,Mayang Imphal,4,4 - Mayang Imphal Konchak Awang Leikai,BEN,final,8.79,AC23_part004_final_BEN.pdf,,6325367,,done
23,Mayang Imphal,5,5 - Mayang Imphal Konchak Makha Leikai,ENG,final,6.5,AC23_part005_final_ENG.pdf,,4964200,,done
23,Mayang Imphal,5,5 - Mayang Imphal Konchak Makha Leikai,BEN,final,7.2,AC23_part005_final_BEN.pdf,,5103303,,done
23,Mayang Imphal,6,6 - Mayang Imphal Konchak Mayai Leikai,ENG,final,4.88,AC23_part006_final_ENG.pdf,,3603604,,done
23,Mayang Imphal,6,6 - Mayang Imphal Konchak Mayai Leikai,BEN,final,5.36,AC23_part006_final_BEN.pdf,,3688559,,done
23,Mayang Imphal,7,7 - Mayang Imphal Konchak (A),ENG,final,9.85,AC23_part007_final_ENG.pdf,,7631191,,done
23,Mayang Imphal,7,7 - Mayang Imphal Konchak (A),BEN,final,10.88,AC23_part007_final_BEN.pdf,,7840445,,done
23,Mayang Imphal,8,8 - Mayang Imphal Konchak (B),ENG,final,6.48,AC23_part008_final_ENG.pdf,,4989419,,done
23,Mayang Imphal,8,8 - Mayang Imphal Konchak (B),BEN,final,7.16,AC23_part008_final_BEN.pdf,,5117241,,done
23,Mayang Imphal,9,9 - Mayang Imphal Thana Awang Leikai  Sorok Maning,ENG,final,6.5,AC23_part009_final_ENG.pdf,,4976008,,done
23,Mayang Imphal,9,9 - Mayang Imphal Thana Awang Leikai  Sorok Maning,BEN,final,7.18,AC23_part009_final_BEN.pdf,,5094760,,done
23,Mayang Imphal,10,10 - Mayang Imphal Thana Sorok Mamang and Bazar Mamang,ENG,final,7.49,AC23_part010_final_ENG.pdf,,5772776,,done
23,Mayang Imphal,10,10 - Mayang Imphal Thana Sorok Mamang and Bazar Mamang,BEN,final,8.28,AC23_part010_final_BEN.pdf,,5913312,,done
23,Mayang Imphal,11,11 - Mayang Imphal Thana Mamang (A),ENG,final,7.95,AC23_part011_final_ENG.pdf,,6153945,,done
23,Mayang Imphal,11,11 - Mayang Imphal Thana Mamang (A),BEN,final,8.82,AC23_part011_final_BEN.pdf,,6330991,,done
23,Mayang Imphal,12,12 - Mayang Imphal Thana Mamang (B),ENG,final,4.74,AC23_part012_final_ENG.pdf,,3540572,,done
23,Mayang Imphal,12,12 - Mayang Imphal Thana Mamang (B),BEN,final,5.23,AC23_part012_final_BEN.pdf,,3635427,,done
23,Mayang Imphal,13,13 - Chirai,ENG,final,9.82,AC23_part013_final_ENG.pdf,,7761607,,done
23,Mayang Imphal,13,13 - Chirai,BEN,final,11.02,AC23_part013_final_BEN.pdf,,8059790,,done
23,Mayang Imphal,14,14 - Mayang Imphal Thana Khunou I.B. Awang,ENG,final,7.74,AC23_part014_final_ENG.pdf,,6030761,,done
23,Mayang Imphal,14,14 - Mayang Imphal Thana Khunou I.B. Awang,BEN,final,8.48,AC23_part014_final_BEN.pdf,,6143167,,done
23,Mayang Imphal,15,15 - Mayang Imphal Thana Khunou I.B. Makha,ENG,final,4.71,AC23_part015_final_ENG.pdf,,3513641,,done
23,Mayang Imphal,15,15 - Mayang Imphal Thana Khunou I.B. Makha,BEN,final,5.2,AC23_part015_final_BEN.pdf,,3604064,,done
23,Mayang Imphal,16,16 - Chabung Company,ENG,final,6.23,AC23_part016_final_ENG.pdf,,4767760,,done
23,Mayang Imphal,16,16 - Chabung Company,BEN,final,6.8,AC23_part016_final_BEN.pdf,,4849338,,done
23,Mayang Imphal,17,17 - Chabung Company Makha Leikai,ENG,final,7.53,AC23_part017_final_ENG.pdf,,5914106,,done
23,Mayang Imphal,17,17 - Chabung Company Makha Leikai,BEN,final,8.26,AC23_part017_final_BEN.pdf,,6025945,,done
23,Mayang Imphal,18,18 - Mayang Imphal Wangkhei Leikai (A),ENG,final,7.16,AC23_part018_final_ENG.pdf,,5485480,,done
23,Mayang Imphal,18,18 - Mayang Imphal Wangkhei Leikai (A),BEN,final,7.88,AC23_part018_final_BEN.pdf,,5625755,,done
23,Mayang Imphal,19,19 - Mayang Imphal Wangkhei Leikai (B),ENG,final,8.15,AC23_part019_final_ENG.pdf,,6339819,,done
23,Mayang Imphal,19,19 - Mayang Imphal Wangkhei Leikai (B),BEN,final,9.03,AC23_part019_final_BEN.pdf,,6516700,,done
23,Mayang Imphal,20,20 - Bengoon,ENG,final,11.11,AC23_part020_final_ENG.pdf,,8882382,,done
23,Mayang Imphal,20,20 - Bengoon,BEN,final,12.35,AC23_part020_final_BEN.pdf,,9176417,,done
23,Mayang Imphal,21,21 - Bengoon Loukok Leikai,ENG,final,9.69,AC23_part021_final_ENG.pdf,,7645571,,done
23,Mayang Imphal,21,21 - Bengoon Loukok Leikai,BEN,final,10.74,AC23_part021_final_BEN.pdf,,7897758,,done
23,Mayang Imphal,22,22 - Bengoon Yangbi Leikai,ENG,final,11.65,AC23_part022_final_ENG.pdf,,9212157,,done
23,Mayang Imphal,22,22 - Bengoon Yangbi Leikai,BEN,final,12.96,AC23_part022_final_BEN.pdf,,9531762,,done
23,Mayang Imphal,23,23 - Bengoon Awang Leikai,ENG,final,9.06,AC23_part023_final_ENG.pdf,,7086244,,done
23,Mayang Imphal,23,23 - Bengoon Awang Leikai,BEN,final,10.04,AC23_part023_final_BEN.pdf,,7314693,,done
23,Mayang Imphal,24,24 - Bengoon Maning & Makha Leikai,ENG,final,11.33,AC23_part024_final_ENG.pdf,,8917519,,done
23,Mayang Imphal,24,24 - Bengoon Maning & Makha Leikai,BEN,final,12.57,AC23_part024_final_BEN.pdf,,9209722,,done
23,Mayang Imphal,25,25 - Bengoon Mayai Leikai,ENG,final,8.88,AC23_part025_final_ENG.pdf,,6928942,,done
23,Mayang Imphal,25,25 - Bengoon Mayai Leikai,BEN,final,9.85,AC23_part025_final_BEN.pdf,,7144173,,done
23,Mayang Imphal,26,26 - Uchiwa Wangbal,ENG,final,7.37,AC23_part026_final_ENG.pdf,,5722782,,done
23,Mayang Imphal,26,26 - Uchiwa Wangbal,BEN,final,8.18,AC23_part026_final_BEN.pdf,,5909329,,done
23,Mayang Imphal,27,27 - Uchiwa Awang Leikai,ENG,final,6.26,AC23_part027_final_ENG.pdf,,4759031,,done
23,Mayang Imphal,27,27 - Uchiwa Awang Leikai,BEN,final,6.97,AC23_part027_final_BEN.pdf,,4915012,,done
23,Mayang Imphal,28,28 - Uchiwa Mayai Leikai (A),ENG,final,8.24,AC23_part028_final_ENG.pdf,,6334844,,done
23,Mayang Imphal,28,28 - Uchiwa Mayai Leikai (A),BEN,final,9.1,AC23_part028_final_BEN.pdf,,6517324,,done
23,Mayang Imphal,29,29 - Uchiwa Mayai Leikai (B),ENG,final,7.66,AC23_part029_final_ENG.pdf,,5898148,,done
23,Mayang Imphal,29,29 - Uchiwa Mayai Leikai (B),BEN,final,8.46,AC23_part029_final_BEN.pdf,,6070831,,done
23,Mayang Imphal,30,30 - Hangoon,ENG,final,8.02,AC23_part030_final_ENG.pdf,,6226247,,done
23,Mayang Imphal,30,30 - Hangoon,BEN,final,8.91,AC23_part030_final_BEN.pdf,,6421728,,done
23,Mayang Imphal,31,31 - Heiyel,ENG,final,4.23,AC23_part031_final_ENG.pdf,,3097348,,done
23,Mayang Imphal,31,31 - Heiyel,BEN,final,4.62,AC23_part031_final_BEN.pdf,,3164550,,done
23,Mayang Imphal,32,32 - Thongam,ENG,final,7.37,AC23_part032_final_ENG.pdf,,5678769,,done
23,Mayang Imphal,32,32 - Thongam,BEN,final,8.2,AC23_part032_final_BEN.pdf,,5863001,,done
23,Mayang Imphal,33,33 - Phoubakchao Awang Leikai,ENG,final,11.04,AC23_part033_final_ENG.pdf,,8748944,,done
23,Mayang Imphal,33,33 - Phoubakchao Awang Leikai,BEN,final,12.31,AC23_part033_final_BEN.pdf,,9054485,,done
23,Mayang Imphal,34,34 - Phoubakchao Makha Leikai,ENG,final,11.71,AC23_part034_final_ENG.pdf,,9308382,,done
23,Mayang Imphal,34,34 - Phoubakchao Makha Leikai,BEN,final,13.1,AC23_part034_final_BEN.pdf,,9665803,,done
23,Mayang Imphal,35,35 - Komlakhong Makha Leikai (A),ENG,final,8.93,AC23_part035_final_ENG.pdf,,6960256,,done
23,Mayang Imphal,35,35 - Komlakhong Makha Leikai (A),BEN,final,9.82,AC23_part035_final_BEN.pdf,,7132695,,done
23,Mayang Imphal,36,36 - Komlakhong Makha Leikai (B),ENG,final,7.35,AC23_part036_final_ENG.pdf,,5677517,,done
23,Mayang Imphal,36,36 - Komlakhong Makha Leikai (B),BEN,final,8.16,AC23_part036_final_BEN.pdf,,5866134,,done
23,Mayang Imphal,37,37 - Laphupat Tera Khunou (A),ENG,final,8.31,AC23_part037_final_ENG.pdf,,6578178,,done
23,Mayang Imphal,37,37 - Laphupat Tera Khunou (A),BEN,final,9.26,AC23_part037_final_BEN.pdf,,6814901,,done
23,Mayang Imphal,38,38 - Laphupat Tera Awang Leikai,ENG,final,5.04,AC23_part038_final_ENG.pdf,,3790778,,done
23,Mayang Imphal,38,38 - Laphupat Tera Awang Leikai,BEN,final,5.55,AC23_part038_final_BEN.pdf,,3883809,,done
23,Mayang Imphal,39,39 - Laphupat Tera,ENG,final,6.84,AC23_part039_final_ENG.pdf,,5267834,,done
23,Mayang Imphal,39,39 - Laphupat Tera,BEN,final,7.54,AC23_part039_final_BEN.pdf,,5407053,,done
23,Mayang Imphal,40,40 - Laphupat Tera Khunou (B),ENG,final,7.04,AC23_part040_final_ENG.pdf,,5374988,,done
23,Mayang Imphal,40,40 - Laphupat Tera Khunou (B),BEN,final,7.78,AC23_part040_final_BEN.pdf,,5516292,,done
23,Mayang Imphal,41,41 - Khordak,ENG,final,2.78,AC23_part041_final_ENG.pdf,,1899626,,done
23,Mayang Imphal,41,41 - Khordak,BEN,final,3.0,AC23_part041_final_BEN.pdf,,1934855,,done
24,Nambol,1,1 - Utlou (A),ENG,final,8.05,AC24_part001_final_ENG.pdf,,6266769,,done
24,Nambol,1,1 - Utlou (A),BEN,final,9.05,AC24_part001_final_BEN.pdf,,6512326,,done
24,Nambol,2,2 - Utlou Mayai Leikai Mamang,ENG,final,7.56,AC24_part002_final_ENG.pdf,,5839553,,done
24,Nambol,2,2 - Utlou Mayai Leikai Mamang,BEN,final,8.45,AC24_part002_final_BEN.pdf,,6044519,,done
24,Nambol,3,3 - Utlou (B),ENG,final,8.67,AC24_part003_final_ENG.pdf,,6704292,,done
24,Nambol,3,3 - Utlou (B),BEN,final,9.61,AC24_part003_final_BEN.pdf,,6909051,,done
24,Nambol,4,4 - Utlou (C),ENG,final,7.32,AC24_part004_final_ENG.pdf,,5607903,,done
24,Nambol,4,4 - Utlou (C),BEN,final,8.12,AC24_part004_final_BEN.pdf,,5783460,,done
24,Nambol,5,5 - Kakyai Langpok (A),ENG,final,7.93,AC24_part005_final_ENG.pdf,,6128355,,done
24,Nambol,5,5 - Kakyai Langpok (A),BEN,final,8.7,AC24_part005_final_BEN.pdf,,6257259,,done
24,Nambol,6,6 - Kakyai Langpok (B),ENG,final,6.43,AC24_part006_final_ENG.pdf,,4881222,,done
24,Nambol,6,6 - Kakyai Langpok (B),BEN,final,7.03,AC24_part006_final_BEN.pdf,,4986953,,done
24,Nambol,7,7 - Kakyai Langpok (C),ENG,final,7.41,AC24_part007_final_ENG.pdf,,5686068,,done
24,Nambol,7,7 - Kakyai Langpok (C),BEN,final,8.21,AC24_part007_final_BEN.pdf,,5871322,,done
24,Nambol,8,8 - Thiyam,ENG,final,5.32,AC24_part008_final_ENG.pdf,,4115779,,done
24,Nambol,8,8 - Thiyam,BEN,final,5.85,AC24_part008_final_BEN.pdf,,4203007,,done
24,Nambol,9,9 - Thiyam Awang,ENG,final,6.13,AC24_part009_final_ENG.pdf,,4699862,,done
24,Nambol,9,9 - Thiyam Awang,BEN,final,6.82,AC24_part009_final_BEN.pdf,,4863397,,done
24,Nambol,10,10 - Lourembam,ENG,final,8.76,AC24_part010_final_ENG.pdf,,6898861,,done
24,Nambol,10,10 - Lourembam,BEN,final,9.81,AC24_part010_final_BEN.pdf,,7139872,,done
24,Nambol,11,11 - Pukhrabam Maning,ENG,final,7.56,AC24_part011_final_ENG.pdf,,5847487,,done
24,Nambol,11,11 - Pukhrabam Maning,BEN,final,8.43,AC24_part011_final_BEN.pdf,,6048140,,done
24,Nambol,12,12 - Pukhrabam Mamang,ENG,final,6.12,AC24_part012_final_ENG.pdf,,4646034,,done
24,Nambol,12,12 - Pukhrabam Mamang,BEN,final,6.62,AC24_part012_final_BEN.pdf,,4687581,,done
24,Nambol,13,13 - Sanjenbam (A),ENG,final,9.13,AC24_part013_final_ENG.pdf,,7114283,,done
24,Nambol,13,13 - Sanjenbam (A),BEN,final,10.13,AC24_part013_final_BEN.pdf,,7302435,,done
24,Nambol,14,14 - Sanjenbam (B),ENG,final,7.03,AC24_part014_final_ENG.pdf,,5449511,,done
24,Nambol,14,14 - Sanjenbam (B),BEN,final,7.72,AC24_part014_final_BEN.pdf,,5527016,,done
24,Nambol,15,15 - Waheng Khuman (A),ENG,final,8.55,AC24_part015_final_ENG.pdf,,6728473,,done
24,Nambol,15,15 - Waheng Khuman (A),BEN,final,9.51,AC24_part015_final_BEN.pdf,,6934379,,done
24,Nambol,16,16 - Waheng Khuman (B),ENG,final,7.2,AC24_part016_final_ENG.pdf,,5559380,,done
24,Nambol,16,16 - Waheng Khuman (B),BEN,final,7.86,AC24_part016_final_BEN.pdf,,5637719,,done
24,Nambol,17,17 - Leimapokpam Makha Khunpham Mamang,ENG,final,8.93,AC24_part017_final_ENG.pdf,,6957554,,done
24,Nambol,17,17 - Leimapokpam Makha Khunpham Mamang,BEN,final,9.87,AC24_part017_final_BEN.pdf,,7153195,,done
24,Nambol,18,18 - Leimapokpam Khunpham,ENG,final,7.72,AC24_part018_final_ENG.pdf,,6010273,,done
24,Nambol,18,18 - Leimapokpam Khunpham,BEN,final,8.57,AC24_part018_final_BEN.pdf,,6204085,,done
24,Nambol,19,19 - Leimapokpam Mayai Leikai (A),ENG,final,8.0,AC24_part019_final_ENG.pdf,,6267348,,done
24,Nambol,19,19 - Leimapokpam Mayai Leikai (A),BEN,final,9.01,AC24_part019_final_BEN.pdf,,6535276,,done
24,Nambol,20,20 - Leimapokpam Mayai Makha Leikai,ENG,final,8.07,AC24_part020_final_ENG.pdf,,6298951,,done
24,Nambol,20,20 - Leimapokpam Mayai Makha Leikai,BEN,final,8.95,AC24_part020_final_BEN.pdf,,6502286,,done
24,Nambol,21,21 - Leimapokpam Awang Mamang,ENG,final,9.3,AC24_part021_final_ENG.pdf,,7297375,,done
24,Nambol,21,21 - Leimapokpam Awang Mamang,BEN,final,10.44,AC24_part021_final_BEN.pdf,,7587885,,done
24,Nambol,22,22 - Leimapokpam  Mayai Leikai (B),ENG,final,8.29,AC24_part022_final_ENG.pdf,,6416645,,done
24,Nambol,22,22 - Leimapokpam  Mayai Leikai (B),BEN,final,9.16,AC24_part022_final_BEN.pdf,,6617609,,done
24,Nambol,23,23 - Khathong,ENG,final,7.07,AC24_part023_final_ENG.pdf,,5438819,,done
24,Nambol,23,23 - Khathong,BEN,final,7.78,AC24_part023_final_BEN.pdf,,5578662,,done
24,Nambol,24,24 - Laitonjam,ENG,final,8.62,AC24_part024_final_ENG.pdf,,6644599,,done
24,Nambol,24,24 - Laitonjam,BEN,final,9.58,AC24_part024_final_BEN.pdf,,6863035,,done
24,Nambol,25,25 - Phoijing Makha,ENG,final,7.47,AC24_part025_final_ENG.pdf,,5685540,,done
24,Nambol,25,25 - Phoijing Makha,BEN,final,8.24,AC24_part025_final_BEN.pdf,,5852715,,done
24,Nambol,26,26 - Khori Leikai and Phoijing Tongba Kabui,ENG,final,5.55,AC24_part026_final_ENG.pdf,,4185835,,done
24,Nambol,26,26 - Khori Leikai and Phoijing Tongba Kabui,BEN,final,6.16,AC24_part026_final_BEN.pdf,,4330889,,done
24,Nambol,27,27 - Nambol Awang,ENG,final,5.8,AC24_part027_final_ENG.pdf,,4307563,,done
24,Nambol,27,27 - Nambol Awang,BEN,final,6.36,AC24_part027_final_BEN.pdf,,4420027,,done
24,Nambol,28,28 - Nambol Awang Makha,ENG,final,5.49,AC24_part028_final_ENG.pdf,,4074387,,done
24,Nambol,28,28 - Nambol Awang Makha,BEN,final,6.02,AC24_part028_final_BEN.pdf,,4175043,,done
24,Nambol,29,29 - Nambol Makha,ENG,final,9.57,AC24_part029_final_ENG.pdf,,7499508,,done
24,Nambol,29,29 - Nambol Makha,BEN,final,10.63,AC24_part029_final_BEN.pdf,,7742788,,done
24,Nambol,30,30 - Kongkham (A-1),ENG,final,7.3,AC24_part030_final_ENG.pdf,,5637501,,done
24,Nambol,30,30 - Kongkham (A-1),BEN,final,8.1,AC24_part030_final_BEN.pdf,,5813332,,done
24,Nambol,31,31 - Kongkham (A-2),ENG,final,6.39,AC24_part031_final_ENG.pdf,,4853634,,done
24,Nambol,31,31 - Kongkham (A-2),BEN,final,7.03,AC24_part031_final_BEN.pdf,,4991625,,done
24,Nambol,32,32 - Senapati Sabal,ENG,final,3.15,AC24_part032_final_ENG.pdf,,2195896,,done
24,Nambol,32,32 - Senapati Sabal,BEN,final,3.37,AC24_part032_final_BEN.pdf,,2215834,,done
24,Nambol,33,33 - Kongkham (B),ENG,final,6.96,AC24_part033_final_ENG.pdf,,5292242,,done
24,Nambol,33,33 - Kongkham (B),BEN,final,7.57,AC24_part033_final_BEN.pdf,,5361736,,done
24,Nambol,34,34 - Sabal Leikai Maning,ENG,final,5.9,AC24_part034_final_ENG.pdf,,4436865,,done
24,Nambol,34,34 - Sabal Leikai Maning,BEN,final,6.51,AC24_part034_final_BEN.pdf,,4560634,,done
24,Nambol,35,35 - Sabal Leikai Mamang,ENG,final,7.88,AC24_part035_final_ENG.pdf,,6081033,,done
24,Nambol,35,35 - Sabal Leikai Mamang,BEN,final,8.74,AC24_part035_final_BEN.pdf,,6255637,,done
24,Nambol,36,36 - Balram Khul,ENG,final,5.28,AC24_part036_final_ENG.pdf,,3966309,,done
24,Nambol,36,36 - Balram Khul,BEN,final,5.83,AC24_part036_final_BEN.pdf,,4083906,,done
24,Nambol,37,37 - Kabowakching Khunou,ENG,final,5.79,AC24_part037_final_ENG.pdf,,4419437,,done
24,Nambol,37,37 - Kabowakching Khunou,BEN,final,6.34,AC24_part037_final_BEN.pdf,,4524663,,done
24,Nambol,38,38 - Kabowakching,ENG,final,9.51,AC24_part038_final_ENG.pdf,,7396337,,done
24,Nambol,38,38 - Kabowakching,BEN,final,10.45,AC24_part038_final_BEN.pdf,,7556184,,done
24,Nambol,39,39 - Maibam Chingmang,ENG,final,8.02,AC24_part039_final_ENG.pdf,,6156519,,done
24,Nambol,39,39 - Maibam Chingmang,BEN,final,8.91,AC24_part039_final_BEN.pdf,,6353463,,done
24,Nambol,40,40 - Maibam Chingning,ENG,final,6.28,AC24_part040_final_ENG.pdf,,4732157,,done
24,Nambol,40,40 - Maibam Chingning,BEN,final,6.9,AC24_part040_final_BEN.pdf,,4862537,,done
24,Nambol,41,41 - Naorem Utrapat (A),ENG,final,8.34,AC24_part041_final_ENG.pdf,,6476246,,done
24,Nambol,41,41 - Naorem Utrapat (A),BEN,final,9.31,AC24_part041_final_BEN.pdf,,6722765,,done
24,Nambol,42,42 - Naorem Utrapat (B),ENG,final,10.14,AC24_part042_final_ENG.pdf,,7988443,,done
24,Nambol,42,42 - Naorem Utrapat (B),BEN,final,11.3,AC24_part042_final_BEN.pdf,,8247295,,done
24,Nambol,43,43 - Ishok Awang Maning Leikai,ENG,final,9.19,AC24_part043_final_ENG.pdf,,7187814,,done
24,Nambol,43,43 - Ishok Awang Maning Leikai,BEN,final,10.37,AC24_part043_final_BEN.pdf,,7471618,,done
24,Nambol,44,44 - Ishok Awang Leikai,ENG,final,8.14,AC24_part044_final_ENG.pdf,,6339003,,done
24,Nambol,44,44 - Ishok Awang Leikai,BEN,final,9.15,AC24_part044_final_BEN.pdf,,6581542,,done
24,Nambol,45,45 - Ishok Mamang Maning Makha Leikai,ENG,final,7.53,AC24_part045_final_ENG.pdf,,5897200,,done
24,Nambol,45,45 - Ishok Mamang Maning Makha Leikai,BEN,final,8.47,AC24_part045_final_BEN.pdf,,6126556,,done
25,Oinam,1,1 - Leimram (A),ENG,final,7.23,AC25_part001_final_ENG.pdf,,5622948,,done
25,Oinam,1,1 - Leimram (A),BEN,final,8.02,AC25_part001_final_BEN.pdf,,5780545,,done
25,Oinam,2,2 - Leimram (B),ENG,final,6.52,AC25_part002_final_ENG.pdf,,5043356,,done
25,Oinam,2,2 - Leimram (B),BEN,final,7.26,AC25_part002_final_BEN.pdf,,5202491,,done
25,Oinam,3,3 - Leimram Waroiching,ENG,final,2.99,AC25_part003_final_ENG.pdf,,2111880,,done
25,Oinam,3,3 - Leimram Waroiching,BEN,final,3.27,AC25_part003_final_BEN.pdf,,2170983,,done
25,Oinam,4,4 - Leimram Mamang Leikai,ENG,final,5.51,AC25_part004_final_ENG.pdf,,4220330,,done
25,Oinam,4,4 - Leimram Mamang Leikai,BEN,final,6.08,AC25_part004_final_BEN.pdf,,4340342,,done
25,Oinam,5,5 - Heinoubok,ENG,final,6.24,AC25_part005_final_ENG.pdf,,4791741,,done
25,Oinam,5,5 - Heinoubok,BEN,final,6.95,AC25_part005_final_BEN.pdf,,4971458,,done
25,Oinam,6,6 - Irengbam Awang mamang,ENG,final,6.33,AC25_part006_final_ENG.pdf,,4862216,,done
25,Oinam,6,6 - Irengbam Awang mamang,BEN,final,7.03,AC25_part006_final_BEN.pdf,,5019336,,done
25,Oinam,7,7 - Irengbam Makha Mamang Mayai Leikai,ENG,final,6.51,AC25_part007_final_ENG.pdf,,4993009,,done
25,Oinam,7,7 - Irengbam Makha Mamang Mayai Leikai,BEN,final,7.26,AC25_part007_final_BEN.pdf,,5174660,,done
25,Oinam,8,8 - Irengbam Makha Maning Leikai (A),ENG,final,5.06,AC25_part008_final_ENG.pdf,,3779667,,done
25,Oinam,8,8 - Irengbam Makha Maning Leikai (A),BEN,final,5.62,AC25_part008_final_BEN.pdf,,3911744,,done
25,Oinam,9,9 - Irengbam Makha Maning Leikai,ENG,final,4.9,AC25_part009_final_ENG.pdf,,3636757,,done
25,Oinam,9,9 - Irengbam Makha Maning Leikai,BEN,final,5.41,AC25_part009_final_BEN.pdf,,3747786,,done
25,Oinam,10,10 - Irengbam Awang Maning Leikai,ENG,final,6.74,AC25_part010_final_ENG.pdf,,5174814,,done
25,Oinam,10,10 - Irengbam Awang Maning Leikai,BEN,final,7.52,AC25_part010_final_BEN.pdf,,5348046,,done
25,Oinam,11,11 - Oinam (A-1),ENG,final,8.36,AC25_part011_final_ENG.pdf,,6429371,,done
25,Oinam,11,11 - Oinam (A-1),BEN,final,9.33,AC25_part011_final_BEN.pdf,,6675922,,done
25,Oinam,12,12 - Oinam (A-2),ENG,final,6.78,AC25_part012_final_ENG.pdf,,5201010,,done
25,Oinam,12,12 - Oinam (A-2),BEN,final,7.6,AC25_part012_final_BEN.pdf,,5408068,,done
25,Oinam,13,13 - Oinam (B),ENG,final,7.14,AC25_part013_final_ENG.pdf,,5482495,,done
25,Oinam,13,13 - Oinam (B),BEN,final,7.89,AC25_part013_final_BEN.pdf,,5639820,,done
25,Oinam,14,14 - Oinam  (C),ENG,final,8.68,AC25_part014_final_ENG.pdf,,6707194,,done
25,Oinam,14,14 - Oinam  (C),BEN,final,9.58,AC25_part014_final_BEN.pdf,,6897942,,done
25,Oinam,15,15 - Oinam  (D),ENG,final,6.25,AC25_part015_final_ENG.pdf,,4743051,,done
25,Oinam,15,15 - Oinam  (D),BEN,final,7.02,AC25_part015_final_BEN.pdf,,4958413,,done
25,Oinam,16,16 - Oinam Mamang Makha,ENG,final,6.16,AC25_part016_final_ENG.pdf,,4678920,,done
25,Oinam,16,16 - Oinam Mamang Makha,BEN,final,6.86,AC25_part016_final_BEN.pdf,,4853371,,done
25,Oinam,17,17 - Oinam (E-1),ENG,final,8.29,AC25_part017_final_ENG.pdf,,6412278,,done
25,Oinam,17,17 - Oinam (E-1),BEN,final,9.15,AC25_part017_final_BEN.pdf,,6578179,,done
25,Oinam,18,18 - Oinam (E-2),ENG,final,6.02,AC25_part018_final_ENG.pdf,,4649744,,done
25,Oinam,18,18 - Oinam (E-2),BEN,final,6.77,AC25_part018_final_BEN.pdf,,4841093,,done
25,Oinam,19,19 - Yumnam Khunou,ENG,final,10.4,AC25_part019_final_ENG.pdf,,8101098,,done
25,Oinam,19,19 - Yumnam Khunou,BEN,final,11.36,AC25_part019_final_BEN.pdf,,8258933,,done
25,Oinam,20,20 - Keinou Awang Sorok Maning,ENG,final,9.75,AC25_part020_final_ENG.pdf,,7617226,,done
25,Oinam,20,20 - Keinou Awang Sorok Maning,BEN,final,10.77,AC25_part020_final_BEN.pdf,,7831061,,done
25,Oinam,21,21 - Keinou (A),ENG,final,10.37,AC25_part021_final_ENG.pdf,,8159590,,done
25,Oinam,21,21 - Keinou (A),BEN,final,11.48,AC25_part021_final_BEN.pdf,,8407712,,done
25,Oinam,22,22 - Keinou (B),ENG,final,9.0,AC25_part022_final_ENG.pdf,,6944144,,done
25,Oinam,22,22 - Keinou (B),BEN,final,9.85,AC25_part022_final_BEN.pdf,,7096461,,done
25,Oinam,23,23 - Keinou (C),ENG,final,10.21,AC25_part023_final_ENG.pdf,,7926195,,done
25,Oinam,23,23 - Keinou (C),BEN,final,11.36,AC25_part023_final_BEN.pdf,,8204105,,done
25,Oinam,24,24 - Naikhong Khunou,ENG,final,7.81,AC25_part024_final_ENG.pdf,,6066070,,done
25,Oinam,24,24 - Naikhong Khunou,BEN,final,8.61,AC25_part024_final_BEN.pdf,,6222862,,done
25,Oinam,25,25 - Ngakchroupokpi,ENG,final,7.86,AC25_part025_final_ENG.pdf,,6021770,,done
25,Oinam,25,25 - Ngakchroupokpi,BEN,final,8.75,AC25_part025_final_BEN.pdf,,6241328,,done
25,Oinam,26,26 - Ngaikhong Maning Leikai,ENG,final,6.55,AC25_part026_final_ENG.pdf,,4949872,,done
25,Oinam,26,26 - Ngaikhong Maning Leikai,BEN,final,7.23,AC25_part026_final_BEN.pdf,,5108646,,done
25,Oinam,27,27 - Ngaikhong Khullen Kha Leikai,ENG,final,6.64,AC25_part027_final_ENG.pdf,,5002686,,done
25,Oinam,27,27 - Ngaikhong Khullen Kha Leikai,BEN,final,7.28,AC25_part027_final_BEN.pdf,,5137393,,done
25,Oinam,28,28 - Ngaikhong Khullen Mamang Leikai,ENG,final,7.78,AC25_part028_final_ENG.pdf,,6038317,,done
25,Oinam,28,28 - Ngaikhong Khullen Mamang Leikai,BEN,final,8.55,AC25_part028_final_BEN.pdf,,6181458,,done
25,Oinam,29,29 - Ngaikhong Khullen Awang Leikai,ENG,final,7.93,AC25_part029_final_ENG.pdf,,6125708,,done
25,Oinam,29,29 - Ngaikhong Khullen Awang Leikai,BEN,final,8.81,AC25_part029_final_BEN.pdf,,6331073,,done
25,Oinam,30,30 - Ngaikhong Siphai Maning Leikai,ENG,final,7.15,AC25_part030_final_ENG.pdf,,5403498,,done
25,Oinam,30,30 - Ngaikhong Siphai Maning Leikai,BEN,final,7.86,AC25_part030_final_BEN.pdf,,5551750,,done
25,Oinam,31,31 - Ngaikhong Siphai Mamang Leikai,ENG,final,5.84,AC25_part031_final_ENG.pdf,,4434927,,done
25,Oinam,31,31 - Ngaikhong Siphai Mamang Leikai,BEN,final,6.42,AC25_part031_final_BEN.pdf,,4551294,,done
25,Oinam,32,32 - Toubul (A-1),ENG,final,7.89,AC25_part032_final_ENG.pdf,,6081938,,done
25,Oinam,32,32 - Toubul (A-1),BEN,final,8.64,AC25_part032_final_BEN.pdf,,6197662,,done
25,Oinam,33,33 - Toubul (A-2),ENG,final,6.73,AC25_part033_final_ENG.pdf,,5125533,,done
25,Oinam,33,33 - Toubul (A-2),BEN,final,7.32,AC25_part033_final_BEN.pdf,,5203914,,done
25,Oinam,34,34 - Toubul (B),ENG,final,8.13,AC25_part034_final_ENG.pdf,,6246994,,done
25,Oinam,34,34 - Toubul (B),BEN,final,8.85,AC25_part034_final_BEN.pdf,,6335283,,done
25,Oinam,35,35 - Toubul Makha Maning,ENG,final,7.43,AC25_part035_final_ENG.pdf,,5692244,,done
25,Oinam,35,35 - Toubul Makha Maning,BEN,final,8.24,AC25_part035_final_BEN.pdf,,5870855,,done
25,Oinam,36,36 - Toubul Mamang Makha,ENG,final,6.4,AC25_part036_final_ENG.pdf,,4898251,,done
25,Oinam,36,36 - Toubul Mamang Makha,BEN,final,7.0,AC25_part036_final_BEN.pdf,,4992472,,done
25,Oinam,37,37 - Khoijuman Khullen (A),ENG,final,10.84,AC25_part037_final_ENG.pdf,,8466504,,done
25,Oinam,37,37 - Khoijuman Khullen (A),BEN,final,12.1,AC25_part037_final_BEN.pdf,,8757090,,done
25,Oinam,38,38 - Khoijuman Khullen (B),ENG,final,7.58,AC25_part038_final_ENG.pdf,,5831271,,done
25,Oinam,38,38 - Khoijuman Khullen (B),BEN,final,8.43,AC25_part038_final_BEN.pdf,,6015936,,done
25,Oinam,39,39 - Khoijuman Khullen (B-2),ENG,final,6.99,AC25_part039_final_ENG.pdf,,5345634,,done
25,Oinam,39,39 - Khoijuman Khullen (B-2),BEN,final,7.79,AC25_part039_final_BEN.pdf,,5536562,,done
26,Bishenpur,1,1 - Bishnupur Ward No. 2,ENG,final,5.61,AC26_part001_final_ENG.pdf,,4327413,,done
26,Bishenpur,2,2 - Bishnupur Ward No. 3,ENG,final,7.27,AC26_part002_final_ENG.pdf,,5611348,,done
26,Bishenpur,3,3 - Bishnupur Ward No. 1,ENG,final,7.81,AC26_part003_final_ENG.pdf,,6026965,,done
26,Bishenpur,4,4 - Bishnupur Ward No. 10,ENG,final,6.67,AC26_part004_final_ENG.pdf,,5123170,,done
26,Bishenpur,5,5 - Bishnupur Awang (D),ENG,final,11.64,AC26_part005_final_ENG.pdf,,9148955,,done
26,Bishenpur,6,6 - Bishnupur Ward No. 8,ENG,final,9.14,AC26_part006_final_ENG.pdf,,7173725,,done
26,Bishenpur,7,7 - Bishnupur Ward No. 4,ENG,final,8.31,AC26_part007_final_ENG.pdf,,6396308,,done
26,Bishenpur,8,8 - Bishnupur Ward No. 7,ENG,final,9.67,AC26_part008_final_ENG.pdf,,7552829,,done
26,Bishenpur,9,9 - Bishnupur Ward No. 6,ENG,final,8.54,AC26_part009_final_ENG.pdf,,6627311,,done
26,Bishenpur,10,10 - Bishnupur Ward No. 5,ENG,final,7.99,AC26_part010_final_ENG.pdf,,6190068,,done
26,Bishenpur,11,11 - Khoijuman Khunou Kwashiphai (A),ENG,final,10.1,AC26_part011_final_ENG.pdf,,7914484,,done
26,Bishenpur,12,12 - Khoijuman Khunou Kwashiphai (B),ENG,final,10.72,AC26_part012_final_ENG.pdf,,8483508,,done
26,Bishenpur,13,13 - Nachou (A),ENG,final,8.9,AC26_part013_final_ENG.pdf,,6927271,,done
26,Bishenpur,14,14 - Nachou (B),ENG,final,8.58,AC26_part014_final_ENG.pdf,,6718076,,done
26,Bishenpur,15,15 - Nachou (C),ENG,final,7.5,AC26_part015_final_ENG.pdf,,5853255,,done
26,Bishenpur,16,16 - Nachou (D),ENG,final,8.09,AC26_part016_final_ENG.pdf,,6286506,,done
26,Bishenpur,17,17 - Potshangbam Ward No. 9,ENG,final,7.59,AC26_part017_final_ENG.pdf,,5872671,,done
26,Bishenpur,18,18 - Potshangbam Ward No. 7,ENG,final,6.26,AC26_part018_final_ENG.pdf,,4820672,,done
26,Bishenpur,19,19 - Potshangbam Ward No. 8,ENG,final,6.8,AC26_part019_final_ENG.pdf,,5213054,,done
26,Bishenpur,20,20 - Upokpi,ENG,final,8.48,AC26_part020_final_ENG.pdf,,6615547,,done
26,Bishenpur,21,21 - Toupokpi,ENG,final,9.01,AC26_part021_final_ENG.pdf,,7039006,,done
26,Bishenpur,22,22 - Ningthoukhong Awang Ward No. 1,ENG,final,5.27,AC26_part022_final_ENG.pdf,,3977465,,done
26,Bishenpur,23,23 - Ningthoukhong Awang Ward No. 14,ENG,final,8.94,AC26_part023_final_ENG.pdf,,6939131,,done
26,Bishenpur,24,24 - Ningthoukhong Awang Ward No. 12,ENG,final,7.4,AC26_part024_final_ENG.pdf,,5667472,,done
26,Bishenpur,25,25 - Ningthoukhong Shantipur Project Ward No. 2,ENG,final,6.78,AC26_part025_final_ENG.pdf,,5143729,,done
26,Bishenpur,26,26 - Ningthoukhong Awang Ward No. 13,ENG,final,7.18,AC26_part026_final_ENG.pdf,,5459228,,done
26,Bishenpur,27,27 - Ningthoukhong Bazar Ward No. 2,ENG,final,5.53,AC26_part027_final_ENG.pdf,,4177032,,done
26,Bishenpur,28,28 - Ningthoukhong Awang Ward No. 11,ENG,final,4.91,AC26_part028_final_ENG.pdf,,3615979,,done
26,Bishenpur,29,29 - Ningthoukhong Kha Ward No. 3,ENG,final,7.36,AC26_part029_final_ENG.pdf,,5646251,,done
26,Bishenpur,30,30 - Ningthoukhong Kha Ward No. 9,ENG,final,5.83,AC26_part030_final_ENG.pdf,,4350133,,done
26,Bishenpur,31,31 - Ningthoukhong Kha Ward No. 5,ENG,final,6.24,AC26_part031_final_ENG.pdf,,4799663,,done
26,Bishenpur,32,32 - Ningthoukhong Kha Ward No. 8,ENG,final,7.82,AC26_part032_final_ENG.pdf,,5977468,,done
26,Bishenpur,33,33 - Ningthoukhong Kha Ward No. 10,ENG,final,6.88,AC26_part033_final_ENG.pdf,,5241162,,done
26,Bishenpur,34,34 - Ningthoukhong Kha Ward No. 6,ENG,final,6.49,AC26_part034_final_ENG.pdf,,5011196,,done
26,Bishenpur,35,35 - Ningthoukhong Kha Ward No. 7,ENG,final,6.52,AC26_part035_final_ENG.pdf,,4962789,,done
26,Bishenpur,36,36 - Ningthoukhong Kha Khunou Ward No. 4,ENG,final,10.34,AC26_part036_final_ENG.pdf,,8099690,,done
26,Bishenpur,37,37 - Ningthoukhong Kha Khunou (Panchayat Area),ENG,final,7.2,AC26_part037_final_ENG.pdf,,5525372,,done
26,Bishenpur,38,38 - Thinungei (A),ENG,final,7.48,AC26_part038_final_ENG.pdf,,5771036,,done
26,Bishenpur,39,39 - Thinungei (B),ENG,final,7.58,AC26_part039_final_ENG.pdf,,5888508,,done
26,Bishenpur,40,40 - Thinungei (C-1),ENG,final,7.44,AC26_part040_final_ENG.pdf,,5754910,,done
26,Bishenpur,41,41 - Thinungei (C-2),ENG,final,7.68,AC26_part041_final_ENG.pdf,,5981855,,done
27,Moirang,1,1 - Phubala (A),ENG,final,8.37,AC27_part001_final_ENG.pdf,,6478471,,done
27,Moirang,1,1 - Phubala (A),BEN,final,6.8,AC27_part001_final_BEN.pdf,,7095286,,done
27,Moirang,2,2 - Phubala (B),ENG,final,8.7,AC27_part002_final_ENG.pdf,,6790757,,done
27,Moirang,2,2 - Phubala (B),BEN,final,9.79,AC27_part002_final_BEN.pdf,,7078978,,done
27,Moirang,3,3 - Phubala (C),ENG,final,7.59,AC27_part003_final_ENG.pdf,,5863662,,done
27,Moirang,3,3 - Phubala (C),BEN,final,8.51,AC27_part003_final_BEN.pdf,,6107864,,done
27,Moirang,4,4 - Phubala (D),ENG,final,8.65,AC27_part004_final_ENG.pdf,,6752243,,done
27,Moirang,4,4 - Phubala (D),BEN,final,9.72,AC27_part004_final_BEN.pdf,,7023451,,done
27,Moirang,5,5 - Naranseina (A),ENG,final,9.82,AC27_part005_final_ENG.pdf,,7741503,,done
27,Moirang,5,5 - Naranseina (A),BEN,final,11.05,AC27_part005_final_BEN.pdf,,8060215,,done
27,Moirang,6,6 - Naranseina (B),ENG,final,10.49,AC27_part006_final_ENG.pdf,,8220652,,done
27,Moirang,6,6 - Naranseina (B),BEN,final,11.7,AC27_part006_final_BEN.pdf,,8511785,,done
27,Moirang,7,7 - Thamnapokpi (A),ENG,final,8.58,AC27_part007_final_ENG.pdf,,6686794,,done
27,Moirang,7,7 - Thamnapokpi (A),BEN,final,9.58,AC27_part007_final_BEN.pdf,,6924587,,done
27,Moirang,8,8 - Thamnapokpi (B),ENG,final,8.09,AC27_part008_final_ENG.pdf,,6272224,,done
27,Moirang,8,8 - Thamnapokpi (B),BEN,final,9.02,AC27_part008_final_BEN.pdf,,6483280,,done
27,Moirang,9,9 - Ngangkhalawai(A),ENG,final,8.87,AC27_part009_final_ENG.pdf,,6892867,,done
27,Moirang,9,9 - Ngangkhalawai(A),BEN,final,9.95,AC27_part009_final_BEN.pdf,,7157656,,done
27,Moirang,10,10 - Ngangkhalawai(B),ENG,final,8.17,AC27_part010_final_ENG.pdf,,6332083,,done
27,Moirang,10,10 - Ngangkhalawai(B),BEN,final,9.15,AC27_part010_final_BEN.pdf,,6576653,,done
27,Moirang,11,11 - Moirang Part 1(A),ENG,final,9.81,AC27_part011_final_ENG.pdf,,7689148,,done
27,Moirang,11,11 - Moirang Part 1(A),BEN,final,10.99,AC27_part011_final_BEN.pdf,,7996515,,done
27,Moirang,12,12 - Moirang Part 1(B),ENG,final,10.05,AC27_part012_final_ENG.pdf,,7895269,,done
27,Moirang,12,12 - Moirang Part 1(B),BEN,final,11.26,AC27_part012_final_BEN.pdf,,8209435,,done
27,Moirang,13,13 - Moirang Part 1 (C-1),ENG,final,10.67,AC27_part013_final_ENG.pdf,,8378951,,done
27,Moirang,13,13 - Moirang Part 1 (C-1),BEN,final,12.02,AC27_part013_final_BEN.pdf,,8738068,,done
27,Moirang,14,14 - Moirang Part 1 (C-2),ENG,final,8.58,AC27_part014_final_ENG.pdf,,6566882,,done
27,Moirang,14,14 - Moirang Part 1 (C-2),BEN,final,9.59,AC27_part014_final_BEN.pdf,,6831060,,done
27,Moirang,15,15 - Moirang Part 1 (D),ENG,final,5.04,AC27_part015_final_ENG.pdf,,3743342,,done
27,Moirang,15,15 - Moirang Part 1 (D),BEN,final,5.61,AC27_part015_final_BEN.pdf,,3893615,,done
27,Moirang,16,16 - Moirang Part 1 (E-1),ENG,final,7.03,AC27_part016_final_ENG.pdf,,5500802,,done
27,Moirang,16,16 - Moirang Part 1 (E-1),BEN,final,7.85,AC27_part016_final_BEN.pdf,,5718883,,done
27,Moirang,17,17 - Moirang Part 1 (E-2),ENG,final,9.03,AC27_part017_final_ENG.pdf,,7099171,,done
27,Moirang,17,17 - Moirang Part 1 (E-2),BEN,final,10.1,AC27_part017_final_BEN.pdf,,7379109,,done
27,Moirang,18,18 - Moirang Part 1 (F),ENG,final,6.94,AC27_part018_final_ENG.pdf,,5327153,,done
27,Moirang,18,18 - Moirang Part 1 (F),BEN,final,7.74,AC27_part018_final_BEN.pdf,,5526771,,done
27,Moirang,19,19 - Moirang Part 1 (G),ENG,final,8.37,AC27_part019_final_ENG.pdf,,6497002,,done
27,Moirang,19,19 - Moirang Part 1 (G),BEN,final,9.39,AC27_part019_final_BEN.pdf,,6767163,,done
27,Moirang,20,20 - Moirang Part 2 (A),ENG,final,9.54,AC27_part020_final_ENG.pdf,,7475357,,done
27,Moirang,20,20 - Moirang Part 2 (A),BEN,final,10.71,AC27_part020_final_BEN.pdf,,7789035,,done
27,Moirang,21,21 - Moirang Part 2 (B),ENG,final,9.72,AC27_part021_final_ENG.pdf,,7613879,,done
27,Moirang,21,21 - Moirang Part 2 (B),BEN,final,10.92,AC27_part021_final_BEN.pdf,,7927660,,done
27,Moirang,22,22 - Moirang Part 2 (C )-1,ENG,final,6.79,AC27_part022_final_ENG.pdf,,5216101,,done
27,Moirang,22,22 - Moirang Part 2 (C )-1,BEN,final,7.62,AC27_part022_final_BEN.pdf,,5429692,,done
27,Moirang,23,23 - Moirang Part 2 (C )-2,ENG,final,6.31,AC27_part023_final_ENG.pdf,,4796541,,done
27,Moirang,23,23 - Moirang Part 2 (C )-2,BEN,final,7.02,AC27_part023_final_BEN.pdf,,4976133,,done
27,Moirang,24,24 - Moirang Part 2 (D),ENG,final,7.48,AC27_part024_final_ENG.pdf,,5765599,,done
27,Moirang,24,24 - Moirang Part 2 (D),BEN,final,8.36,AC27_part024_final_BEN.pdf,,5994442,,done
27,Moirang,25,25 - Moirang Part 2 (E),ENG,final,8.55,AC27_part025_final_ENG.pdf,,6666022,,done
27,Moirang,25,25 - Moirang Part 2 (E),BEN,final,9.54,AC27_part025_final_BEN.pdf,,6920288,,done
27,Moirang,26,26 - Moirang Part 2 (F),ENG,final,8.85,AC27_part026_final_ENG.pdf,,6915674,,done
27,Moirang,26,26 - Moirang Part 2 (F),BEN,final,9.94,AC27_part026_final_BEN.pdf,,7196024,,done
27,Moirang,27,27 - Moirang Part 2 (G),ENG,final,7.56,AC27_part027_final_ENG.pdf,,5814489,,done
27,Moirang,27,27 - Moirang Part 2 (G),BEN,final,8.51,AC27_part027_final_BEN.pdf,,6068705,,done
27,Moirang,28,28 - Kwakta Khuman (A),ENG,final,6.94,AC27_part028_final_ENG.pdf,,5384199,,done
27,Moirang,28,28 - Kwakta Khuman (A),BEN,final,7.76,AC27_part028_final_BEN.pdf,,5606408,,done
27,Moirang,29,29 - Kwakta Khuman (B-1),ENG,final,5.43,AC27_part029_final_ENG.pdf,,4203014,,done
27,Moirang,29,29 - Kwakta Khuman (B-1),BEN,final,6.02,AC27_part029_final_BEN.pdf,,4361229,,done
27,Moirang,30,30 - Kwakta Khuman (B-2),ENG,final,8.82,AC27_part030_final_ENG.pdf,,7061432,,done
27,Moirang,30,30 - Kwakta Khuman (B-2),BEN,final,9.83,AC27_part030_final_BEN.pdf,,7338091,,done
27,Moirang,31,31 - Kwakta Khuman (C),ENG,final,8.26,AC27_part031_final_ENG.pdf,,6639989,,done
27,Moirang,31,31 - Kwakta Khuman (C),BEN,final,9.17,AC27_part031_final_BEN.pdf,,6885468,,done
27,Moirang,32,32 - Kwakta Khuman (D),ENG,final,8.21,AC27_part032_final_ENG.pdf,,6515257,,done
27,Moirang,32,32 - Kwakta Khuman (D),BEN,final,9.11,AC27_part032_final_BEN.pdf,,6752046,,done
27,Moirang,33,33 - Okshongbung,ENG,final,11.01,AC27_part033_final_ENG.pdf,,8697998,,done
27,Moirang,33,33 - Okshongbung,BEN,final,12.4,AC27_part033_final_BEN.pdf,,9060701,,done
27,Moirang,34,34 - Tronglaobi (A)-1,ENG,final,7.1,AC27_part034_final_ENG.pdf,,5462857,,done
27,Moirang,34,34 - Tronglaobi (A)-1,BEN,final,7.9,AC27_part034_final_BEN.pdf,,5655823,,done
27,Moirang,35,35 - Tronglaobi (A)-2,ENG,final,7.09,AC27_part035_final_ENG.pdf,,5480578,,done
27,Moirang,35,35 - Tronglaobi (A)-2,BEN,final,7.85,AC27_part035_final_BEN.pdf,,5650919,,done
27,Moirang,36,36 - Tronglaobi (B),ENG,final,9.63,AC27_part036_final_ENG.pdf,,7535644,,done
27,Moirang,36,36 - Tronglaobi (B),BEN,final,10.8,AC27_part036_final_BEN.pdf,,7834907,,done
27,Moirang,37,37 - Terakhongshangbi(A),ENG,final,8.08,AC27_part037_final_ENG.pdf,,6272596,,done
27,Moirang,37,37 - Terakhongshangbi(A),BEN,final,9.02,AC27_part037_final_BEN.pdf,,6500814,,done
27,Moirang,38,38 - Terakhongshangbi(B),ENG,final,8.46,AC27_part038_final_ENG.pdf,,6639854,,done
27,Moirang,38,38 - Terakhongshangbi(B),BEN,final,9.48,AC27_part038_final_BEN.pdf,,6894844,,done
27,Moirang,39,39 - Kwakta 1 (A)-1,ENG,final,7.66,AC27_part039_final_ENG.pdf,,6050600,,done
27,Moirang,39,39 - Kwakta 1 (A)-1,BEN,final,8.51,AC27_part039_final_BEN.pdf,,6266952,,done
27,Moirang,40,40 - Kwakta 1 (A)-2,ENG,final,8.47,AC27_part040_final_ENG.pdf,,6748193,,done
27,Moirang,40,40 - Kwakta 1 (A)-2,BEN,final,9.44,AC27_part040_final_BEN.pdf,,7004542,,done
27,Moirang,41,41 - Kwakta 1 (B),ENG,final,9.03,AC27_part041_final_ENG.pdf,,7249199,,done
27,Moirang,41,41 - Kwakta 1 (B),BEN,final,10.1,AC27_part041_final_BEN.pdf,,7545689,,done
27,Moirang,42,42 - Kwakta 1 (C),ENG,final,10.16,AC27_part042_final_ENG.pdf,,8231943,,done
27,Moirang,42,42 - Kwakta 1 (C),BEN,final,11.37,AC27_part042_final_BEN.pdf,,8561153,,done
27,Moirang,43,43 - Kwakta Pangal Lamkhai Maning,ENG,final,4.56,AC27_part043_final_ENG.pdf,,3454286,,done
27,Moirang,43,43 - Kwakta Pangal Lamkhai Maning,BEN,final,5.05,AC27_part043_final_BEN.pdf,,3574360,,done
27,Moirang,44,44 - Kwakta Pangal Lamkhai Mamang,ENG,final,7.86,AC27_part044_final_ENG.pdf,,6271355,,done
27,Moirang,44,44 - Kwakta Pangal Lamkhai Mamang,BEN,final,8.79,AC27_part044_final_BEN.pdf,,6527946,,done
27,Moirang,45,45 - Kwakta 1 (E),ENG,final,11.2,AC27_part045_final_ENG.pdf,,9006551,,done
27,Moirang,45,45 - Kwakta 1 (E),BEN,final,12.57,AC27_part045_final_BEN.pdf,,9390999,,done
27,Moirang,46,46 - Kwakta 1 (F),ENG,final,8.7,AC27_part046_final_ENG.pdf,,6935225,,done
27,Moirang,46,46 - Kwakta 1 (F),BEN,final,9.74,AC27_part046_final_BEN.pdf,,7233437,,done
28,Thanga,1,1 - Thanga Karang (A),ENG,final,7.36,AC28_part001_final_ENG.pdf,,5694360,,done
28,Thanga,1,1 - Thanga Karang (A),BEN,final,8.2,AC28_part001_final_BEN.pdf,,5879737,,done
28,Thanga,2,2 - Thanga Karang (B),ENG,final,6.37,AC28_part002_final_ENG.pdf,,4891686,,done
28,Thanga,2,2 - Thanga Karang (B),BEN,final,7.09,AC28_part002_final_BEN.pdf,,5061987,,done
28,Thanga,3,3 - Thanga Chingkha(A),ENG,final,5.91,AC28_part003_final_ENG.pdf,,4500458,,done
28,Thanga,3,3 - Thanga Chingkha(A),BEN,final,6.67,AC28_part003_final_BEN.pdf,,4696225,,done
28,Thanga,4,4 - Thanga Chingkha(B),ENG,final,6.18,AC28_part004_final_ENG.pdf,,4716561,,done
28,Thanga,4,4 - Thanga Chingkha(B),BEN,final,6.87,AC28_part004_final_BEN.pdf,,4871883,,done
28,Thanga,5,5 - Thanga Heisnam Leikai (A),ENG,final,9.45,AC28_part005_final_ENG.pdf,,7393797,,done
28,Thanga,5,5 - Thanga Heisnam Leikai (A),BEN,final,10.47,AC28_part005_final_BEN.pdf,,7590425,,done
28,Thanga,6,6 - Thanga Heisnam Leikai (B),ENG,final,6.22,AC28_part006_final_ENG.pdf,,4745145,,done
28,Thanga,6,6 - Thanga Heisnam Leikai (B),BEN,final,6.88,AC28_part006_final_BEN.pdf,,4876619,,done
28,Thanga,7,7 - Thanga Salam Leikai (A),ENG,final,6.64,AC28_part007_final_ENG.pdf,,5040417,,done
28,Thanga,7,7 - Thanga Salam Leikai (A),BEN,final,7.23,AC28_part007_final_BEN.pdf,,5114696,,done
28,Thanga,8,8 - Thanga Salam Leikai (B),ENG,final,6.87,AC28_part008_final_ENG.pdf,,5234570,,done
28,Thanga,8,8 - Thanga Salam Leikai (B),BEN,final,7.55,AC28_part008_final_BEN.pdf,,5367056,,done
28,Thanga,9,9 - Thanga Oinam Leikai,ENG,final,10.35,AC28_part009_final_ENG.pdf,,8050747,,done
28,Thanga,9,9 - Thanga Oinam Leikai,BEN,final,11.6,AC28_part009_final_BEN.pdf,,8345588,,done
28,Thanga,10,10 - Samukon,ENG,final,5.71,AC28_part010_final_ENG.pdf,,4284774,,done
28,Thanga,10,10 - Samukon,BEN,final,6.34,AC28_part010_final_BEN.pdf,,4420200,,done
28,Thanga,11,11 - Thanga Moirangthem Leikai (A-1),ENG,final,9.45,AC28_part011_final_ENG.pdf,,7342462,,done
28,Thanga,11,11 - Thanga Moirangthem Leikai (A-1),BEN,final,10.37,AC28_part011_final_BEN.pdf,,7473958,,done
28,Thanga,12,12 - Thanga Moirangthem Leikai (A-2),ENG,final,7.41,AC28_part012_final_ENG.pdf,,5667294,,done
28,Thanga,12,12 - Thanga Moirangthem Leikai (A-2),BEN,final,8.19,AC28_part012_final_BEN.pdf,,5796639,,done
28,Thanga,13,13 - Thanga Moirangthem Leikai (B),ENG,final,7.08,AC28_part013_final_ENG.pdf,,5467833,,done
28,Thanga,13,13 - Thanga Moirangthem Leikai (B),BEN,final,7.79,AC28_part013_final_BEN.pdf,,5597391,,done
28,Thanga,14,14 - Ithing (A),ENG,final,6.14,AC28_part014_final_ENG.pdf,,4674023,,done
28,Thanga,14,14 - Ithing (A),BEN,final,6.75,AC28_part014_final_BEN.pdf,,4793115,,done
28,Thanga,15,15 - Ithing (B),ENG,final,7.26,AC28_part015_final_ENG.pdf,,5592745,,done
28,Thanga,15,15 - Ithing (B),BEN,final,8.01,AC28_part015_final_BEN.pdf,,5743501,,done
28,Thanga,16,16 - Keibul (A),ENG,final,8.8,AC28_part016_final_ENG.pdf,,6853745,,done
28,Thanga,16,16 - Keibul (A),BEN,final,9.79,AC28_part016_final_BEN.pdf,,7083375,,done
28,Thanga,17,17 - Keibul (B),ENG,final,10.08,AC28_part017_final_ENG.pdf,,7889897,,done
28,Thanga,17,17 - Keibul (B),BEN,final,11.26,AC28_part017_final_BEN.pdf,,8175475,,done
28,Thanga,18,18 - Chingmei Chandapur (A),ENG,final,7.79,AC28_part018_final_ENG.pdf,,6092883,,done
28,Thanga,18,18 - Chingmei Chandapur (A),BEN,final,8.65,AC28_part018_final_BEN.pdf,,6278498,,done
28,Thanga,19,19 - Chingmei Chandapur (B),ENG,final,8.3,AC28_part019_final_ENG.pdf,,6487394,,done
28,Thanga,19,19 - Chingmei Chandapur (B),BEN,final,9.31,AC28_part019_final_BEN.pdf,,6737782,,done
28,Thanga,20,20 - Moirang Khunou (A),ENG,final,11.23,AC28_part020_final_ENG.pdf,,8866289,,done
28,Thanga,20,20 - Moirang Khunou (A),BEN,final,12.53,AC28_part020_final_BEN.pdf,,9164799,,done
28,Thanga,21,21 - Moirang Khunou (B),ENG,final,8.83,AC28_part021_final_ENG.pdf,,6917743,,done
28,Thanga,21,21 - Moirang Khunou (B),BEN,final,9.86,AC28_part021_final_BEN.pdf,,7153586,,done
28,Thanga,22,22 - Moirang Khunou (C),ENG,final,9.64,AC28_part022_final_ENG.pdf,,7516567,,done
28,Thanga,22,22 - Moirang Khunou (C),BEN,final,10.65,AC28_part022_final_BEN.pdf,,7700027,,done
28,Thanga,23,23 - Kha Thinungei (A),ENG,final,9.32,AC28_part023_final_ENG.pdf,,7341542,,done
28,Thanga,23,23 - Kha Thinungei (A),BEN,final,10.36,AC28_part023_final_BEN.pdf,,7572149,,done
28,Thanga,24,24 - Kha Thinungei (B),ENG,final,8.55,AC28_part024_final_ENG.pdf,,6684408,,done
28,Thanga,24,24 - Kha Thinungei (B),BEN,final,9.57,AC28_part024_final_BEN.pdf,,6939582,,done
28,Thanga,25,25 - Keirenphabi,ENG,final,10.73,AC28_part025_final_ENG.pdf,,8426441,,done
28,Thanga,25,25 - Keirenphabi,BEN,final,11.97,AC28_part025_final_BEN.pdf,,8704140,,done
28,Thanga,26,26 - Khordak,ENG,final,5.37,AC28_part026_final_ENG.pdf,,4073720,,done
28,Thanga,26,26 - Khordak,BEN,final,5.91,AC28_part026_final_BEN.pdf,,4183207,,done
28,Thanga,27,27 - Nongmaikhong,ENG,final,7.14,AC28_part027_final_ENG.pdf,,5537548,,done
28,Thanga,27,27 - Nongmaikhong,BEN,final,7.89,AC28_part027_final_BEN.pdf,,5695590,,done
28,Thanga,28,28 - Champu Khangpok,ENG,final,3.61,AC28_part028_final_ENG.pdf,,2613779,,done
28,Thanga,28,28 - Champu Khangpok,BEN,final,3.96,AC28_part028_final_BEN.pdf,,2676884,,done
29,Kumbi,1,1 - Phougakchao Ikhai (A),ENG,final,9.39,AC29_part001_final_ENG.pdf,,7254171,,done
29,Kumbi,1,1 - Phougakchao Ikhai (A),BEN,final,10.42,AC29_part001_final_BEN.pdf,,7478673,,done
29,Kumbi,2,2 - Phougakchao Ikhai (B),ENG,final,7.18,AC29_part002_final_ENG.pdf,,5549095,,done
29,Kumbi,2,2 - Phougakchao Ikhai (B),BEN,final,7.98,AC29_part002_final_BEN.pdf,,5704290,,done
29,Kumbi,3,3 - Torbung (A),ENG,final,7.4,AC29_part003_final_ENG.pdf,,5697820,,done
29,Kumbi,3,3 - Torbung (A),BEN,final,8.2,AC29_part003_final_BEN.pdf,,5868338,,done
29,Kumbi,4,4 - Torbung (B),ENG,final,5.01,AC29_part004_final_ENG.pdf,,3727935,,done
29,Kumbi,4,4 - Torbung (B),BEN,final,5.51,AC29_part004_final_BEN.pdf,,3829000,,done
29,Kumbi,5,5 - Nganukon Refugee Colony,ENG,final,9.29,AC29_part005_final_ENG.pdf,,7441376,,done
29,Kumbi,5,5 - Nganukon Refugee Colony,BEN,final,10.24,AC29_part005_final_BEN.pdf,,7653625,,done
29,Kumbi,6,6 - Saiton (A),ENG,final,8.58,AC29_part006_final_ENG.pdf,,6655931,,done
29,Kumbi,6,6 - Saiton (A),BEN,final,9.52,AC29_part006_final_BEN.pdf,,6857970,,done
29,Kumbi,7,7 - Saiton (B),ENG,final,7.47,AC29_part007_final_ENG.pdf,,5839810,,done
29,Kumbi,7,7 - Saiton (B),BEN,final,8.32,AC29_part007_final_BEN.pdf,,6033715,,done
29,Kumbi,8,8 - Saiton (C-1),ENG,final,7.45,AC29_part008_final_ENG.pdf,,5720620,,done
29,Kumbi,8,8 - Saiton (C-1),BEN,final,8.23,AC29_part008_final_BEN.pdf,,5880903,,done
29,Kumbi,9,9 - Saiton (C-2),ENG,final,6.87,AC29_part009_final_ENG.pdf,,5301264,,done
29,Kumbi,9,9 - Saiton (C-2),BEN,final,7.56,AC29_part009_final_BEN.pdf,,5441498,,done
29,Kumbi,10,10 - Kumbi M.E. Leikai,ENG,final,7.67,AC29_part010_final_ENG.pdf,,5886245,,done
29,Kumbi,10,10 - Kumbi M.E. Leikai,BEN,final,8.3,AC29_part010_final_BEN.pdf,,5971379,,done
29,Kumbi,11,11 - Kumbi Ishing Chaiba,ENG,final,5.02,AC29_part011_final_ENG.pdf,,3733040,,done
29,Kumbi,11,11 - Kumbi Ishing Chaiba,BEN,final,5.41,AC29_part011_final_BEN.pdf,,3778135,,done
29,Kumbi,12,12 - Kumbi (B-1),ENG,final,7.43,AC29_part012_final_ENG.pdf,,5719971,,done
29,Kumbi,12,12 - Kumbi (B-1),BEN,final,8.14,AC29_part012_final_BEN.pdf,,5844129,,done
29,Kumbi,13,13 - Kumbi (B-2),ENG,final,7.9,AC29_part013_final_ENG.pdf,,6112905,,done
29,Kumbi,13,13 - Kumbi (B-2),BEN,final,8.77,AC29_part013_final_BEN.pdf,,6306008,,done
29,Kumbi,14,14 - Kumbi Bazar,ENG,final,5.57,AC29_part014_final_ENG.pdf,,4104262,,done
29,Kumbi,14,14 - Kumbi Bazar,BEN,final,6.06,AC29_part014_final_BEN.pdf,,4180183,,done
29,Kumbi,15,15 - Kumbi Makha Leikai,ENG,final,7.38,AC29_part015_final_ENG.pdf,,5638330,,done
29,Kumbi,15,15 - Kumbi Makha Leikai,BEN,final,8.11,AC29_part015_final_BEN.pdf,,5777190,,done
29,Kumbi,16,16 - Kumbi (D),ENG,final,11.55,AC29_part016_final_ENG.pdf,,8966403,,done
29,Kumbi,16,16 - Kumbi (D),BEN,final,12.58,AC29_part016_final_BEN.pdf,,9127903,,done
29,Kumbi,17,17 - Kumbi (E),ENG,final,11.13,AC29_part017_final_ENG.pdf,,8702239,,done
29,Kumbi,17,17 - Kumbi (E),BEN,final,12.19,AC29_part017_final_BEN.pdf,,8902089,,done
29,Kumbi,18,18 - Kumbi (F),ENG,final,8.6,AC29_part018_final_ENG.pdf,,6666363,,done
29,Kumbi,18,18 - Kumbi (F),BEN,final,9.38,AC29_part018_final_BEN.pdf,,6788090,,done
29,Kumbi,19,19 - Ithai (A),ENG,final,7.7,AC29_part019_final_ENG.pdf,,5944875,,done
29,Kumbi,19,19 - Ithai (A),BEN,final,8.56,AC29_part019_final_BEN.pdf,,6133518,,done
29,Kumbi,20,20 - Ithai Wapokpi,ENG,final,5.43,AC29_part020_final_ENG.pdf,,4136865,,done
29,Kumbi,20,20 - Ithai Wapokpi,BEN,final,6.01,AC29_part020_final_BEN.pdf,,4266787,,done
29,Kumbi,21,21 - Ithai (B),ENG,final,10.6,AC29_part021_final_ENG.pdf,,8370637,,done
29,Kumbi,21,21 - Ithai (B),BEN,final,11.84,AC29_part021_final_BEN.pdf,,8649978,,done
29,Kumbi,22,22 - Wangoo (A),ENG,final,9.16,AC29_part022_final_ENG.pdf,,7136633,,done
29,Kumbi,22,22 - Wangoo (A),BEN,final,10.15,AC29_part022_final_BEN.pdf,,7362281,,done
29,Kumbi,23,23 - Wangoo (B),ENG,final,8.03,AC29_part023_final_ENG.pdf,,6178495,,done
29,Kumbi,23,23 - Wangoo (B),BEN,final,8.9,AC29_part023_final_BEN.pdf,,6400421,,done
29,Kumbi,24,24 - Wangoo (C),ENG,final,7.76,AC29_part024_final_ENG.pdf,,5999700,,done
29,Kumbi,24,24 - Wangoo (C),BEN,final,8.57,AC29_part024_final_BEN.pdf,,6202876,,done
29,Kumbi,25,25 - Wangoo (D),ENG,final,7.02,AC29_part025_final_ENG.pdf,,5392286,,done
29,Kumbi,25,25 - Wangoo (D),BEN,final,7.79,AC29_part025_final_BEN.pdf,,5569894,,done
29,Kumbi,26,26 - Wangoo Terakhong (A),ENG,final,6.71,AC29_part026_final_ENG.pdf,,5175353,,done
29,Kumbi,26,26 - Wangoo Terakhong (A),BEN,final,7.44,AC29_part026_final_BEN.pdf,,5337705,,done
29,Kumbi,27,27 - Wangoo Terakhong (B),ENG,final,9.22,AC29_part027_final_ENG.pdf,,7211347,,done
29,Kumbi,27,27 - Wangoo Terakhong (B),BEN,final,10.22,AC29_part027_final_BEN.pdf,,7422990,,done
29,Kumbi,28,28 - Haotak Tampha Khunou,ENG,final,3.96,AC29_part028_final_ENG.pdf,,2896919,,done
29,Kumbi,28,28 - Haotak Tampha Khunou,BEN,final,4.33,AC29_part028_final_BEN.pdf,,2951848,,done
29,Kumbi,29,29 - Wangoo Sabal (A),ENG,final,9.91,AC29_part029_final_ENG.pdf,,7820249,,done
29,Kumbi,29,29 - Wangoo Sabal (A),BEN,final,11.07,AC29_part029_final_BEN.pdf,,8104132,,done
29,Kumbi,30,30 - Wangoo Sabal (B),ENG,final,10.28,AC29_part030_final_ENG.pdf,,8035375,,done
29,Kumbi,30,30 - Wangoo Sabal (B),BEN,final,11.36,AC29_part030_final_BEN.pdf,,8259226,,done
29,Kumbi,31,31 - Borayangbi (A),ENG,final,10.22,AC29_part031_final_ENG.pdf,,8231734,,done
29,Kumbi,31,31 - Borayangbi (A),BEN,final,11.45,AC29_part031_final_BEN.pdf,,8575770,,done
29,Kumbi,32,32 - Borayangbi (B),ENG,final,8.96,AC29_part032_final_ENG.pdf,,7162159,,done
29,Kumbi,32,32 - Borayangbi (B),BEN,final,10.0,AC29_part032_final_BEN.pdf,,7437157,,done
29,Kumbi,33,33 - Chairen Leingangtabi,ENG,final,10.42,AC29_part033_final_ENG.pdf,,8227340,,done
29,Kumbi,33,33 - Chairen Leingangtabi,BEN,final,11.61,AC29_part033_final_BEN.pdf,,8482558,,done
29,Kumbi,34,34 - Tangjeng Pombikhok(A),ENG,final,7.54,AC29_part034_final_ENG.pdf,,5822663,,done
29,Kumbi,34,34 - Tangjeng Pombikhok(A),BEN,final,8.4,AC29_part034_final_BEN.pdf,,6023651,,done
29,Kumbi,35,35 - Tangjeng Pombikhok(B),ENG,final,5.81,AC29_part035_final_ENG.pdf,,4426073,,done
29,Kumbi,35,35 - Tangjeng Pombikhok(B),BEN,final,6.39,AC29_part035_final_BEN.pdf,,4530537,,done
30,Lilong,1,1 - Haoreibi Awang Leikai,ENG,final,7.75,AC30_part001_final_ENG.pdf,,6037271,,done
30,Lilong,1,1 - Haoreibi Awang Leikai,BEN,final,8.77,AC30_part001_final_BEN.pdf,,6343113,,done
30,Lilong,2,2 - Haoreibi Sambrukhong,ENG,final,8.57,AC30_part002_final_ENG.pdf,,6816015,,done
30,Lilong,2,2 - Haoreibi Sambrukhong,BEN,final,9.71,AC30_part002_final_BEN.pdf,,7140118,,done
30,Lilong,3,3 - Haoreibi Mayai Leikai Mathak,ENG,final,8.32,AC30_part003_final_ENG.pdf,,6570436,,done
30,Lilong,3,3 - Haoreibi Mayai Leikai Mathak,BEN,final,9.46,AC30_part003_final_BEN.pdf,,6920432,,done
30,Lilong,4,4 - Haoreibi Mayai Leikai Makha,ENG,final,8.89,AC30_part004_final_ENG.pdf,,7023632,,done
30,Lilong,4,4 - Haoreibi Mayai Leikai Makha,BEN,final,10.08,AC30_part004_final_BEN.pdf,,7387955,,done
30,Lilong,5,5 - Haoreibi Leihaokhong Mathak,ENG,final,8.03,AC30_part005_final_ENG.pdf,,6301532,,done
30,Lilong,5,5 - Haoreibi Leihaokhong Mathak,BEN,final,9.07,AC30_part005_final_BEN.pdf,,6606888,,done
30,Lilong,6,6 - Leihaokhong Makha Lou Manga,ENG,final,7.24,AC30_part006_final_ENG.pdf,,5650612,,done
30,Lilong,6,6 - Leihaokhong Makha Lou Manga,BEN,final,8.14,AC30_part006_final_BEN.pdf,,5902746,,done
30,Lilong,7,7 - Haoreibi Makha Leikai Jarima Salam Mamei,ENG,final,6.97,AC30_part007_final_ENG.pdf,,5416495,,done
30,Lilong,7,7 - Haoreibi Makha Leikai Jarima Salam Mamei,BEN,final,7.78,AC30_part007_final_BEN.pdf,,5619242,,done
30,Lilong,8,8 - Haoreibi Makha Leikai Lairabakhong,ENG,final,5.85,AC30_part008_final_ENG.pdf,,4446807,,done
30,Lilong,8,8 - Haoreibi Makha Leikai Lairabakhong,BEN,final,6.53,AC30_part008_final_BEN.pdf,,4627185,,done
30,Lilong,9,9 - Haoreibi Makha Leikai Konjil Litan Mathak,ENG,final,6.46,AC30_part009_final_ENG.pdf,,4987869,,done
30,Lilong,9,9 - Haoreibi Makha Leikai Konjil Litan Mathak,BEN,final,7.2,AC30_part009_final_BEN.pdf,,5160326,,done
30,Lilong,10,10 - Haoreibi Makha Leikai Konjil Litan Makha,ENG,final,5.77,AC30_part010_final_ENG.pdf,,4455492,,done
30,Lilong,10,10 - Haoreibi Makha Leikai Konjil Litan Makha,BEN,final,6.45,AC30_part010_final_BEN.pdf,,4618539,,done
30,Lilong,11,11 - Haoreibi Chadakhong Khongnang Makhong,ENG,final,9.35,AC30_part011_final_ENG.pdf,,7350938,,done
30,Lilong,11,11 - Haoreibi Chadakhong Khongnang Makhong,BEN,final,10.59,AC30_part011_final_BEN.pdf,,7711900,,done
30,Lilong,12,12 - Haoreibi Makha Leikai Salam Manung,ENG,final,6.78,AC30_part012_final_ENG.pdf,,5252623,,done
30,Lilong,12,12 - Haoreibi Makha Leikai Salam Manung,BEN,final,7.62,AC30_part012_final_BEN.pdf,,5475727,,done
30,Lilong,13,13 - Haoreibi Turel Ahanbi (A),ENG,final,6.98,AC30_part013_final_ENG.pdf,,5443138,,done
30,Lilong,13,13 - Haoreibi Turel Ahanbi (A),BEN,final,7.84,AC30_part013_final_BEN.pdf,,5679985,,done
30,Lilong,14,14 - Haoreibi Turel Ahanbi (B),ENG,final,6.99,AC30_part014_final_ENG.pdf,,5453195,,done
30,Lilong,14,14 - Haoreibi Turel Ahanbi (B),BEN,final,7.84,AC30_part014_final_BEN.pdf,,5685865,,done
30,Lilong,15,15 - Haoreibi Turel Ahanbi (C),ENG,final,7.34,AC30_part015_final_ENG.pdf,,5763245,,done
30,Lilong,15,15 - Haoreibi Turel Ahanbi (C),BEN,final,8.29,AC30_part015_final_BEN.pdf,,6038137,,done
30,Lilong,16,16 - Haoreibi Turel Ahanbi (D),ENG,final,6.88,AC30_part016_final_ENG.pdf,,5336968,,done
30,Lilong,16,16 - Haoreibi Turel Ahanbi (D),BEN,final,7.7,AC30_part016_final_BEN.pdf,,5565600,,done
30,Lilong,17,17 - Oinam Sawombung (A),ENG,final,9.59,AC30_part017_final_ENG.pdf,,7487261,,done
30,Lilong,17,17 - Oinam Sawombung (A),BEN,final,10.69,AC30_part017_final_BEN.pdf,,7755516,,done
30,Lilong,18,18 - Oinam Sawombung (B),ENG,final,7.88,AC30_part018_final_ENG.pdf,,6083245,,done
30,Lilong,18,18 - Oinam Sawombung (B),BEN,final,8.69,AC30_part018_final_BEN.pdf,,6244568,,done
30,Lilong,19,19 - Lilong Khunou,ENG,final,7.51,AC30_part019_final_ENG.pdf,,5830098,,done
30,Lilong,19,19 - Lilong Khunou,BEN,final,8.53,AC30_part019_final_BEN.pdf,,6146725,,done
30,Lilong,20,20 - Lilong Bazar Heinou Makhong,ENG,final,7.26,AC30_part020_final_ENG.pdf,,5700960,,done
30,Lilong,20,20 - Lilong Bazar Heinou Makhong,BEN,final,8.13,AC30_part020_final_BEN.pdf,,5941923,,done
30,Lilong,21,21 - Lilong Hangamthabi Ushoipokpi,ENG,final,6.87,AC30_part021_final_ENG.pdf,,5316525,,done
30,Lilong,21,21 - Lilong Hangamthabi Ushoipokpi,BEN,final,7.69,AC30_part021_final_BEN.pdf,,5548110,,done
30,Lilong,22,22 - Lilong Tairen Makhong Tolenkhun,ENG,final,6.58,AC30_part022_final_ENG.pdf,,5138539,,done
30,Lilong,22,22 - Lilong Tairen Makhong Tolenkhun,BEN,final,7.37,AC30_part022_final_BEN.pdf,,5366326,,done
30,Lilong,23,23 - Chingkham Kabui Tamyai Sumang,ENG,final,7.06,AC30_part023_final_ENG.pdf,,5470302,,done
30,Lilong,23,23 - Chingkham Kabui Tamyai Sumang,BEN,final,7.91,AC30_part023_final_BEN.pdf,,5697122,,done
30,Lilong,24,24 - Lilong Ushoipokpi Tharaorok,ENG,final,6.3,AC30_part024_final_ENG.pdf,,4865807,,done
30,Lilong,24,24 - Lilong Ushoipokpi Tharaorok,BEN,final,7.06,AC30_part024_final_BEN.pdf,,5092354,,done
30,Lilong,25,25 - Lilong Turel Ahanbi Mathak,ENG,final,6.61,AC30_part025_final_ENG.pdf,,5103800,,done
30,Lilong,25,25 - Lilong Turel Ahanbi Mathak,BEN,final,7.38,AC30_part025_final_BEN.pdf,,5309462,,done
30,Lilong,26,26 - Lilong Turel Ahanbi Makha,ENG,final,6.91,AC30_part026_final_ENG.pdf,,5309334,,done
30,Lilong,26,26 - Lilong Turel Ahanbi Makha,BEN,final,7.72,AC30_part026_final_BEN.pdf,,5523646,,done
30,Lilong,27,27 - Lilong Kaleikhong Makha,ENG,final,8.39,AC30_part027_final_ENG.pdf,,6585722,,done
30,Lilong,27,27 - Lilong Kaleikhong Makha,BEN,final,9.43,AC30_part027_final_BEN.pdf,,6887333,,done
30,Lilong,28,28 - Turel Ahanbi Chingkham Makha,ENG,final,11.52,AC30_part028_final_ENG.pdf,,9156342,,done
30,Lilong,28,28 - Turel Ahanbi Chingkham Makha,BEN,final,13.05,AC30_part028_final_BEN.pdf,,9620979,,done
30,Lilong,29,29 - Chingkham Makha,ENG,final,10.85,AC30_part029_final_ENG.pdf,,8639987,,done
30,Lilong,29,29 - Chingkham Makha,BEN,final,12.24,AC30_part029_final_BEN.pdf,,9054828,,done
30,Lilong,30,30 - Lilong Arapti,ENG,final,11.11,AC30_part030_final_ENG.pdf,,8734539,,done
30,Lilong,30,30 - Lilong Arapti,BEN,final,12.49,AC30_part030_final_BEN.pdf,,9101843,,done
30,Lilong,31,31 - Lilong Chaobok Mairenkhun,ENG,final,5.78,AC30_part031_final_ENG.pdf,,4428389,,done
30,Lilong,31,31 - Lilong Chaobok Mairenkhun,BEN,final,6.47,AC30_part031_final_BEN.pdf,,4634442,,done
30,Lilong,32,32 - Lilong Chaobok Tairen Makhong,ENG,final,6.29,AC30_part032_final_ENG.pdf,,4884856,,done
30,Lilong,32,32 - Lilong Chaobok Tairen Makhong,BEN,final,7.04,AC30_part032_final_BEN.pdf,,5095832,,done
30,Lilong,33,33 - Atoukhong,ENG,final,10.38,AC30_part033_final_ENG.pdf,,8233575,,done
30,Lilong,33,33 - Atoukhong,BEN,final,11.75,AC30_part033_final_BEN.pdf,,8653218,,done
30,Lilong,34,34 - Lilong Nungei,ENG,final,7.6,AC30_part034_final_ENG.pdf,,5915258,,done
30,Lilong,34,34 - Lilong Nungei,BEN,final,8.52,AC30_part034_final_BEN.pdf,,6159927,,done
30,Lilong,35,35 - Lilong Nungei Khunou,ENG,final,7.03,AC30_part035_final_ENG.pdf,,5632324,,done
30,Lilong,35,35 - Lilong Nungei Khunou,BEN,final,7.91,AC30_part035_final_BEN.pdf,,5877354,,done
30,Lilong,36,36 - Khekman (A),ENG,final,6.01,AC30_part036_final_ENG.pdf,,4587307,,done
30,Lilong,36,36 - Khekman (A),BEN,final,6.63,AC30_part036_final_BEN.pdf,,4725268,,done
30,Lilong,37,37 - Khekman (B-1),ENG,final,6.1,AC30_part037_final_ENG.pdf,,4770564,,done
30,Lilong,37,37 - Khekman (B-1),BEN,final,6.83,AC30_part037_final_BEN.pdf,,4974687,,done
30,Lilong,38,38 - Khekman (B),ENG,final,10.42,AC30_part038_final_ENG.pdf,,8284678,,done
30,Lilong,38,38 - Khekman (B),BEN,final,11.65,AC30_part038_final_BEN.pdf,,8612861,,done
30,Lilong,39,39 - Khekman (C),ENG,final,6.88,AC30_part039_final_ENG.pdf,,5258967,,done
30,Lilong,39,39 - Khekman (C),BEN,final,7.63,AC30_part039_final_BEN.pdf,,5409794,,done
30,Lilong,40,40 - Khekman (D),ENG,final,6.97,AC30_part040_final_ENG.pdf,,5330288,,done
30,Lilong,40,40 - Khekman (D),BEN,final,7.73,AC30_part040_final_BEN.pdf,,5487155,,done
30,Lilong,41,41 - Keibung (A),ENG,final,8.27,AC30_part041_final_ENG.pdf,,6533580,,done
30,Lilong,41,41 - Keibung (A),BEN,final,9.27,AC30_part041_final_BEN.pdf,,6807479,,done
30,Lilong,42,42 - Keibung (B),ENG,final,7.2,AC30_part042_final_ENG.pdf,,5659459,,done
30,Lilong,42,42 - Keibung (B),BEN,final,8.01,AC30_part042_final_BEN.pdf,,5861844,,done
30,Lilong,43,43 - Haoreibi Turel Ahanbi,ENG,final,8.24,AC30_part043_final_ENG.pdf,,6457477,,done
30,Lilong,43,43 - Haoreibi Turel Ahanbi,BEN,final,9.29,AC30_part043_final_BEN.pdf,,6762956,,done
30,Lilong,44,44 - Laiphrakpam,ENG,final,8.35,AC30_part044_final_ENG.pdf,,6470531,,done
30,Lilong,44,44 - Laiphrakpam,BEN,final,9.17,AC30_part044_final_BEN.pdf,,6612479,,done
31,Thoubal,1,1 - Moijing Leingoijil,ENG,final,8.72,AC31_part001_final_ENG.pdf,,7031825,,done
31,Thoubal,1,1 - Moijing Leingoijil,BEN,final,9.85,AC31_part001_final_BEN.pdf,,7369149,,done
31,Thoubal,2,2 - Moijing Thoubalmayum Leikai,ENG,final,7.06,AC31_part002_final_ENG.pdf,,5840857,,done
31,Thoubal,2,2 - Moijing Thoubalmayum Leikai,BEN,final,7.99,AC31_part002_final_BEN.pdf,,6117496,,done
31,Thoubal,3,3 - Moijing Awang Leikai,ENG,final,5.72,AC31_part003_final_ENG.pdf,,4433220,,done
31,Thoubal,3,3 - Moijing Awang Leikai,BEN,final,6.44,AC31_part003_final_BEN.pdf,,4651331,,done
31,Thoubal,4,4 - Moijing Awang Mamang Leikai,ENG,final,9.51,AC31_part004_final_ENG.pdf,,7591664,,done
31,Thoubal,4,4 - Moijing Awang Mamang Leikai,BEN,final,10.74,AC31_part004_final_BEN.pdf,,7970813,,done
31,Thoubal,5,5 - Moijing Wangmataba Makha Leikai,ENG,final,6.4,AC31_part005_final_ENG.pdf,,5039766,,done
31,Thoubal,5,5 - Moijing Wangmataba Makha Leikai,BEN,final,7.16,AC31_part005_final_BEN.pdf,,5254098,,done
31,Thoubal,6,6 - Moijing Wangmataba,ENG,final,9.73,AC31_part006_final_ENG.pdf,,7834880,,done
31,Thoubal,6,6 - Moijing Wangmataba,BEN,final,10.94,AC31_part006_final_BEN.pdf,,8199467,,done
31,Thoubal,7,7 - Leishangthem (A),ENG,final,6.29,AC31_part007_final_ENG.pdf,,4844944,,done
31,Thoubal,7,7 - Leishangthem (A),BEN,final,7.03,AC31_part007_final_BEN.pdf,,5015044,,done
31,Thoubal,8,8 - Leishangthem (B),ENG,final,6.8,AC31_part008_final_ENG.pdf,,5247964,,done
31,Thoubal,8,8 - Leishangthem (B),BEN,final,7.65,AC31_part008_final_BEN.pdf,,5455111,,done
31,Thoubal,9,9 - Leishangthem Khongmanung Maning Leikai,ENG,final,10.89,AC31_part009_final_ENG.pdf,,8652945,,done
31,Thoubal,9,9 - Leishangthem Khongmanung Maning Leikai,BEN,final,12.16,AC31_part009_final_BEN.pdf,,8912657,,done
31,Thoubal,10,10 - Leishangthem Keli Makhong (A),ENG,final,6.28,AC31_part010_final_ENG.pdf,,4763458,,done
31,Thoubal,10,10 - Leishangthem Keli Makhong (A),BEN,final,6.94,AC31_part010_final_BEN.pdf,,4899757,,done
31,Thoubal,11,11 - Leishangthem Keli Makhong (B),ENG,final,6.7,AC31_part011_final_ENG.pdf,,5112749,,done
31,Thoubal,11,11 - Leishangthem Keli Makhong (B),BEN,final,7.4,AC31_part011_final_BEN.pdf,,5255237,,done
31,Thoubal,12,12 - Leishangthem Wangmataba (A),ENG,final,5.39,AC31_part012_final_ENG.pdf,,4071578,,done
31,Thoubal,12,12 - Leishangthem Wangmataba (A),BEN,final,5.95,AC31_part012_final_BEN.pdf,,4181924,,done
31,Thoubal,13,13 - Leishangthem Wangmataba (B),ENG,final,6.61,AC31_part013_final_ENG.pdf,,5091887,,done
31,Thoubal,13,13 - Leishangthem Wangmataba (B),BEN,final,7.32,AC31_part013_final_BEN.pdf,,5254708,,done
31,Thoubal,14,14 - Thoudam Thokchom,ENG,final,7.37,AC31_part014_final_ENG.pdf,,5737142,,done
31,Thoubal,14,14 - Thoudam Thokchom,BEN,final,8.24,AC31_part014_final_BEN.pdf,,5936759,,done
31,Thoubal,15,15 - Nongangkhong (A),ENG,final,8.32,AC31_part015_final_ENG.pdf,,6389783,,done
31,Thoubal,15,15 - Nongangkhong (A),BEN,final,9.29,AC31_part015_final_BEN.pdf,,6617050,,done
31,Thoubal,16,16 - Nongangkhong (B),ENG,final,7.82,AC31_part016_final_ENG.pdf,,6007085,,done
31,Thoubal,16,16 - Nongangkhong (B),BEN,final,8.88,AC31_part016_final_BEN.pdf,,6305508,,done
31,Thoubal,17,17 - Nongangkhong (C),ENG,final,9.83,AC31_part017_final_ENG.pdf,,7594053,,done
31,Thoubal,17,17 - Nongangkhong (C),BEN,final,11.09,AC31_part017_final_BEN.pdf,,7929082,,done
31,Thoubal,18,18 - Okram Wangmataba (A),ENG,final,7.64,AC31_part018_final_ENG.pdf,,5870581,,done
31,Thoubal,18,18 - Okram Wangmataba (A),BEN,final,8.39,AC31_part018_final_BEN.pdf,,6020084,,done
31,Thoubal,19,19 - Okram Wangmataba (B),ENG,final,6.48,AC31_part019_final_ENG.pdf,,4904840,,done
31,Thoubal,19,19 - Okram Wangmataba (B),BEN,final,7.18,AC31_part019_final_BEN.pdf,,5064756,,done
31,Thoubal,20,20 - Thoubal Wangmataba(A),ENG,final,9.29,AC31_part020_final_ENG.pdf,,7324047,,done
31,Thoubal,20,20 - Thoubal Wangmataba(A),BEN,final,10.48,AC31_part020_final_BEN.pdf,,7643339,,done
31,Thoubal,21,21 - Thoubal Wangmataba(B),ENG,final,8.74,AC31_part021_final_ENG.pdf,,6875589,,done
31,Thoubal,21,21 - Thoubal Wangmataba(B),BEN,final,9.75,AC31_part021_final_BEN.pdf,,7107444,,done
31,Thoubal,22,22 - Thoubal Wangmataba(C),ENG,final,9.14,AC31_part022_final_ENG.pdf,,7098529,,done
31,Thoubal,22,22 - Thoubal Wangmataba(C),BEN,final,10.37,AC31_part022_final_BEN.pdf,,7455991,,done
31,Thoubal,23,23 - Sabaltongba (1),ENG,final,11.03,AC31_part023_final_ENG.pdf,,8585222,,done
31,Thoubal,23,23 - Sabaltongba (1),BEN,final,11.96,AC31_part023_final_BEN.pdf,,8733637,,done
31,Thoubal,24,24 - Sabaltongba (2-A),ENG,final,5.8,AC31_part024_final_ENG.pdf,,4310532,,done
31,Thoubal,24,24 - Sabaltongba (2-A),BEN,final,6.3,AC31_part024_final_BEN.pdf,,4397795,,done
31,Thoubal,25,25 - Sabaltongba (2-B),ENG,final,6.66,AC31_part025_final_ENG.pdf,,5030890,,done
31,Thoubal,25,25 - Sabaltongba (2-B),BEN,final,7.34,AC31_part025_final_BEN.pdf,,5202285,,done
31,Thoubal,26,26 - Okram Hanjaba (A),ENG,final,7.62,AC31_part026_final_ENG.pdf,,5905250,,done
31,Thoubal,26,26 - Okram Hanjaba (A),BEN,final,8.53,AC31_part026_final_BEN.pdf,,6137748,,done
31,Thoubal,27,27 - Okram Hanjaba (B),ENG,final,6.56,AC31_part027_final_ENG.pdf,,4997995,,done
31,Thoubal,27,27 - Okram Hanjaba (B),BEN,final,7.31,AC31_part027_final_BEN.pdf,,5169854,,done
31,Thoubal,28,28 - Okram Hanjaba Thongju Leikai,ENG,final,11.11,AC31_part028_final_ENG.pdf,,8796120,,done
31,Thoubal,28,28 - Okram Hanjaba Thongju Leikai,BEN,final,12.41,AC31_part028_final_BEN.pdf,,9089851,,done
31,Thoubal,29,29 - Okram Hanjaba (C),ENG,final,8.44,AC31_part029_final_ENG.pdf,,6569353,,done
31,Thoubal,29,29 - Okram Hanjaba (C),BEN,final,9.44,AC31_part029_final_BEN.pdf,,6810298,,done
31,Thoubal,30,30 - Kshetri Leikai (A),ENG,final,7.87,AC31_part030_final_ENG.pdf,,6069980,,done
31,Thoubal,30,30 - Kshetri Leikai (A),BEN,final,8.75,AC31_part030_final_BEN.pdf,,6275353,,done
31,Thoubal,31,31 - Kshetri Leikai (B),ENG,final,6.45,AC31_part031_final_ENG.pdf,,4919037,,done
31,Thoubal,31,31 - Kshetri Leikai (B),BEN,final,7.16,AC31_part031_final_BEN.pdf,,5085487,,done
31,Thoubal,32,32 - Kshetri Leikai (C),ENG,final,8.49,AC31_part032_final_ENG.pdf,,6619304,,done
31,Thoubal,32,32 - Kshetri Leikai (C),BEN,final,9.52,AC31_part032_final_BEN.pdf,,6876791,,done
31,Thoubal,33,33 - Thoubal Achouba Awang Leikai (A),ENG,final,7.66,AC31_part033_final_ENG.pdf,,5864026,,done
31,Thoubal,33,33 - Thoubal Achouba Awang Leikai (A),BEN,final,8.58,AC31_part033_final_BEN.pdf,,6102752,,done
31,Thoubal,34,34 - Thoubal Achouba Awang Leikai  (B),ENG,final,5.63,AC31_part034_final_ENG.pdf,,4243101,,done
31,Thoubal,34,34 - Thoubal Achouba Awang Leikai  (B),BEN,final,6.29,AC31_part034_final_BEN.pdf,,4413683,,done
31,Thoubal,35,35 - Thoubal Achouba (A),ENG,final,9.75,AC31_part035_final_ENG.pdf,,7640024,,done
31,Thoubal,35,35 - Thoubal Achouba (A),BEN,final,10.99,AC31_part035_final_BEN.pdf,,7962721,,done
31,Thoubal,36,36 - Thoubal Achouba (B),ENG,final,5.56,AC31_part036_final_ENG.pdf,,4165543,,done
31,Thoubal,36,36 - Thoubal Achouba (B),BEN,final,6.19,AC31_part036_final_BEN.pdf,,4318652,,done
31,Thoubal,37,37 - Thoubal Achouba  Makha Leikai,ENG,final,8.47,AC31_part037_final_ENG.pdf,,6533720,,done
31,Thoubal,37,37 - Thoubal Achouba  Makha Leikai,BEN,final,9.5,AC31_part037_final_BEN.pdf,,6801423,,done
31,Thoubal,38,38 - Athokpam Town Portion (A),ENG,final,8.17,AC31_part038_final_ENG.pdf,,6362189,,done
31,Thoubal,38,38 - Athokpam Town Portion (A),BEN,final,9.17,AC31_part038_final_BEN.pdf,,6608952,,done
31,Thoubal,39,39 - Athokpam Town Portion (B),ENG,final,8.3,AC31_part039_final_ENG.pdf,,6397016,,done
31,Thoubal,39,39 - Athokpam Town Portion (B),BEN,final,9.12,AC31_part039_final_BEN.pdf,,6551224,,done
31,Thoubal,40,40 - Thoudam,ENG,final,7.74,AC31_part040_final_ENG.pdf,,6131547,,done
31,Thoubal,40,40 - Thoudam,BEN,final,8.68,AC31_part040_final_BEN.pdf,,6361996,,done
32,Wangkhem,1,1 - Haokha Mamang Leikai (A),ENG,final,6.79,AC32_part001_final_ENG.pdf,,5144123,,done
32,Wangkhem,1,1 - Haokha Mamang Leikai (A),BEN,final,7.52,AC32_part001_final_BEN.pdf,,5289788,,done
32,Wangkhem,2,2 - Haokha Mamang Leikai (B),ENG,final,6.17,AC32_part002_final_ENG.pdf,,4633748,,done
32,Wangkhem,2,2 - Haokha Mamang Leikai (B),BEN,final,6.8,AC32_part002_final_BEN.pdf,,4763629,,done
32,Wangkhem,3,3 - Haokha Maning,ENG,final,9.9,AC32_part003_final_ENG.pdf,,7742086,,done
32,Wangkhem,3,3 - Haokha Maning,BEN,final,10.93,AC32_part003_final_BEN.pdf,,7924497,,done
32,Wangkhem,4,4 - Thoubal Khunou,ENG,final,7.86,AC32_part004_final_ENG.pdf,,6136952,,done
32,Wangkhem,4,4 - Thoubal Khunou,BEN,final,8.81,AC32_part004_final_BEN.pdf,,6353400,,done
32,Wangkhem,5,5 - Kiyam Wangmataba Leikai,ENG,final,6.18,AC32_part005_final_ENG.pdf,,4668700,,done
32,Wangkhem,5,5 - Kiyam Wangmataba Leikai,BEN,final,6.9,AC32_part005_final_BEN.pdf,,4808903,,done
32,Wangkhem,6,6 - Kiyam Siphai Litanpok Leikai,ENG,final,5.41,AC32_part006_final_ENG.pdf,,4120385,,done
32,Wangkhem,6,6 - Kiyam Siphai Litanpok Leikai,BEN,final,6.02,AC32_part006_final_BEN.pdf,,4272896,,done
32,Wangkhem,7,7 - Kiyam Siphai Amurijam Leikai,ENG,final,10.89,AC32_part007_final_ENG.pdf,,8528346,,done
32,Wangkhem,7,7 - Kiyam Siphai Amurijam Leikai,BEN,final,12.31,AC32_part007_final_BEN.pdf,,8891742,,done
32,Wangkhem,8,8 - Kiyam Siphai,ENG,final,10.79,AC32_part008_final_ENG.pdf,,8429537,,done
32,Wangkhem,8,8 - Kiyam Siphai,BEN,final,12.05,AC32_part008_final_BEN.pdf,,8692540,,done
32,Wangkhem,9,9 - Kiyam Siphai Khong Ahanbi,ENG,final,10.33,AC32_part009_final_ENG.pdf,,8119374,,done
32,Wangkhem,9,9 - Kiyam Siphai Khong Ahanbi,BEN,final,11.56,AC32_part009_final_BEN.pdf,,8416491,,done
32,Wangkhem,10,10 - Kiyam Siphai Laithagol Leikai,ENG,final,9.83,AC32_part010_final_ENG.pdf,,7694258,,done
32,Wangkhem,10,10 - Kiyam Siphai Laithagol Leikai,BEN,final,10.84,AC32_part010_final_BEN.pdf,,7867432,,done
32,Wangkhem,11,11 - Hayel Labuk,ENG,final,11.19,AC32_part011_final_ENG.pdf,,9055847,,done
32,Wangkhem,11,11 - Hayel Labuk,BEN,final,12.7,AC32_part011_final_BEN.pdf,,9528837,,done
32,Wangkhem,12,12 - Phoudel Mamang Leikai,ENG,final,8.02,AC32_part012_final_ENG.pdf,,6301993,,done
32,Wangkhem,12,12 - Phoudel Mamang Leikai,BEN,final,9.02,AC32_part012_final_BEN.pdf,,6588995,,done
32,Wangkhem,13,13 - Phoudel Maning Leikai,ENG,final,9.26,AC32_part013_final_ENG.pdf,,7342900,,done
32,Wangkhem,13,13 - Phoudel Maning Leikai,BEN,final,10.36,AC32_part013_final_BEN.pdf,,7620075,,done
32,Wangkhem,14,14 - Phoudel Keirambi,ENG,final,7.14,AC32_part014_final_ENG.pdf,,5656281,,done
32,Wangkhem,14,14 - Phoudel Keirambi,BEN,final,7.95,AC32_part014_final_BEN.pdf,,5842672,,done
32,Wangkhem,15,15 - Singa Mathak Leikai,ENG,final,4.93,AC32_part015_final_ENG.pdf,,3741043,,done
32,Wangkhem,15,15 - Singa Mathak Leikai,BEN,final,5.49,AC32_part015_final_BEN.pdf,,3882174,,done
32,Wangkhem,16,16 - Singa Mayai Leikai,ENG,final,7.36,AC32_part016_final_ENG.pdf,,5813115,,done
32,Wangkhem,16,16 - Singa Mayai Leikai,BEN,final,8.22,AC32_part016_final_BEN.pdf,,6034980,,done
32,Wangkhem,17,17 - Singa Huidrom Leikai,ENG,final,8.0,AC32_part017_final_ENG.pdf,,6248021,,done
32,Wangkhem,17,17 - Singa Huidrom Leikai,BEN,final,8.98,AC32_part017_final_BEN.pdf,,6502599,,done
32,Wangkhem,18,18 - Wangkhem (A),ENG,final,7.92,AC32_part018_final_ENG.pdf,,6135471,,done
32,Wangkhem,18,18 - Wangkhem (A),BEN,final,8.84,AC32_part018_final_BEN.pdf,,6377188,,done
32,Wangkhem,19,19 - Wangkhem (B),ENG,final,10.11,AC32_part019_final_ENG.pdf,,7941821,,done
32,Wangkhem,19,19 - Wangkhem (B),BEN,final,11.27,AC32_part019_final_BEN.pdf,,8217146,,done
32,Wangkhem,20,20 - Yairipok Bishnunaha Awang Leikai,ENG,final,9.49,AC32_part020_final_ENG.pdf,,7376797,,done
32,Wangkhem,20,20 - Yairipok Bishnunaha Awang Leikai,BEN,final,10.64,AC32_part020_final_BEN.pdf,,7655410,,done
32,Wangkhem,21,21 - Bishnunaha Mamang Leikai,ENG,final,4.59,AC32_part021_final_ENG.pdf,,3488304,,done
32,Wangkhem,21,21 - Bishnunaha Mamang Leikai,BEN,final,5.11,AC32_part021_final_BEN.pdf,,3601689,,done
32,Wangkhem,22,22 - Bishnunaha Makha Leikai,ENG,final,10.76,AC32_part022_final_ENG.pdf,,8472971,,done
32,Wangkhem,22,22 - Bishnunaha Makha Leikai,BEN,final,12.06,AC32_part022_final_BEN.pdf,,8777084,,done
32,Wangkhem,23,23 - Charangpat Mamang Mathak,ENG,final,11.96,AC32_part023_final_ENG.pdf,,9458016,,done
32,Wangkhem,23,23 - Charangpat Mamang Mathak,BEN,final,13.37,AC32_part023_final_BEN.pdf,,9785058,,done
32,Wangkhem,24,24 - Charangpat Mamang Makha,ENG,final,10.23,AC32_part024_final_ENG.pdf,,7989997,,done
32,Wangkhem,24,24 - Charangpat Mamang Makha,BEN,final,11.26,AC32_part024_final_BEN.pdf,,8180477,,done
32,Wangkhem,25,25 - Charangpat Maklang Maning Leikai,ENG,final,8.94,AC32_part025_final_ENG.pdf,,6981729,,done
32,Wangkhem,25,25 - Charangpat Maklang Maning Leikai,BEN,final,9.98,AC32_part025_final_BEN.pdf,,7225161,,done
32,Wangkhem,26,26 - Charangpat Maklang Awang Leikai,ENG,final,8.02,AC32_part026_final_ENG.pdf,,6271219,,done
32,Wangkhem,26,26 - Charangpat Maklang Awang Leikai,BEN,final,8.86,AC32_part026_final_BEN.pdf,,6461831,,done
32,Wangkhem,27,27 - Icham Khunou,ENG,final,5.32,AC32_part027_final_ENG.pdf,,4144087,,done
32,Wangkhem,27,27 - Icham Khunou,BEN,final,5.92,AC32_part027_final_BEN.pdf,,4271475,,done
32,Wangkhem,28,28 - Yairipok Bambon Leikai (A),ENG,final,8.21,AC32_part028_final_ENG.pdf,,6388861,,done
32,Wangkhem,28,28 - Yairipok Bambon Leikai (A),BEN,final,9.16,AC32_part028_final_BEN.pdf,,6620314,,done
32,Wangkhem,29,29 - Yairipok Bambon Leikai (B),ENG,final,10.63,AC32_part029_final_ENG.pdf,,8399932,,done
32,Wangkhem,29,29 - Yairipok Bambon Leikai (B),BEN,final,11.89,AC32_part029_final_BEN.pdf,,8728660,,done
32,Wangkhem,30,30 - Khoirom Mathak Leikai,ENG,final,8.87,AC32_part030_final_ENG.pdf,,6917031,,done
32,Wangkhem,30,30 - Khoirom Mathak Leikai,BEN,final,9.9,AC32_part030_final_BEN.pdf,,7165189,,done
32,Wangkhem,31,31 - Khoirom Laimang Leikai,ENG,final,5.21,AC32_part031_final_ENG.pdf,,3903881,,done
32,Wangkhem,31,31 - Khoirom Laimang Leikai,BEN,final,5.76,AC32_part031_final_BEN.pdf,,4023151,,done
32,Wangkhem,32,32 - Khoirom Kha-Thangba Leikai,ENG,final,9.01,AC32_part032_final_ENG.pdf,,7021314,,done
32,Wangkhem,32,32 - Khoirom Kha-Thangba Leikai,BEN,final,10.1,AC32_part032_final_BEN.pdf,,7287124,,done
32,Wangkhem,33,33 - Khoirom Heitroipokpi,ENG,final,7.14,AC32_part033_final_ENG.pdf,,5615001,,done
32,Wangkhem,33,33 - Khoirom Heitroipokpi,BEN,final,8.0,AC32_part033_final_BEN.pdf,,5857714,,done
32,Wangkhem,34,34 - Kekru Mathak Leikai,ENG,final,10.33,AC32_part034_final_ENG.pdf,,8128696,,done
32,Wangkhem,34,34 - Kekru Mathak Leikai,BEN,final,11.57,AC32_part034_final_BEN.pdf,,8441570,,done
32,Wangkhem,35,35 - Kekru Makha Leikai,ENG,final,5.42,AC32_part035_final_ENG.pdf,,4127880,,done
32,Wangkhem,35,35 - Kekru Makha Leikai,BEN,final,6.03,AC32_part035_final_BEN.pdf,,4281689,,done
32,Wangkhem,36,36 - Sangomsang and Chaobok Kabui,ENG,final,3.99,AC32_part036_final_ENG.pdf,,2979037,,done
32,Wangkhem,36,36 - Sangomsang and Chaobok Kabui,BEN,final,4.39,AC32_part036_final_BEN.pdf,,3068141,,done
32,Wangkhem,37,37 - Waithou,ENG,final,6.71,AC32_part037_final_ENG.pdf,,5099962,,done
32,Wangkhem,37,37 - Waithou,BEN,final,7.41,AC32_part037_final_BEN.pdf,,5251042,,done
32,Wangkhem,38,38 - Yairipok Bishnunaha Mayai Leikai,ENG,final,10.97,AC32_part038_final_ENG.pdf,,8591365,,done
32,Wangkhem,38,38 - Yairipok Bishnunaha Mayai Leikai,BEN,final,12.34,AC32_part038_final_BEN.pdf,,8922262,,done
32,Wangkhem,39,39 - Charangpat Maklang Mayai Leikai,ENG,final,9.8,AC32_part039_final_ENG.pdf,,7740576,,done
32,Wangkhem,39,39 - Charangpat Maklang Mayai Leikai,BEN,final,10.93,AC32_part039_final_BEN.pdf,,7996214,,done
33,Heirok,1,1 - Chandrakhong (A),ENG,final,6.95,AC33_part001_final_ENG.pdf,,5368608,,done
33,Heirok,1,1 - Chandrakhong (A),BEN,final,7.69,AC33_part001_final_BEN.pdf,,5518973,,done
33,Heirok,2,2 - Ningel,ENG,final,9.83,AC33_part002_final_ENG.pdf,,7754938,,done
33,Heirok,2,2 - Ningel,BEN,final,10.93,AC33_part002_final_BEN.pdf,,8008852,,done
33,Heirok,3,3 - Leirongthel (A),ENG,final,11.28,AC33_part003_final_ENG.pdf,,8950526,,done
33,Heirok,3,3 - Leirongthel (A),BEN,final,12.54,AC33_part003_final_BEN.pdf,,9237613,,done
33,Heirok,4,4 - Pitra,ENG,final,4.91,AC33_part004_final_ENG.pdf,,3643502,,done
33,Heirok,4,4 - Pitra,BEN,final,5.44,AC33_part004_final_BEN.pdf,,3771509,,done
33,Heirok,5,5 - Nongpok Sekmai,ENG,final,11.95,AC33_part005_final_ENG.pdf,,9457913,,done
33,Heirok,5,5 - Nongpok Sekmai,BEN,final,13.33,AC33_part005_final_BEN.pdf,,9766729,,done
33,Heirok,6,6 - Shikhong Khunbi,ENG,final,6.81,AC33_part006_final_ENG.pdf,,5266203,,done
33,Heirok,6,6 - Shikhong Khunbi,BEN,final,7.57,AC33_part006_final_BEN.pdf,,5444352,,done
33,Heirok,7,7 - Ingourok,ENG,final,4.7,AC33_part007_final_ENG.pdf,,3497392,,done
33,Heirok,7,7 - Ingourok,BEN,final,5.16,AC33_part007_final_BEN.pdf,,3593083,,done
33,Heirok,8,8 - Shikhong Khunou,ENG,final,6.21,AC33_part008_final_ENG.pdf,,4840292,,done
33,Heirok,8,8 - Shikhong Khunou,BEN,final,6.87,AC33_part008_final_BEN.pdf,,5011348,,done
33,Heirok,9,9 - Hijam Khunou,ENG,final,6.77,AC33_part009_final_ENG.pdf,,5277089,,done
33,Heirok,9,9 - Hijam Khunou,BEN,final,7.5,AC33_part009_final_BEN.pdf,,5426586,,done
33,Heirok,10,10 - Ukhongshang Maning,ENG,final,10.62,AC33_part010_final_ENG.pdf,,8324931,,done
33,Heirok,10,10 - Ukhongshang Maning,BEN,final,11.8,AC33_part010_final_BEN.pdf,,8601583,,done
33,Heirok,11,11 - Ukhongshang Mamang,ENG,final,10.61,AC33_part011_final_ENG.pdf,,8355552,,done
33,Heirok,11,11 - Ukhongshang Mamang,BEN,final,11.84,AC33_part011_final_BEN.pdf,,8647402,,done
33,Heirok,12,12 - Lourembam Makha,ENG,final,6.0,AC33_part012_final_ENG.pdf,,4566123,,done
33,Heirok,12,12 - Lourembam Makha,BEN,final,6.63,AC33_part012_final_BEN.pdf,,4710313,,done
33,Heirok,13,13 - Lourembam Awang,ENG,final,6.12,AC33_part013_final_ENG.pdf,,4649223,,done
33,Heirok,13,13 - Lourembam Awang,BEN,final,6.74,AC33_part013_final_BEN.pdf,,4788876,,done
33,Heirok,14,14 - Langmeithet,ENG,final,7.35,AC33_part014_final_ENG.pdf,,5709310,,done
33,Heirok,14,14 - Langmeithet,BEN,final,8.13,AC33_part014_final_BEN.pdf,,5894515,,done
33,Heirok,15,15 - Kang Yambem Makha Leikai,ENG,final,6.42,AC33_part015_final_ENG.pdf,,4930359,,done
33,Heirok,15,15 - Kang Yambem Makha Leikai,BEN,final,7.11,AC33_part015_final_BEN.pdf,,5078907,,done
33,Heirok,16,16 - Kang Yambem Mamang Leikai,ENG,final,7.41,AC33_part016_final_ENG.pdf,,5805434,,done
33,Heirok,16,16 - Kang Yambem Mamang Leikai,BEN,final,8.2,AC33_part016_final_BEN.pdf,,5972356,,done
33,Heirok,17,17 - Kang Thokchao Awang Leikai,ENG,final,6.36,AC33_part017_final_ENG.pdf,,4918120,,done
33,Heirok,17,17 - Kang Thokchao Awang Leikai,BEN,final,7.05,AC33_part017_final_BEN.pdf,,5083025,,done
33,Heirok,18,18 - Pechi,ENG,final,6.67,AC33_part018_final_ENG.pdf,,5141070,,done
33,Heirok,18,18 - Pechi,BEN,final,7.37,AC33_part018_final_BEN.pdf,,5299995,,done
33,Heirok,19,19 - Bengi,ENG,final,6.52,AC33_part019_final_ENG.pdf,,5020249,,done
33,Heirok,19,19 - Bengi,BEN,final,7.2,AC33_part019_final_BEN.pdf,,5176419,,done
33,Heirok,20,20 - Thokchom,ENG,final,5.62,AC33_part020_final_ENG.pdf,,4303730,,done
33,Heirok,20,20 - Thokchom,BEN,final,6.2,AC33_part020_final_BEN.pdf,,4423687,,done
33,Heirok,21,21 - Heirok Part I Heituppokpi,ENG,final,9.51,AC33_part021_final_ENG.pdf,,7458750,,done
33,Heirok,21,21 - Heirok Part I Heituppokpi,BEN,final,10.68,AC33_part021_final_BEN.pdf,,7731782,,done
33,Heirok,22,22 - Heirok Part I Heituppokpi Mamang,ENG,final,8.35,AC33_part022_final_ENG.pdf,,6536435,,done
33,Heirok,22,22 - Heirok Part I Heituppokpi Mamang,BEN,final,9.3,AC33_part022_final_BEN.pdf,,6736332,,done
33,Heirok,23,23 - Heirok Part III Ngarouthel,ENG,final,11.49,AC33_part023_final_ENG.pdf,,9119910,,done
33,Heirok,23,23 - Heirok Part III Ngarouthel,BEN,final,12.81,AC33_part023_final_BEN.pdf,,9388966,,done
33,Heirok,24,24 - Heirok Part III Lam Mari Phangba Maning,ENG,final,6.27,AC33_part024_final_ENG.pdf,,4870425,,done
33,Heirok,24,24 - Heirok Part III Lam Mari Phangba Maning,BEN,final,6.96,AC33_part024_final_BEN.pdf,,5011355,,done
33,Heirok,25,25 - Heirok Part III Lam Mari Phangba Mamang,ENG,final,6.28,AC33_part025_final_ENG.pdf,,4833146,,done
33,Heirok,25,25 - Heirok Part III Lam Mari Phangba Mamang,BEN,final,6.93,AC33_part025_final_BEN.pdf,,4956967,,done
33,Heirok,26,26 - Heirok Part-III Kabo Leikai,ENG,final,11.54,AC33_part026_final_ENG.pdf,,9215905,,done
33,Heirok,26,26 - Heirok Part-III Kabo Leikai,BEN,final,12.95,AC33_part026_final_BEN.pdf,,9556855,,done
33,Heirok,27,27 - Heirok Part-I Mamang Leikai,ENG,final,10.59,AC33_part027_final_ENG.pdf,,8435475,,done
33,Heirok,27,27 - Heirok Part-I Mamang Leikai,BEN,final,11.89,AC33_part027_final_BEN.pdf,,8725000,,done
33,Heirok,28,28 - Heirok Part-II Doctorshang Mamang,ENG,final,11.57,AC33_part028_final_ENG.pdf,,9193485,,done
33,Heirok,28,28 - Heirok Part-II Doctorshang Mamang,BEN,final,12.86,AC33_part028_final_BEN.pdf,,9456335,,done
33,Heirok,29,29 - Heirok Part-II Doctorshang Maning,ENG,final,10.19,AC33_part029_final_ENG.pdf,,8050243,,done
33,Heirok,29,29 - Heirok Part-II Doctorshang Maning,BEN,final,11.41,AC33_part029_final_BEN.pdf,,8331909,,done
33,Heirok,30,30 - Heirok Part-II Maning Leikai,ENG,final,7.39,AC33_part030_final_ENG.pdf,,5733511,,done
33,Heirok,30,30 - Heirok Part-II Maning Leikai,BEN,final,8.19,AC33_part030_final_BEN.pdf,,5887535,,done
33,Heirok,31,31 - Heirok Part-II Laimayum Mamang,ENG,final,5.63,AC33_part031_final_ENG.pdf,,4320403,,done
33,Heirok,31,31 - Heirok Part-II Laimayum Mamang,BEN,final,6.24,AC33_part031_final_BEN.pdf,,4454288,,done
33,Heirok,32,32 - Heirok Part II Bazar Maning,ENG,final,7.25,AC33_part032_final_ENG.pdf,,5686606,,done
33,Heirok,32,32 - Heirok Part II Bazar Maning,BEN,final,8.08,AC33_part032_final_BEN.pdf,,5876123,,done
33,Heirok,33,33 - Heirok Part II Bazar,ENG,final,6.44,AC33_part033_final_ENG.pdf,,4994533,,done
33,Heirok,33,33 - Heirok Part II Bazar,BEN,final,7.13,AC33_part033_final_BEN.pdf,,5126511,,done
33,Heirok,34,34 - Heirok Part II Mayai Leikai,ENG,final,7.65,AC33_part034_final_ENG.pdf,,5967818,,done
33,Heirok,34,34 - Heirok Part II Mayai Leikai,BEN,final,8.4,AC33_part034_final_BEN.pdf,,6095091,,done
33,Heirok,35,35 - Heirok Part-II Devi Mandop Leikai,ENG,final,7.82,AC33_part035_final_ENG.pdf,,6045734,,done
33,Heirok,35,35 - Heirok Part-II Devi Mandop Leikai,BEN,final,8.7,AC33_part035_final_BEN.pdf,,6228143,,done
33,Heirok,36,36 - Heirok part-II Chingdompok,ENG,final,9.47,AC33_part036_final_ENG.pdf,,7378076,,done
33,Heirok,36,36 - Heirok part-II Chingdompok,BEN,final,10.59,AC33_part036_final_BEN.pdf,,7640574,,done
33,Heirok,37,37 - Kang Yambem Awang Leikai,ENG,final,9.47,AC33_part037_final_ENG.pdf,,7394485,,done
33,Heirok,37,37 - Kang Yambem Awang Leikai,BEN,final,10.54,AC33_part037_final_BEN.pdf,,7641458,,done
33,Heirok,38,38 - Kang Thokchao Makha Leikai,ENG,final,10.03,AC33_part038_final_ENG.pdf,,7922652,,done
33,Heirok,38,38 - Kang Thokchao Makha Leikai,BEN,final,11.14,AC33_part038_final_BEN.pdf,,8173333,,done
33,Heirok,39,39 - Heirok Part-II Bazar Mamang,ENG,final,11.24,AC33_part039_final_ENG.pdf,,8869392,,done
33,Heirok,39,39 - Heirok Part-II Bazar Mamang,BEN,final,12.52,AC33_part039_final_BEN.pdf,,9139023,,done
34,Wangjing Tentha,1,1 - Tentha Khunjao Makha Leikai,ENG,final,8.09,AC34_part001_final_ENG.pdf,,6245172,,done
34,Wangjing Tentha,1,1 - Tentha Khunjao Makha Leikai,BEN,final,8.92,AC34_part001_final_BEN.pdf,,6423187,,done
34,Wangjing Tentha,2,2 - Tentha Makha Leikai,ENG,final,8.0,AC34_part002_final_ENG.pdf,,6174976,,done
34,Wangjing Tentha,2,2 - Tentha Makha Leikai,BEN,final,8.83,AC34_part002_final_BEN.pdf,,6355463,,done
34,Wangjing Tentha,3,3 - Tentha Khongbal (A),ENG,final,10.63,AC34_part003_final_ENG.pdf,,8310576,,done
34,Wangjing Tentha,3,3 - Tentha Khongbal (A),BEN,final,11.63,AC34_part003_final_BEN.pdf,,8481574,,done
34,Wangjing Tentha,4,4 - Tentha Khongbal (B),ENG,final,8.7,AC34_part004_final_ENG.pdf,,6687740,,done
34,Wangjing Tentha,4,4 - Tentha Khongbal (B),BEN,final,9.41,AC34_part004_final_BEN.pdf,,6769148,,done
34,Wangjing Tentha,5,5 - Tentha Heibung,ENG,final,9.06,AC34_part005_final_ENG.pdf,,7002215,,done
34,Wangjing Tentha,5,5 - Tentha Heibung,BEN,final,10.06,AC34_part005_final_BEN.pdf,,7232480,,done
34,Wangjing Tentha,6,6 - Tentha Khunou,ENG,final,5.75,AC34_part006_final_ENG.pdf,,4335361,,done
34,Wangjing Tentha,6,6 - Tentha Khunou,BEN,final,6.4,AC34_part006_final_BEN.pdf,,4485986,,done
34,Wangjing Tentha,7,7 - Tentha Marongband,ENG,final,7.77,AC34_part007_final_ENG.pdf,,5993498,,done
34,Wangjing Tentha,7,7 - Tentha Marongband,BEN,final,8.66,AC34_part007_final_BEN.pdf,,6203957,,done
34,Wangjing Tentha,8,8 - Tentha Mairenkhund,ENG,final,9.41,AC34_part008_final_ENG.pdf,,7468168,,done
34,Wangjing Tentha,8,8 - Tentha Mairenkhund,BEN,final,10.57,AC34_part008_final_BEN.pdf,,7802959,,done
34,Wangjing Tentha,9,9 - Wangjing Hodamba,ENG,final,8.11,AC34_part009_final_ENG.pdf,,6285812,,done
34,Wangjing Tentha,9,9 - Wangjing Hodamba,BEN,final,8.99,AC34_part009_final_BEN.pdf,,6486117,,done
34,Wangjing Tentha,10,10 - Wangjing Hodamba Pukhri Achouba,ENG,final,9.03,AC34_part010_final_ENG.pdf,,7024375,,done
34,Wangjing Tentha,10,10 - Wangjing Hodamba Pukhri Achouba,BEN,final,10.07,AC34_part010_final_BEN.pdf,,7277977,,done
34,Wangjing Tentha,11,11 - Wangjing Purna Heitupokpi,ENG,final,8.54,AC34_part011_final_ENG.pdf,,6614305,,done
34,Wangjing Tentha,11,11 - Wangjing Purna Heitupokpi,BEN,final,9.47,AC34_part011_final_BEN.pdf,,6823321,,done
34,Wangjing Tentha,12,12 - Wangjing Tekcham Leikai,ENG,final,8.91,AC34_part012_final_ENG.pdf,,6929702,,done
34,Wangjing Tentha,12,12 - Wangjing Tekcham Leikai,BEN,final,9.85,AC34_part012_final_BEN.pdf,,7143027,,done
34,Wangjing Tentha,13,13 - Wangjing Sorokhaibam Leikai,ENG,final,10.91,AC34_part013_final_ENG.pdf,,8524178,,done
34,Wangjing Tentha,13,13 - Wangjing Sorokhaibam Leikai,BEN,final,12.11,AC34_part013_final_BEN.pdf,,8797992,,done
34,Wangjing Tentha,14,14 - Wangjing Sorokhaibam Mamang Leikai,ENG,final,7.05,AC34_part014_final_ENG.pdf,,5388866,,done
34,Wangjing Tentha,14,14 - Wangjing Sorokhaibam Mamang Leikai,BEN,final,7.77,AC34_part014_final_BEN.pdf,,5539143,,done
34,Wangjing Tentha,15,15 - Wangjing Sorokhaibam Maning Leikai,ENG,final,5.41,AC34_part015_final_ENG.pdf,,4062264,,done
34,Wangjing Tentha,15,15 - Wangjing Sorokhaibam Maning Leikai,BEN,final,5.91,AC34_part015_final_BEN.pdf,,4168219,,done
34,Wangjing Tentha,16,16 - Wangjing Wangkhei (1),ENG,final,9.31,AC34_part016_final_ENG.pdf,,7286166,,done
34,Wangjing Tentha,16,16 - Wangjing Wangkhei (1),BEN,final,10.15,AC34_part016_final_BEN.pdf,,7430335,,done
34,Wangjing Tentha,17,17 - Wangjing Wangkhei (2),ENG,final,9.35,AC34_part017_final_ENG.pdf,,7342931,,done
34,Wangjing Tentha,17,17 - Wangjing Wangkhei (2),BEN,final,10.39,AC34_part017_final_BEN.pdf,,7595677,,done
34,Wangjing Tentha,18,18 - Khongjom Shivanagar (1),ENG,final,8.8,AC34_part018_final_ENG.pdf,,6841352,,done
34,Wangjing Tentha,18,18 - Khongjom Shivanagar (1),BEN,final,9.83,AC34_part018_final_BEN.pdf,,7095912,,done
34,Wangjing Tentha,19,19 - Khongjom Shivanagar (2),ENG,final,10.05,AC34_part019_final_ENG.pdf,,7818095,,done
34,Wangjing Tentha,19,19 - Khongjom Shivanagar (2),BEN,final,11.08,AC34_part019_final_BEN.pdf,,8036957,,done
34,Wangjing Tentha,20,20 - Chingtham,ENG,final,10.31,AC34_part020_final_ENG.pdf,,8115988,,done
34,Wangjing Tentha,20,20 - Chingtham,BEN,final,11.18,AC34_part020_final_BEN.pdf,,8246170,,done
34,Wangjing Tentha,21,21 - Tekcham (A)-1,ENG,final,7.35,AC34_part021_final_ENG.pdf,,5596074,,done
34,Wangjing Tentha,21,21 - Tekcham (A)-1,BEN,final,8.15,AC34_part021_final_BEN.pdf,,5793157,,done
34,Wangjing Tentha,22,22 - Tekcham (A)-2,ENG,final,6.07,AC34_part022_final_ENG.pdf,,4535338,,done
34,Wangjing Tentha,22,22 - Tekcham (A)-2,BEN,final,6.62,AC34_part022_final_BEN.pdf,,4627089,,done
34,Wangjing Tentha,23,23 - Tekcham (B),ENG,final,9.07,AC34_part023_final_ENG.pdf,,7089222,,done
34,Wangjing Tentha,23,23 - Tekcham (B),BEN,final,10.13,AC34_part023_final_BEN.pdf,,7365557,,done
34,Wangjing Tentha,24,24 - Tekcham (B-1),ENG,final,9.26,AC34_part024_final_ENG.pdf,,7210112,,done
34,Wangjing Tentha,24,24 - Tekcham (B-1),BEN,final,10.31,AC34_part024_final_BEN.pdf,,7479514,,done
34,Wangjing Tentha,25,25 - Papal (A),ENG,final,8.92,AC34_part025_final_ENG.pdf,,6942921,,done
34,Wangjing Tentha,25,25 - Papal (A),BEN,final,9.9,AC34_part025_final_BEN.pdf,,7169599,,done
34,Wangjing Tentha,26,26 - Papal (B),ENG,final,4.63,AC34_part026_final_ENG.pdf,,3404705,,done
34,Wangjing Tentha,26,26 - Papal (B),BEN,final,5.03,AC34_part026_final_BEN.pdf,,3478116,,done
34,Wangjing Tentha,27,27 - Sapam Mamang Leikai,ENG,final,9.31,AC34_part027_final_ENG.pdf,,7259077,,done
34,Wangjing Tentha,27,27 - Sapam Mamang Leikai,BEN,final,10.4,AC34_part027_final_BEN.pdf,,7525969,,done
34,Wangjing Tentha,28,28 - Sapam Mayai Leikai,ENG,final,7.4,AC34_part028_final_ENG.pdf,,5707132,,done
34,Wangjing Tentha,28,28 - Sapam Mayai Leikai,BEN,final,8.16,AC34_part028_final_BEN.pdf,,5885132,,done
34,Wangjing Tentha,29,29 - Sapam Maning Leikai,ENG,final,9.88,AC34_part029_final_ENG.pdf,,7736667,,done
34,Wangjing Tentha,29,29 - Sapam Maning Leikai,BEN,final,10.91,AC34_part029_final_BEN.pdf,,7963704,,done
34,Wangjing Tentha,30,30 - Langathel Mandakini (A)-1,ENG,final,6.96,AC34_part030_final_ENG.pdf,,5313808,,done
34,Wangjing Tentha,30,30 - Langathel Mandakini (A)-1,BEN,final,7.62,AC34_part030_final_BEN.pdf,,5443880,,done
34,Wangjing Tentha,31,31 - Langathel Mandakini (A)-2,ENG,final,6.26,AC34_part031_final_ENG.pdf,,4768503,,done
34,Wangjing Tentha,31,31 - Langathel Mandakini (A)-2,BEN,final,6.9,AC34_part031_final_BEN.pdf,,4911228,,done
34,Wangjing Tentha,32,32 - Langathel Mandakini (B),ENG,final,10.82,AC34_part032_final_ENG.pdf,,8545921,,done
34,Wangjing Tentha,32,32 - Langathel Mandakini (B),BEN,final,11.96,AC34_part032_final_BEN.pdf,,8797295,,done
34,Wangjing Tentha,33,33 - Langathel (C),ENG,final,8.11,AC34_part033_final_ENG.pdf,,6288701,,done
34,Wangjing Tentha,33,33 - Langathel (C),BEN,final,8.99,AC34_part033_final_BEN.pdf,,6496977,,done
34,Wangjing Tentha,34,34 - Langathel (D),ENG,final,7.15,AC34_part034_final_ENG.pdf,,5479207,,done
34,Wangjing Tentha,34,34 - Langathel (D),BEN,final,7.88,AC34_part034_final_BEN.pdf,,5631783,,done
34,Wangjing Tentha,35,35 - Kairembikhok Mayai Leikai,ENG,final,6.85,AC34_part035_final_ENG.pdf,,5261653,,done
34,Wangjing Tentha,35,35 - Kairembikhok Mayai Leikai,BEN,final,7.59,AC34_part035_final_BEN.pdf,,5419735,,done
34,Wangjing Tentha,36,36 - Kangdabi,ENG,final,6.95,AC34_part036_final_ENG.pdf,,5380055,,done
34,Wangjing Tentha,36,36 - Kangdabi,BEN,final,7.7,AC34_part036_final_BEN.pdf,,5534891,,done
34,Wangjing Tentha,37,37 - Phundrei Awang Leikai,ENG,final,6.98,AC34_part037_final_ENG.pdf,,5478137,,done
34,Wangjing Tentha,37,37 - Phundrei Awang Leikai,BEN,final,7.79,AC34_part037_final_BEN.pdf,,5693735,,done
34,Wangjing Tentha,38,38 - Phundrei Sabal Leikai,ENG,final,6.31,AC34_part038_final_ENG.pdf,,5015023,,done
34,Wangjing Tentha,38,38 - Phundrei Sabal Leikai,BEN,final,7.02,AC34_part038_final_BEN.pdf,,5200259,,done
34,Wangjing Tentha,39,39 - Phundrei (A),ENG,final,9.17,AC34_part039_final_ENG.pdf,,7314299,,done
34,Wangjing Tentha,39,39 - Phundrei (A),BEN,final,10.24,AC34_part039_final_BEN.pdf,,7614542,,done
35,Khangabok,1,1 - Wangbal Mamang and Maning Leikai,ENG,final,8.02,AC35_part001_final_ENG.pdf,,6128140,,done
35,Khangabok,1,1 - Wangbal Mamang and Maning Leikai,BEN,final,8.79,AC35_part001_final_BEN.pdf,,6275993,,done
35,Khangabok,2,2 - Wangbal Lamboithong,ENG,final,6.23,AC35_part002_final_ENG.pdf,,4727965,,done
35,Khangabok,2,2 - Wangbal Lamboithong,BEN,final,6.88,AC35_part002_final_BEN.pdf,,4869510,,done
35,Khangabok,3,3 - Uyal Awang and Makha Leikai,ENG,final,8.71,AC35_part003_final_ENG.pdf,,6790183,,done
35,Khangabok,3,3 - Uyal Awang and Makha Leikai,BEN,final,9.81,AC35_part003_final_BEN.pdf,,7077954,,done
35,Khangabok,4,4 - Wangbal Thongjao and Uyal Khunou Leikai,ENG,final,6.36,AC35_part004_final_ENG.pdf,,4758550,,done
35,Khangabok,4,4 - Wangbal Thongjao and Uyal Khunou Leikai,BEN,final,6.99,AC35_part004_final_BEN.pdf,,4870824,,done
35,Khangabok,5,5 - Khangabok Mayai Leikai (Maning Pareng),ENG,final,8.93,AC35_part005_final_ENG.pdf,,6883015,,done
35,Khangabok,5,5 - Khangabok Mayai Leikai (Maning Pareng),BEN,final,9.96,AC35_part005_final_BEN.pdf,,7108662,,done
35,Khangabok,6,6 - Khangabok Mayai Leikai (Mamang Pareng),ENG,final,8.2,AC35_part006_final_ENG.pdf,,6341695,,done
35,Khangabok,6,6 - Khangabok Mayai Leikai (Mamang Pareng),BEN,final,9.19,AC35_part006_final_BEN.pdf,,6578881,,done
35,Khangabok,7,7 - Khangabok Makha Leikai,ENG,final,8.78,AC35_part007_final_ENG.pdf,,6736399,,done
35,Khangabok,7,7 - Khangabok Makha Leikai,BEN,final,9.86,AC35_part007_final_BEN.pdf,,7013461,,done
35,Khangabok,8,8 - Khangabok Part-III Lamlong and Tangkha Leikai,ENG,final,10.76,AC35_part008_final_ENG.pdf,,8238570,,done
35,Khangabok,8,8 - Khangabok Part-III Lamlong and Tangkha Leikai,BEN,final,12.03,AC35_part008_final_BEN.pdf,,8531821,,done
35,Khangabok,9,9 - Khangabok Lamlong Makha,ENG,final,9.06,AC35_part009_final_ENG.pdf,,6979409,,done
35,Khangabok,9,9 - Khangabok Lamlong Makha,BEN,final,10.14,AC35_part009_final_BEN.pdf,,7244784,,done
35,Khangabok,10,10 - Khangabok Khullakpam Maning Leikai,ENG,final,8.48,AC35_part010_final_ENG.pdf,,6451363,,done
35,Khangabok,10,10 - Khangabok Khullakpam Maning Leikai,BEN,final,9.41,AC35_part010_final_BEN.pdf,,6651234,,done
35,Khangabok,11,11 - Khangabok Part-I Khullakpam Mamang Leikai,ENG,final,8.65,AC35_part011_final_ENG.pdf,,6645616,,done
35,Khangabok,11,11 - Khangabok Part-I Khullakpam Mamang Leikai,BEN,final,9.55,AC35_part011_final_BEN.pdf,,6799411,,done
35,Khangabok,12,12 - Khangabok Part-II Khullakpam Mamang and Palli Leikai,ENG,final,9.57,AC35_part012_final_ENG.pdf,,7379328,,done
35,Khangabok,12,12 - Khangabok Part-II Khullakpam Mamang and Palli Leikai,BEN,final,10.68,AC35_part012_final_BEN.pdf,,7621499,,done
35,Khangabok,13,13 - Khangabok Awang Leikai,ENG,final,5.75,AC35_part013_final_ENG.pdf,,4249882,,done
35,Khangabok,13,13 - Khangabok Awang Leikai,BEN,final,6.39,AC35_part013_final_BEN.pdf,,4399039,,done
35,Khangabok,14,14 - Khangabok Sorok Wangma and Sanilou Leikai,ENG,final,6.85,AC35_part014_final_ENG.pdf,,5192558,,done
35,Khangabok,14,14 - Khangabok Sorok Wangma and Sanilou Leikai,BEN,final,7.64,AC35_part014_final_BEN.pdf,,5358985,,done
35,Khangabok,15,15 - Khangabok Awang Maning Leikai,ENG,final,6.77,AC35_part015_final_ENG.pdf,,5070164,,done
35,Khangabok,15,15 - Khangabok Awang Maning Leikai,BEN,final,7.5,AC35_part015_final_BEN.pdf,,5217057,,done
35,Khangabok,16,16 - Khangabok Awang Mamang  Leikai,ENG,final,7.47,AC35_part016_final_ENG.pdf,,5672489,,done
35,Khangabok,16,16 - Khangabok Awang Mamang  Leikai,BEN,final,8.3,AC35_part016_final_BEN.pdf,,5851019,,done
35,Khangabok,17,17 - Nepra Company Leikai,ENG,final,5.46,AC35_part017_final_ENG.pdf,,4116914,,done
35,Khangabok,17,17 - Nepra Company Leikai,BEN,final,6.02,AC35_part017_final_BEN.pdf,,4234000,,done
35,Khangabok,18,18 - Khangabok Khunou,ENG,final,4.87,AC35_part018_final_ENG.pdf,,3619583,,done
35,Khangabok,18,18 - Khangabok Khunou,BEN,final,5.35,AC35_part018_final_BEN.pdf,,3717950,,done
35,Khangabok,19,19 - Khangabok Maisnam Maning Leikai,ENG,final,6.74,AC35_part019_final_ENG.pdf,,5142423,,done
35,Khangabok,19,19 - Khangabok Maisnam Maning Leikai,BEN,final,7.44,AC35_part019_final_BEN.pdf,,5282148,,done
35,Khangabok,20,20 - Khangabok Maisnam Mamang Leikai,ENG,final,5.8,AC35_part020_final_ENG.pdf,,4394448,,done
35,Khangabok,20,20 - Khangabok Maisnam Mamang Leikai,BEN,final,6.37,AC35_part020_final_BEN.pdf,,4509828,,done
35,Khangabok,21,21 - Khangabok Cherapur Khunou,ENG,final,6.88,AC35_part021_final_ENG.pdf,,5232917,,done
35,Khangabok,21,21 - Khangabok Cherapur Khunou,BEN,final,7.59,AC35_part021_final_BEN.pdf,,5363592,,done
35,Khangabok,22,22 - Khangabok Part-III Khunou Leikai,ENG,final,7.66,AC35_part022_final_ENG.pdf,,5896885,,done
35,Khangabok,22,22 - Khangabok Part-III Khunou Leikai,BEN,final,8.49,AC35_part022_final_BEN.pdf,,6057463,,done
35,Khangabok,23,23 - Lamding Cherapur,ENG,final,10.41,AC35_part023_final_ENG.pdf,,8081660,,done
35,Khangabok,23,23 - Lamding Cherapur,BEN,final,11.54,AC35_part023_final_BEN.pdf,,8347254,,done
35,Khangabok,24,24 - Sangaiyumpham Cherapur Mathak Awang Leikai,ENG,final,7.03,AC35_part024_final_ENG.pdf,,5514100,,done
35,Khangabok,24,24 - Sangaiyumpham Cherapur Mathak Awang Leikai,BEN,final,7.87,AC35_part024_final_BEN.pdf,,5754004,,done
35,Khangabok,25,25 - Sangaiyumpham Cherapur Mathak Makha Leikai,ENG,final,5.87,AC35_part025_final_ENG.pdf,,4517202,,done
35,Khangabok,25,25 - Sangaiyumpham Cherapur Mathak Makha Leikai,BEN,final,6.59,AC35_part025_final_BEN.pdf,,4729760,,done
35,Khangabok,26,26 - Sangaiyumpham Cherapur Makha Karanchi Leikai,ENG,final,8.86,AC35_part026_final_ENG.pdf,,7048767,,done
35,Khangabok,26,26 - Sangaiyumpham Cherapur Makha Karanchi Leikai,BEN,final,9.91,AC35_part026_final_BEN.pdf,,7329142,,done
35,Khangabok,27,27 - Sangaiyumpham Part-II Cherapur Mayai Leikai,ENG,final,6.59,AC35_part027_final_ENG.pdf,,5131506,,done
35,Khangabok,27,27 - Sangaiyumpham Part-II Cherapur Mayai Leikai,BEN,final,7.36,AC35_part027_final_BEN.pdf,,5339460,,done
35,Khangabok,28,28 - Sangaiyumpham Nungphou Sabal Leikai,ENG,final,7.9,AC35_part028_final_ENG.pdf,,6233823,,done
35,Khangabok,28,28 - Sangaiyumpham Nungphou Sabal Leikai,BEN,final,8.86,AC35_part028_final_BEN.pdf,,6501712,,done
35,Khangabok,29,29 - Sangaiyumpham Nungouphou Mathak Leikai,ENG,final,8.53,AC35_part029_final_ENG.pdf,,6739064,,done
35,Khangabok,29,29 - Sangaiyumpham Nungouphou Mathak Leikai,BEN,final,9.55,AC35_part029_final_BEN.pdf,,7016160,,done
35,Khangabok,30,30 - Sangaiyumpham Cherapur Moirang Palli Keithel,ENG,final,6.76,AC35_part030_final_ENG.pdf,,5330953,,done
35,Khangabok,30,30 - Sangaiyumpham Cherapur Moirang Palli Keithel,BEN,final,7.61,AC35_part030_final_BEN.pdf,,5581813,,done
35,Khangabok,31,31 - Sangaiyumpham Cherapur Mayai Leikai,ENG,final,5.73,AC35_part031_final_ENG.pdf,,4499052,,done
35,Khangabok,31,31 - Sangaiyumpham Cherapur Mayai Leikai,BEN,final,6.38,AC35_part031_final_BEN.pdf,,4662340,,done
35,Khangabok,32,32 - Sangaiyumpham Puleipok Mamang Maning Leikai,ENG,final,7.48,AC35_part032_final_ENG.pdf,,5855349,,done
35,Khangabok,32,32 - Sangaiyumpham Puleipok Mamang Maning Leikai,BEN,final,8.36,AC35_part032_final_BEN.pdf,,6084029,,done
35,Khangabok,33,33 - Sangaiyumpham Puleipokpi Awang Leikai,ENG,final,7.84,AC35_part033_final_ENG.pdf,,6189151,,done
35,Khangabok,33,33 - Sangaiyumpham Puleipokpi Awang Leikai,BEN,final,8.76,AC35_part033_final_BEN.pdf,,6431691,,done
35,Khangabok,34,34 - Sangaiyumpham Nungphou Makha Leikai,ENG,final,7.34,AC35_part034_final_ENG.pdf,,5754144,,done
35,Khangabok,34,34 - Sangaiyumpham Nungphou Makha Leikai,BEN,final,8.15,AC35_part034_final_BEN.pdf,,5958212,,done
35,Khangabok,35,35 - Sangaiyumpham Nungphou Mamang Leikai,ENG,final,6.06,AC35_part035_final_ENG.pdf,,4674766,,done
35,Khangabok,35,35 - Sangaiyumpham Nungphou Mamang Leikai,BEN,final,6.77,AC35_part035_final_BEN.pdf,,4870477,,done
35,Khangabok,36,36 - Kangsamaram Maning Leikai,ENG,final,8.45,AC35_part036_final_ENG.pdf,,6543304,,done
35,Khangabok,36,36 - Kangsamaram Maning Leikai,BEN,final,9.33,AC35_part036_final_BEN.pdf,,6719465,,done
35,Khangabok,37,37 - Kangshamram Mayai Leikai,ENG,final,7.87,AC35_part037_final_ENG.pdf,,6001221,,done
35,Khangabok,37,37 - Kangshamram Mayai Leikai,BEN,final,8.63,AC35_part037_final_BEN.pdf,,6161788,,done
35,Khangabok,38,38 - Kangsamaram Mamang Leikai,ENG,final,9.95,AC35_part038_final_ENG.pdf,,7732445,,done
35,Khangabok,38,38 - Kangsamaram Mamang Leikai,BEN,final,11.03,AC35_part038_final_BEN.pdf,,7970857,,done
35,Khangabok,39,39 - Lamding (A),ENG,final,10.55,AC35_part039_final_ENG.pdf,,8161462,,done
35,Khangabok,39,39 - Lamding (A),BEN,final,11.71,AC35_part039_final_BEN.pdf,,8430434,,done
35,Khangabok,40,40 - Lamding (B),ENG,final,8.38,AC35_part040_final_ENG.pdf,,6384909,,done
35,Khangabok,40,40 - Lamding (B),BEN,final,9.26,AC35_part040_final_BEN.pdf,,6575159,,done
35,Khangabok,41,41 - Lamding Khumanthem Leikai,ENG,final,10.36,AC35_part041_final_ENG.pdf,,8150605,,done
35,Khangabok,41,41 - Lamding Khumanthem Leikai,BEN,final,11.53,AC35_part041_final_BEN.pdf,,8419572,,done
35,Khangabok,42,42 - Athokpam Makha Turen Paring,ENG,final,8.85,AC35_part042_final_ENG.pdf,,6806741,,done
35,Khangabok,42,42 - Athokpam Makha Turen Paring,BEN,final,9.86,AC35_part042_final_BEN.pdf,,7049183,,done
35,Khangabok,43,43 - Athokpam Makha Heikring Makhong Lampak,ENG,final,8.22,AC35_part043_final_ENG.pdf,,6371752,,done
35,Khangabok,43,43 - Athokpam Makha Heikring Makhong Lampak,BEN,final,9.13,AC35_part043_final_BEN.pdf,,6572034,,done
35,Khangabok,44,44 - Athokpam Makha Sandhabung Leikai,ENG,final,7.33,AC35_part044_final_ENG.pdf,,5620472,,done
35,Khangabok,44,44 - Athokpam Makha Sandhabung Leikai,BEN,final,8.12,AC35_part044_final_BEN.pdf,,5788278,,done
35,Khangabok,45,45 - Athokpam Mayai Mamang Leikai,ENG,final,8.14,AC35_part045_final_ENG.pdf,,6234315,,done
35,Khangabok,45,45 - Athokpam Mayai Mamang Leikai,BEN,final,8.99,AC35_part045_final_BEN.pdf,,6409003,,done
35,Khangabok,46,46 - Athokpam Mayai Maning Leikai,ENG,final,7.79,AC35_part046_final_ENG.pdf,,5918610,,done
35,Khangabok,46,46 - Athokpam Mayai Maning Leikai,BEN,final,8.62,AC35_part046_final_BEN.pdf,,6108533,,done
35,Khangabok,47,47 - Athokpam Mayai Leikai,ENG,final,7.13,AC35_part047_final_ENG.pdf,,5491572,,done
35,Khangabok,47,47 - Athokpam Mayai Leikai,BEN,final,7.99,AC35_part047_final_BEN.pdf,,5691397,,done
36,Wabgai,1,1 - Irong Chesaba Makha,ENG,final,7.69,AC36_part001_final_ENG.pdf,,5936008,,done
36,Wabgai,1,1 - Irong Chesaba Makha,BEN,final,8.61,AC36_part001_final_BEN.pdf,,6190387,,done
36,Wabgai,2,2 - Irong Chesaba Makha Mayai,ENG,final,8.11,AC36_part002_final_ENG.pdf,,6302676,,done
36,Wabgai,2,2 - Irong Chesaba Makha Mayai,BEN,final,9.09,AC36_part002_final_BEN.pdf,,6588146,,done
36,Wabgai,3,3 - Irong Chesaba Mayai,ENG,final,10.46,AC36_part003_final_ENG.pdf,,8291643,,done
36,Wabgai,3,3 - Irong Chesaba Mayai,BEN,final,11.72,AC36_part003_final_BEN.pdf,,8643388,,done
36,Wabgai,4,4 - Irong Chesaba Mathak,ENG,final,9.32,AC36_part004_final_ENG.pdf,,7338016,,done
36,Wabgai,4,4 - Irong Chesaba Mathak,BEN,final,10.49,AC36_part004_final_BEN.pdf,,7666589,,done
36,Wabgai,5,5 - Irong Khunou and Umang,ENG,final,9.17,AC36_part005_final_ENG.pdf,,7206417,,done
36,Wabgai,5,5 - Irong Khunou and Umang,BEN,final,10.43,AC36_part005_final_BEN.pdf,,7613002,,done
36,Wabgai,6,6 - Maibam Konjil Maning,ENG,final,6.59,AC36_part006_final_ENG.pdf,,4965880,,done
36,Wabgai,6,6 - Maibam Konjil Maning,BEN,final,7.33,AC36_part006_final_BEN.pdf,,5147315,,done
36,Wabgai,7,7 - Maibam Konjil Mamang,ENG,final,6.61,AC36_part007_final_ENG.pdf,,5043636,,done
36,Wabgai,7,7 - Maibam Konjil Mamang,BEN,final,7.35,AC36_part007_final_BEN.pdf,,5211144,,done
36,Wabgai,8,8 - Khelakhong Ahanbi,ENG,final,8.21,AC36_part008_final_ENG.pdf,,6459733,,done
36,Wabgai,8,8 - Khelakhong Ahanbi,BEN,final,9.23,AC36_part008_final_BEN.pdf,,6753210,,done
36,Wabgai,9,9 - Khelakhong Makha Leikai,ENG,final,7.53,AC36_part009_final_ENG.pdf,,5903411,,done
36,Wabgai,9,9 - Khelakhong Makha Leikai,BEN,final,8.38,AC36_part009_final_BEN.pdf,,6128980,,done
36,Wabgai,10,10 - Heibong Makhong Mathak,ENG,final,6.32,AC36_part010_final_ENG.pdf,,4811228,,done
36,Wabgai,10,10 - Heibong Makhong Mathak,BEN,final,7.1,AC36_part010_final_BEN.pdf,,5040297,,done
36,Wabgai,11,11 - Heibong Makhong Makha,ENG,final,6.3,AC36_part011_final_ENG.pdf,,4844793,,done
36,Wabgai,11,11 - Heibong Makhong Makha,BEN,final,7.02,AC36_part011_final_BEN.pdf,,5039329,,done
36,Wabgai,12,12 - Uchiwa Nastao Awang,ENG,final,10.83,AC36_part012_final_ENG.pdf,,8611359,,done
36,Wabgai,12,12 - Uchiwa Nastao Awang,BEN,final,12.23,AC36_part012_final_BEN.pdf,,9032788,,done
36,Wabgai,13,13 - Uchiwa Wangma,ENG,final,7.34,AC36_part013_final_ENG.pdf,,5674172,,done
36,Wabgai,13,13 - Uchiwa Wangma,BEN,final,8.17,AC36_part013_final_BEN.pdf,,5868278,,done
36,Wabgai,14,14 - Uchiwa Nastao Makha,ENG,final,4.58,AC36_part014_final_ENG.pdf,,3444174,,done
36,Wabgai,14,14 - Uchiwa Nastao Makha,BEN,final,5.1,AC36_part014_final_BEN.pdf,,3584658,,done
36,Wabgai,15,15 - Santhel Mathak,ENG,final,9.82,AC36_part015_final_ENG.pdf,,7724485,,done
36,Wabgai,15,15 - Santhel Mathak,BEN,final,11.01,AC36_part015_final_BEN.pdf,,8043221,,done
36,Wabgai,16,16 - Santhel Mayai,ENG,final,10.92,AC36_part016_final_ENG.pdf,,8581307,,done
36,Wabgai,16,16 - Santhel Mayai,BEN,final,12.29,AC36_part016_final_BEN.pdf,,8954446,,done
36,Wabgai,17,17 - Hangul Mayai,ENG,final,7.88,AC36_part017_final_ENG.pdf,,6136942,,done
36,Wabgai,17,17 - Hangul Mayai,BEN,final,8.85,AC36_part017_final_BEN.pdf,,6399464,,done
36,Wabgai,18,18 - Hangul Makha,ENG,final,8.27,AC36_part018_final_ENG.pdf,,6514500,,done
36,Wabgai,18,18 - Hangul Makha,BEN,final,9.3,AC36_part018_final_BEN.pdf,,6814128,,done
36,Wabgai,19,19 - Wabagai Awang Leikai,ENG,final,9.96,AC36_part019_final_ENG.pdf,,7721307,,done
36,Wabgai,19,19 - Wabagai Awang Leikai,BEN,final,10.96,AC36_part019_final_BEN.pdf,,7929057,,done
36,Wabgai,20,20 - Wabagai Mairembam,ENG,final,7.24,AC36_part020_final_ENG.pdf,,5502982,,done
36,Wabgai,20,20 - Wabagai Mairembam,BEN,final,8.07,AC36_part020_final_BEN.pdf,,5692281,,done
36,Wabgai,21,21 - Wabagai Tera Urak and Maibam Leikai,ENG,final,6.42,AC36_part021_final_ENG.pdf,,4809024,,done
36,Wabgai,21,21 - Wabagai Tera Urak and Maibam Leikai,BEN,final,7.06,AC36_part021_final_BEN.pdf,,4940394,,done
36,Wabgai,22,22 - Wabagai Heibong Makhong,ENG,final,10.21,AC36_part022_final_ENG.pdf,,7836979,,done
36,Wabgai,22,22 - Wabagai Heibong Makhong,BEN,final,11.34,AC36_part022_final_BEN.pdf,,8108455,,done
36,Wabgai,23,23 - Wabagai Kadajit,ENG,final,9.39,AC36_part023_final_ENG.pdf,,7230289,,done
36,Wabgai,23,23 - Wabagai Kadajit,BEN,final,10.42,AC36_part023_final_BEN.pdf,,7473680,,done
36,Wabgai,24,24 - Wabagai Terapishak,ENG,final,8.3,AC36_part024_final_ENG.pdf,,6386528,,done
36,Wabgai,24,24 - Wabagai Terapishak,BEN,final,9.2,AC36_part024_final_BEN.pdf,,6591825,,done
36,Wabgai,25,25 - Wabagai Makha Leikai,ENG,final,8.46,AC36_part025_final_ENG.pdf,,6483613,,done
36,Wabgai,25,25 - Wabagai Makha Leikai,BEN,final,9.33,AC36_part025_final_BEN.pdf,,6658613,,done
36,Wabgai,26,26 - Keirak Makha Leikai,ENG,final,8.56,AC36_part026_final_ENG.pdf,,6570349,,done
36,Wabgai,26,26 - Keirak Makha Leikai,BEN,final,9.58,AC36_part026_final_BEN.pdf,,6809339,,done
36,Wabgai,27,27 - Keirak Yawabung Leikai and Keirak Muslim,ENG,final,7.89,AC36_part027_final_ENG.pdf,,6179903,,done
36,Wabgai,27,27 - Keirak Yawabung Leikai and Keirak Muslim,BEN,final,8.84,AC36_part027_final_BEN.pdf,,6425440,,done
36,Wabgai,28,28 - Keirak Kangjeibung Maning,ENG,final,7.04,AC36_part028_final_ENG.pdf,,5367877,,done
36,Wabgai,28,28 - Keirak Kangjeibung Maning,BEN,final,7.82,AC36_part028_final_BEN.pdf,,5541907,,done
36,Wabgai,29,29 - Keirak Awang and Mamang,ENG,final,7.19,AC36_part029_final_ENG.pdf,,5559784,,done
36,Wabgai,29,29 - Keirak Awang and Mamang,BEN,final,7.99,AC36_part029_final_BEN.pdf,,5713735,,done
36,Wabgai,30,30 - Keirak Leirak Achouba,ENG,final,7.72,AC36_part030_final_ENG.pdf,,5890993,,done
36,Wabgai,30,30 - Keirak Leirak Achouba,BEN,final,8.64,AC36_part030_final_BEN.pdf,,6105195,,done
36,Wabgai,31,31 - Mantak,ENG,final,5.95,AC36_part031_final_ENG.pdf,,4476020,,done
36,Wabgai,31,31 - Mantak,BEN,final,6.6,AC36_part031_final_BEN.pdf,,4647354,,done
36,Wabgai,32,32 - Kakching Wairi Khunyai Leikai,ENG,final,11.35,AC36_part032_final_ENG.pdf,,8771115,,done
36,Wabgai,32,32 - Kakching Wairi Khunyai Leikai,BEN,final,12.44,AC36_part032_final_BEN.pdf,,8965029,,done
36,Wabgai,33,33 - Kakching Wairi Khunjapat (Makha),ENG,final,8.62,AC36_part033_final_ENG.pdf,,6580176,,done
36,Wabgai,33,33 - Kakching Wairi Khunjapat (Makha),BEN,final,9.52,AC36_part033_final_BEN.pdf,,6783582,,done
36,Wabgai,34,34 - Kakching Wairi Khunjapat (Mathak),ENG,final,10.85,AC36_part034_final_ENG.pdf,,8371154,,done
36,Wabgai,34,34 - Kakching Wairi Khunjapat (Mathak),BEN,final,12.03,AC36_part034_final_BEN.pdf,,8636588,,done
36,Wabgai,35,35 - Kakching Chumnang and Phousupat,ENG,final,11.35,AC36_part035_final_ENG.pdf,,8775031,,done
36,Wabgai,35,35 - Kakching Chumnang and Phousupat,BEN,final,12.59,AC36_part035_final_BEN.pdf,,9045600,,done
36,Wabgai,36,36 - Kakching Khullen Turel Wangma (Awang),ENG,final,12.32,AC36_part036_final_ENG.pdf,,9458314,,done
36,Wabgai,36,36 - Kakching Khullen Turel Wangma (Awang),BEN,final,13.66,AC36_part036_final_BEN.pdf,,9745923,,done
37,Kakching,1,1 - Irengband,ENG,final,7.72,AC37_part001_final_ENG.pdf,,5943497,,done
37,Kakching,1,1 - Irengband,BEN,final,8.61,AC37_part001_final_BEN.pdf,,6165068,,done
37,Kakching,2,2 - Irengband Sabal,ENG,final,5.76,AC37_part002_final_ENG.pdf,,4391235,,done
37,Kakching,2,2 - Irengband Sabal,BEN,final,6.38,AC37_part002_final_BEN.pdf,,4532598,,done
37,Kakching,3,3 - Irengband Hawairou and Irengband Mairembam,ENG,final,8.29,AC37_part003_final_ENG.pdf,,6453979,,done
37,Kakching,3,3 - Irengband Hawairou and Irengband Mairembam,BEN,final,9.28,AC37_part003_final_BEN.pdf,,6703680,,done
37,Kakching,4,4 - Kakching Wairi Khullakpam Leikai (Maning),ENG,final,7.14,AC37_part004_final_ENG.pdf,,5397836,,done
37,Kakching,4,4 - Kakching Wairi Khullakpam Leikai (Maning),BEN,final,7.84,AC37_part004_final_BEN.pdf,,5542302,,done
37,Kakching,5,5 - Kakching Wairi Khullakpam Leikai (Mamang),ENG,final,6.37,AC37_part005_final_ENG.pdf,,4953955,,done
37,Kakching,5,5 - Kakching Wairi Khullakpam Leikai (Mamang),BEN,final,7.08,AC37_part005_final_BEN.pdf,,5117313,,done
37,Kakching,6,6 - Kakching Wairi Khullakpam Leikai and Sabal Leikai,ENG,final,9.68,AC37_part006_final_ENG.pdf,,7430066,,done
37,Kakching,6,6 - Kakching Wairi Khullakpam Leikai and Sabal Leikai,BEN,final,10.61,AC37_part006_final_BEN.pdf,,7603736,,done
37,Kakching,7,7 - Kakching Wairi Thongam Leikai and Senapati Leikai,ENG,final,8.85,AC37_part007_final_ENG.pdf,,6750405,,done
37,Kakching,7,7 - Kakching Wairi Thongam Leikai and Senapati Leikai,BEN,final,9.82,AC37_part007_final_BEN.pdf,,6983465,,done
37,Kakching,8,8 - Kakching Wairi Thongam Maning and Chumnang Leikai,ENG,final,12.55,AC37_part008_final_ENG.pdf,,9882052,,done
37,Kakching,8,8 - Kakching Wairi Thongam Maning and Chumnang Leikai,BEN,final,14.0,AC37_part008_final_BEN.pdf,,10231179,,done
37,Kakching,9,9 - Kakching Wairi Sabal Khunyai,ENG,final,11.85,AC37_part009_final_ENG.pdf,,9298129,,done
37,Kakching,9,9 - Kakching Wairi Sabal Khunyai,BEN,final,13.07,AC37_part009_final_BEN.pdf,,9567798,,done
37,Kakching,10,10 - Kakching Khullen Turel Wangma (Mamang),ENG,final,9.97,AC37_part010_final_ENG.pdf,,7831422,,done
37,Kakching,10,10 - Kakching Khullen Turel Wangma (Mamang),BEN,final,11.13,AC37_part010_final_BEN.pdf,,8082525,,done
37,Kakching,11,11 - Kakching Khullen Turel Wangma (Maning),ENG,final,9.4,AC37_part011_final_ENG.pdf,,7302175,,done
37,Kakching,11,11 - Kakching Khullen Turel Wangma (Maning),BEN,final,10.42,AC37_part011_final_BEN.pdf,,7501634,,done
37,Kakching,12,12 - Kakching Ningthou Leikai (Mamang),ENG,final,8.16,AC37_part012_final_ENG.pdf,,6351209,,done
37,Kakching,12,12 - Kakching Ningthou Leikai (Mamang),BEN,final,9.01,AC37_part012_final_BEN.pdf,,6525197,,done
37,Kakching,13,13 - Kakching Ningthou Leikai (Maning),ENG,final,9.41,AC37_part013_final_ENG.pdf,,7358358,,done
37,Kakching,13,13 - Kakching Ningthou Leikai (Maning),BEN,final,10.51,AC37_part013_final_BEN.pdf,,7629048,,done
37,Kakching,14,14 - Kakching Moirangthem Leikai (A),ENG,final,4.83,AC37_part014_final_ENG.pdf,,3538445,,done
37,Kakching,14,14 - Kakching Moirangthem Leikai (A),BEN,final,5.31,AC37_part014_final_BEN.pdf,,3628952,,done
37,Kakching,15,15 - Kakching Moirangthem Leikai (B),ENG,final,8.5,AC37_part015_final_ENG.pdf,,6511540,,done
37,Kakching,15,15 - Kakching Moirangthem Leikai (B),BEN,final,9.3,AC37_part015_final_BEN.pdf,,6660892,,done
37,Kakching,16,16 - Kakching Mayai Leikai (Maning),ENG,final,6.02,AC37_part016_final_ENG.pdf,,4630834,,done
37,Kakching,16,16 - Kakching Mayai Leikai (Maning),BEN,final,6.62,AC37_part016_final_BEN.pdf,,4745626,,done
37,Kakching,17,17 - Kakching Mayai Leikai (Mamang),ENG,final,7.6,AC37_part017_final_ENG.pdf,,5894428,,done
37,Kakching,17,17 - Kakching Mayai Leikai (Mamang),BEN,final,8.36,AC37_part017_final_BEN.pdf,,6038371,,done
37,Kakching,18,18 - Kakching Paji,ENG,final,11.45,AC37_part018_final_ENG.pdf,,8927134,,done
37,Kakching,18,18 - Kakching Paji,BEN,final,12.66,AC37_part018_final_BEN.pdf,,9183914,,done
37,Kakching,19,19 - Kakching Sumak Leikai (Maning),ENG,final,12.24,AC37_part019_final_ENG.pdf,,9596541,,done
37,Kakching,19,19 - Kakching Sumak Leikai (Maning),BEN,final,13.57,AC37_part019_final_BEN.pdf,,9888896,,done
37,Kakching,20,20 - Kakching Sumak Leikai (Mamang),ENG,final,9.09,AC37_part020_final_ENG.pdf,,7073974,,done
37,Kakching,20,20 - Kakching Sumak Leikai (Mamang),BEN,final,10.1,AC37_part020_final_BEN.pdf,,7295409,,done
37,Kakching,21,21 - Kakching Makha Lou and Irum Mapal,ENG,final,8.82,AC37_part021_final_ENG.pdf,,6892736,,done
37,Kakching,21,21 - Kakching Makha Lou and Irum Mapal,BEN,final,9.79,AC37_part021_final_BEN.pdf,,7105962,,done
37,Kakching,22,22 - Bijoypur Kuraopokpi and Khunuta,ENG,final,3.39,AC37_part022_final_ENG.pdf,,2385817,,done
37,Kakching,22,22 - Bijoypur Kuraopokpi and Khunuta,BEN,final,3.68,AC37_part022_final_BEN.pdf,,2438960,,done
37,Kakching,23,23 - Pallel Maning,ENG,final,7.89,AC37_part023_final_ENG.pdf,,6110770,,done
37,Kakching,23,23 - Pallel Maning,BEN,final,8.73,AC37_part023_final_BEN.pdf,,6287125,,done
37,Kakching,24,24 - Pallel Mamang Makha,ENG,final,5.71,AC37_part024_final_ENG.pdf,,4272516,,done
37,Kakching,24,24 - Pallel Mamang Makha,BEN,final,6.29,AC37_part024_final_BEN.pdf,,4399402,,done
37,Kakching,25,25 - Pallel Awang,ENG,final,6.84,AC37_part025_final_ENG.pdf,,5203277,,done
37,Kakching,25,25 - Pallel Awang,BEN,final,7.53,AC37_part025_final_BEN.pdf,,5332350,,done
37,Kakching,26,26 - Pallel Thong Wangma,ENG,final,4.92,AC37_part026_final_ENG.pdf,,3630608,,done
37,Kakching,26,26 - Pallel Thong Wangma,BEN,final,5.42,AC37_part026_final_BEN.pdf,,3734626,,done
37,Kakching,27,27 - Kakching Mayai Leikai (Makha),ENG,final,11.59,AC37_part027_final_ENG.pdf,,8971714,,done
37,Kakching,27,27 - Kakching Mayai Leikai (Makha),BEN,final,12.82,AC37_part027_final_BEN.pdf,,9227810,,done
37,Kakching,28,28 - Kakching Makha Leikai Maning,ENG,final,10.15,AC37_part028_final_ENG.pdf,,7826796,,done
37,Kakching,28,28 - Kakching Makha Leikai Maning,BEN,final,11.22,AC37_part028_final_BEN.pdf,,8041503,,done
37,Kakching,29,29 - Kakching Makha Leikai (Mamang),ENG,final,9.66,AC37_part029_final_ENG.pdf,,7443675,,done
37,Kakching,29,29 - Kakching Makha Leikai (Mamang),BEN,final,10.72,AC37_part029_final_BEN.pdf,,7670887,,done
37,Kakching,30,30 - Kakching Makha Leikai and Laithagol Leikai,ENG,final,7.9,AC37_part030_final_ENG.pdf,,5984627,,done
37,Kakching,30,30 - Kakching Makha Leikai and Laithagol Leikai,BEN,final,8.78,AC37_part030_final_BEN.pdf,,6175368,,done
37,Kakching,31,31 - Sora Mamang (A),ENG,final,9.51,AC37_part031_final_ENG.pdf,,7437786,,done
37,Kakching,31,31 - Sora Mamang (A),BEN,final,10.68,AC37_part031_final_BEN.pdf,,7760021,,done
37,Kakching,32,32 - Sora Mamang (B),ENG,final,6.73,AC37_part032_final_ENG.pdf,,5199474,,done
37,Kakching,32,32 - Sora Mamang (B),BEN,final,7.5,AC37_part032_final_BEN.pdf,,5411392,,done
37,Kakching,33,33 - Sora Mamang (C),ENG,final,8.73,AC37_part033_final_ENG.pdf,,6928427,,done
37,Kakching,33,33 - Sora Mamang (C),BEN,final,9.79,AC37_part033_final_BEN.pdf,,7216177,,done
37,Kakching,34,34 - Sora Mamang (D),ENG,final,7.69,AC37_part034_final_ENG.pdf,,6042724,,done
37,Kakching,34,34 - Sora Mamang (D),BEN,final,8.57,AC37_part034_final_BEN.pdf,,6270732,,done
37,Kakching,35,35 - Sora Maning Leikai,ENG,final,8.11,AC37_part035_final_ENG.pdf,,6406644,,done
37,Kakching,35,35 - Sora Maning Leikai,BEN,final,9.16,AC37_part035_final_BEN.pdf,,6699587,,done
37,Kakching,36,36 - Sora Khunou,ENG,final,6.66,AC37_part036_final_ENG.pdf,,5190867,,done
37,Kakching,36,36 - Sora Khunou,BEN,final,7.53,AC37_part036_final_BEN.pdf,,5455670,,done
38,Hiyanglam,1,1 - Sekmaijin (A),ENG,final,9.58,AC38_part001_final_ENG.pdf,,7513075,,done
38,Hiyanglam,1,1 - Sekmaijin (A),BEN,final,10.71,AC38_part001_final_BEN.pdf,,7778618,,done
38,Hiyanglam,2,2 - Sekmaijin (B),ENG,final,4.59,AC38_part002_final_ENG.pdf,,3367156,,done
38,Hiyanglam,2,2 - Sekmaijin (B),BEN,final,4.98,AC38_part002_final_BEN.pdf,,3417296,,done
38,Hiyanglam,3,3 - Sekmaijin Khoidum,ENG,final,4.14,AC38_part003_final_ENG.pdf,,3043846,,done
38,Hiyanglam,3,3 - Sekmaijin Khoidum,BEN,final,4.55,AC38_part003_final_BEN.pdf,,3127302,,done
38,Hiyanglam,4,4 - Sekmaijin Khunou Maning (A),ENG,final,8.88,AC38_part004_final_ENG.pdf,,6914830,,done
38,Hiyanglam,4,4 - Sekmaijin Khunou Maning (A),BEN,final,10.0,AC38_part004_final_BEN.pdf,,7195148,,done
38,Hiyanglam,5,5 - Sekmaijin Khunou Maning (B),ENG,final,8.78,AC38_part005_final_ENG.pdf,,6866635,,done
38,Hiyanglam,5,5 - Sekmaijin Khunou Maning (B),BEN,final,9.83,AC38_part005_final_BEN.pdf,,7127087,,done
38,Hiyanglam,6,6 - Hiyanglam Mayai Leikai,ENG,final,11.57,AC38_part006_final_ENG.pdf,,8977744,,done
38,Hiyanglam,6,6 - Hiyanglam Mayai Leikai,BEN,final,12.9,AC38_part006_final_BEN.pdf,,9309886,,done
38,Hiyanglam,7,7 - Hiyanglam Part (1-B),ENG,final,7.51,AC38_part007_final_ENG.pdf,,5769237,,done
38,Hiyanglam,7,7 - Hiyanglam Part (1-B),BEN,final,8.33,AC38_part007_final_BEN.pdf,,5960445,,done
38,Hiyanglam,8,8 - Hiyanglam Part (2-B),ENG,final,6.48,AC38_part008_final_ENG.pdf,,4968519,,done
38,Hiyanglam,8,8 - Hiyanglam Part (2-B),BEN,final,7.22,AC38_part008_final_BEN.pdf,,5139642,,done
38,Hiyanglam,9,9 - Hiyanglam Awang Leikai,ENG,final,8.29,AC38_part009_final_ENG.pdf,,6340880,,done
38,Hiyanglam,9,9 - Hiyanglam Awang Leikai,BEN,final,9.15,AC38_part009_final_BEN.pdf,,6543456,,done
38,Hiyanglam,10,10 - Hiyanglam Terapishak,ENG,final,6.24,AC38_part010_final_ENG.pdf,,4723672,,done
38,Hiyanglam,10,10 - Hiyanglam Terapishak,BEN,final,6.86,AC38_part010_final_BEN.pdf,,4852118,,done
38,Hiyanglam,11,11 - Hiyanglam Awang (A),ENG,final,6.86,AC38_part011_final_ENG.pdf,,5250067,,done
38,Hiyanglam,11,11 - Hiyanglam Awang (A),BEN,final,7.69,AC38_part011_final_BEN.pdf,,5438326,,done
38,Hiyanglam,12,12 - Hiyanglam Awang (B),ENG,final,6.74,AC38_part012_final_ENG.pdf,,5112876,,done
38,Hiyanglam,12,12 - Hiyanglam Awang (B),BEN,final,7.44,AC38_part012_final_BEN.pdf,,5278854,,done
38,Hiyanglam,13,13 - Laphupat Khunou Khoidum Part(1) Sekmaijin,ENG,final,5.05,AC38_part013_final_ENG.pdf,,3763334,,done
38,Hiyanglam,13,13 - Laphupat Khunou Khoidum Part(1) Sekmaijin,BEN,final,5.53,AC38_part013_final_BEN.pdf,,3833694,,done
38,Hiyanglam,14,14 - Lamjao Mayai Leikai,ENG,final,7.81,AC38_part014_final_ENG.pdf,,6016194,,done
38,Hiyanglam,14,14 - Lamjao Mayai Leikai,BEN,final,8.71,AC38_part014_final_BEN.pdf,,6216765,,done
38,Hiyanglam,15,15 - Lamjao Awang Leikai,ENG,final,6.51,AC38_part015_final_ENG.pdf,,4928051,,done
38,Hiyanglam,15,15 - Lamjao Awang Leikai,BEN,final,7.23,AC38_part015_final_BEN.pdf,,5086304,,done
38,Hiyanglam,16,16 - Lamjao Makha Leikai,ENG,final,9.37,AC38_part016_final_ENG.pdf,,7307741,,done
38,Hiyanglam,16,16 - Lamjao Makha Leikai,BEN,final,10.39,AC38_part016_final_BEN.pdf,,7519069,,done
38,Hiyanglam,17,17 - Langmeidong Mamang Leikai,ENG,final,10.96,AC38_part017_final_ENG.pdf,,8552387,,done
38,Hiyanglam,17,17 - Langmeidong Mamang Leikai,BEN,final,12.13,AC38_part017_final_BEN.pdf,,8769440,,done
38,Hiyanglam,18,18 - Langmeidong Mamang Makha Leikai,ENG,final,8.94,AC38_part018_final_ENG.pdf,,6948750,,done
38,Hiyanglam,18,18 - Langmeidong Mamang Makha Leikai,BEN,final,9.92,AC38_part018_final_BEN.pdf,,7129739,,done
38,Hiyanglam,19,19 - Langmeidong Maning Awang Leikai,ENG,final,10.56,AC38_part019_final_ENG.pdf,,8289381,,done
38,Hiyanglam,19,19 - Langmeidong Maning Awang Leikai,BEN,final,11.76,AC38_part019_final_BEN.pdf,,8531915,,done
38,Hiyanglam,20,20 - Langmeidong Maning Mayai and Makha Leikai,ENG,final,8.24,AC38_part020_final_ENG.pdf,,6330832,,done
38,Hiyanglam,20,20 - Langmeidong Maning Mayai and Makha Leikai,BEN,final,9.1,AC38_part020_final_BEN.pdf,,6479352,,done
38,Hiyanglam,21,21 - Langmeidong Maning Leikai Part (B-2),ENG,final,6.49,AC38_part021_final_ENG.pdf,,4993160,,done
38,Hiyanglam,21,21 - Langmeidong Maning Leikai Part (B-2),BEN,final,7.14,AC38_part021_final_BEN.pdf,,5090193,,done
38,Hiyanglam,22,22 - Laimanai,ENG,final,7.62,AC38_part022_final_ENG.pdf,,5834776,,done
38,Hiyanglam,22,22 - Laimanai,BEN,final,8.48,AC38_part022_final_BEN.pdf,,6028942,,done
38,Hiyanglam,23,23 - Tejpur,ENG,final,7.35,AC38_part023_final_ENG.pdf,,5620533,,done
38,Hiyanglam,23,23 - Tejpur,BEN,final,8.18,AC38_part023_final_BEN.pdf,,5816370,,done
38,Hiyanglam,24,24 - Elangkhangpokpi (A),ENG,final,9.35,AC38_part024_final_ENG.pdf,,7214221,,done
38,Hiyanglam,24,24 - Elangkhangpokpi (A),BEN,final,10.32,AC38_part024_final_BEN.pdf,,7401076,,done
38,Hiyanglam,25,25 - Elangkhangpokpi (B),ENG,final,9.18,AC38_part025_final_ENG.pdf,,7080271,,done
38,Hiyanglam,25,25 - Elangkhangpokpi (B),BEN,final,10.15,AC38_part025_final_BEN.pdf,,7285746,,done
38,Hiyanglam,26,26 - Thongjao (A),ENG,final,7.55,AC38_part026_final_ENG.pdf,,5788392,,done
38,Hiyanglam,26,26 - Thongjao (A),BEN,final,8.37,AC38_part026_final_BEN.pdf,,5972133,,done
38,Hiyanglam,27,27 - Thongjao (B),ENG,final,8.16,AC38_part027_final_ENG.pdf,,6289667,,done
38,Hiyanglam,27,27 - Thongjao (B),BEN,final,9.07,AC38_part027_final_BEN.pdf,,6479751,,done
38,Hiyanglam,28,28 - Waikhong Laimanai (A),ENG,final,7.09,AC38_part028_final_ENG.pdf,,5462179,,done
38,Hiyanglam,28,28 - Waikhong Laimanai (A),BEN,final,7.98,AC38_part028_final_BEN.pdf,,5672335,,done
38,Hiyanglam,29,29 - Waikhong Laimanai(B),ENG,final,6.03,AC38_part029_final_ENG.pdf,,4621698,,done
38,Hiyanglam,29,29 - Waikhong Laimanai(B),BEN,final,6.78,AC38_part029_final_BEN.pdf,,4801812,,done
38,Hiyanglam,30,30 - Tokpaching,ENG,final,9.39,AC38_part030_final_ENG.pdf,,7320282,,done
38,Hiyanglam,30,30 - Tokpaching,BEN,final,10.52,AC38_part030_final_BEN.pdf,,7609690,,done
38,Hiyanglam,31,31 - Sarik Konjin,ENG,final,5.92,AC38_part031_final_ENG.pdf,,4452468,,done
38,Hiyanglam,31,31 - Sarik Konjin,BEN,final,6.54,AC38_part031_final_BEN.pdf,,4582894,,done
38,Hiyanglam,32,32 - Arong Khunou,ENG,final,7.8,AC38_part032_final_ENG.pdf,,5984412,,done
38,Hiyanglam,32,32 - Arong Khunou,BEN,final,8.7,AC38_part032_final_BEN.pdf,,6201654,,done
38,Hiyanglam,33,33 - Arong Khunjao (B),ENG,final,6.99,AC38_part033_final_ENG.pdf,,5352739,,done
38,Hiyanglam,33,33 - Arong Khunjao (B),BEN,final,7.72,AC38_part033_final_BEN.pdf,,5509406,,done
38,Hiyanglam,34,34 - Arong Nongmaikhong,ENG,final,9.18,AC38_part034_final_ENG.pdf,,7095146,,done
38,Hiyanglam,34,34 - Arong Nongmaikhong,BEN,final,10.19,AC38_part034_final_BEN.pdf,,7318643,,done
38,Hiyanglam,35,35 - Thounaojam,ENG,final,8.37,AC38_part035_final_ENG.pdf,,6465573,,done
38,Hiyanglam,35,35 - Thounaojam,BEN,final,9.37,AC38_part035_final_BEN.pdf,,6696102,,done
38,Hiyanglam,36,36 - Yangdong,ENG,final,5.08,AC38_part036_final_ENG.pdf,,3756135,,done
38,Hiyanglam,36,36 - Yangdong,BEN,final,5.59,AC38_part036_final_BEN.pdf,,3862215,,done
39,Sugnoo,1,1 - Kakching Khunou Thongam,ENG,final,9.36,AC39_part001_final_ENG.pdf,,7310861,,done
39,Sugnoo,1,1 - Kakching Khunou Thongam,BEN,final,10.45,AC39_part001_final_BEN.pdf,,7580214,,done
39,Sugnoo,2,2 - Kalikalok Kaziphung,ENG,final,2.43,AC39_part002_final_ENG.pdf,,1646017,,done
39,Sugnoo,2,2 - Kalikalok Kaziphung,BEN,final,2.61,AC39_part002_final_BEN.pdf,,1673886,,done
39,Sugnoo,3,3 - Kakching Khunou Thingnam Leikai,ENG,final,8.51,AC39_part003_final_ENG.pdf,,6629117,,done
39,Sugnoo,3,3 - Kakching Khunou Thingnam Leikai,BEN,final,9.35,AC39_part003_final_BEN.pdf,,6756289,,done
39,Sugnoo,4,4 - Kakching Khunou Thingnam Ningthou Leikai,ENG,final,6.02,AC39_part004_final_ENG.pdf,,4511840,,done
39,Sugnoo,4,4 - Kakching Khunou Thingnam Ningthou Leikai,BEN,final,6.5,AC39_part004_final_BEN.pdf,,4570201,,done
39,Sugnoo,5,5 - Kakching Khunou Part (1-A) Hijam Leikai (1-A),ENG,final,8.57,AC39_part005_final_ENG.pdf,,6598590,,done
39,Sugnoo,5,5 - Kakching Khunou Part (1-A) Hijam Leikai (1-A),BEN,final,9.2,AC39_part005_final_BEN.pdf,,6660050,,done
39,Sugnoo,6,6 - Kakching Khunou Part (1-B) Hijam Leikai Cheshapat,ENG,final,8.69,AC39_part006_final_ENG.pdf,,6651524,,done
39,Sugnoo,6,6 - Kakching Khunou Part (1-B) Hijam Leikai Cheshapat,BEN,final,9.32,AC39_part006_final_BEN.pdf,,6697648,,done
39,Sugnoo,7,7 - Kakching Khunou Umathel (A),ENG,final,5.81,AC39_part007_final_ENG.pdf,,4387999,,done
39,Sugnoo,7,7 - Kakching Khunou Umathel (A),BEN,final,6.35,AC39_part007_final_BEN.pdf,,4482205,,done
39,Sugnoo,8,8 - Kakching Khunou Umathel (B),ENG,final,8.86,AC39_part008_final_ENG.pdf,,6859286,,done
39,Sugnoo,8,8 - Kakching Khunou Umathel (B),BEN,final,9.53,AC39_part008_final_BEN.pdf,,6908527,,done
39,Sugnoo,9,9 - Kakching Khunou (A),ENG,final,8.46,AC39_part009_final_ENG.pdf,,6530872,,done
39,Sugnoo,9,9 - Kakching Khunou (A),BEN,final,9.22,AC39_part009_final_BEN.pdf,,6662623,,done
39,Sugnoo,10,10 - Kakching Khunou (B),ENG,final,6.63,AC39_part010_final_ENG.pdf,,5040694,,done
39,Sugnoo,10,10 - Kakching Khunou (B),BEN,final,7.17,AC39_part010_final_BEN.pdf,,5109935,,done
39,Sugnoo,11,11 - Kakching Khunou Part (1-B),ENG,final,10.66,AC39_part011_final_ENG.pdf,,8317483,,done
39,Sugnoo,11,11 - Kakching Khunou Part (1-B),BEN,final,11.65,AC39_part011_final_BEN.pdf,,8485567,,done
39,Sugnoo,12,12 - Pangantabi Mamang,ENG,final,8.27,AC39_part012_final_ENG.pdf,,6412554,,done
39,Sugnoo,12,12 - Pangantabi Mamang,BEN,final,9.19,AC39_part012_final_BEN.pdf,,6625115,,done
39,Sugnoo,13,13 - Pangaltabi Maning,ENG,final,9.18,AC39_part013_final_ENG.pdf,,7163042,,done
39,Sugnoo,13,13 - Pangaltabi Maning,BEN,final,10.2,AC39_part013_final_BEN.pdf,,7399505,,done
39,Sugnoo,14,"14 - Wangu Shabal, Wangjing Khunou, Wangu Mamang Shabal",ENG,final,10.13,AC39_part014_final_ENG.pdf,,7969274,,done
39,Sugnoo,14,"14 - Wangu Shabal, Wangjing Khunou, Wangu Mamang Shabal",BEN,final,11.37,AC39_part014_final_BEN.pdf,,8300925,,done
39,Sugnoo,15,15 - Wangoo (A),ENG,final,8.63,AC39_part015_final_ENG.pdf,,6733265,,done
39,Sugnoo,15,15 - Wangoo (A),BEN,final,9.62,AC39_part015_final_BEN.pdf,,6976120,,done
39,Sugnoo,16,16 - Wangoo Tera-1,ENG,final,6.23,AC39_part016_final_ENG.pdf,,4760154,,done
39,Sugnoo,16,16 - Wangoo Tera-1,BEN,final,6.96,AC39_part016_final_BEN.pdf,,4955909,,done
39,Sugnoo,17,17 - Wangoo Tera-2,ENG,final,6.79,AC39_part017_final_ENG.pdf,,5228419,,done
39,Sugnoo,17,17 - Wangoo Tera-2,BEN,final,7.53,AC39_part017_final_BEN.pdf,,5415528,,done
39,Sugnoo,18,18 - Wangoo Laipham,ENG,final,11.01,AC39_part018_final_ENG.pdf,,8695138,,done
39,Sugnoo,18,18 - Wangoo Laipham,BEN,final,12.33,AC39_part018_final_BEN.pdf,,9063594,,done
39,Sugnoo,19,19 - Chairel Khongnang Leikai,ENG,final,8.21,AC39_part019_final_ENG.pdf,,6376499,,done
39,Sugnoo,19,19 - Chairel Khongnang Leikai,BEN,final,9.2,AC39_part019_final_BEN.pdf,,6636763,,done
39,Sugnoo,20,20 - Nungoo Khongyam,ENG,final,6.14,AC39_part020_final_ENG.pdf,,4670956,,done
39,Sugnoo,20,20 - Nungoo Khongyam,BEN,final,6.78,AC39_part020_final_BEN.pdf,,4811333,,done
39,Sugnoo,21,21 - Chairel Makha Leikai,ENG,final,6.76,AC39_part021_final_ENG.pdf,,5205481,,done
39,Sugnoo,21,21 - Chairel Makha Leikai,BEN,final,7.55,AC39_part021_final_BEN.pdf,,5412812,,done
39,Sugnoo,22,"22 - Tangjeng Khunjao, Mangjing & Khongyam Makha Leikai",ENG,final,6.67,AC39_part022_final_ENG.pdf,,5056255,,done
39,Sugnoo,22,"22 - Tangjeng Khunjao, Mangjing & Khongyam Makha Leikai",BEN,final,7.33,AC39_part022_final_BEN.pdf,,5186678,,done
39,Sugnoo,23,23 - Chajing Khunou Khorshantanbi,ENG,final,10.24,AC39_part023_final_ENG.pdf,,7957461,,done
39,Sugnoo,23,23 - Chajing Khunou Khorshantanbi,BEN,final,11.29,AC39_part023_final_BEN.pdf,,8166585,,done
39,Sugnoo,24,24 - Sugnoo Awang Leikai (A),ENG,final,6.37,AC39_part024_final_ENG.pdf,,4877270,,done
39,Sugnoo,24,24 - Sugnoo Awang Leikai (A),BEN,final,7.06,AC39_part024_final_BEN.pdf,,5049613,,done
39,Sugnoo,25,25 - Sugnoo Awang Leikai (A-1),ENG,final,5.85,AC39_part025_final_ENG.pdf,,4471676,,done
39,Sugnoo,25,25 - Sugnoo Awang Leikai (A-1),BEN,final,6.45,AC39_part025_final_BEN.pdf,,4603340,,done
39,Sugnoo,26,26 - Sugnoo Awang Leikai (B),ENG,final,10.71,AC39_part026_final_ENG.pdf,,8442661,,done
39,Sugnoo,26,26 - Sugnoo Awang Leikai (B),BEN,final,11.95,AC39_part026_final_BEN.pdf,,8770602,,done
39,Sugnoo,27,27 - Sugnoo Makha Leikai (A),ENG,final,7.1,AC39_part027_final_ENG.pdf,,5479740,,done
39,Sugnoo,27,27 - Sugnoo Makha Leikai (A),BEN,final,7.89,AC39_part027_final_BEN.pdf,,5682879,,done
39,Sugnoo,28,28 - Sugnoo Makha Leikai (B),ENG,final,6.53,AC39_part028_final_ENG.pdf,,4955329,,done
39,Sugnoo,28,28 - Sugnoo Makha Leikai (B),BEN,final,7.23,AC39_part028_final_BEN.pdf,,5126410,,done
39,Sugnoo,29,"29 - Serou Part (1) Mayai, Makha Leikai",ENG,final,7.48,AC39_part029_final_ENG.pdf,,5736572,,done
39,Sugnoo,29,"29 - Serou Part (1) Mayai, Makha Leikai",BEN,final,8.28,AC39_part029_final_BEN.pdf,,5925473,,done
39,Sugnoo,30,30 - Serou Part (2) Awang Leikai Bazar,ENG,final,10.91,AC39_part030_final_ENG.pdf,,8598558,,done
39,Sugnoo,30,30 - Serou Part (2) Awang Leikai Bazar,BEN,final,12.02,AC39_part030_final_BEN.pdf,,8819937,,done
39,Sugnoo,31,31 - Serou Part (3),ENG,final,9.37,AC39_part031_final_ENG.pdf,,7418150,,done
39,Sugnoo,31,31 - Serou Part (3),BEN,final,10.24,AC39_part031_final_BEN.pdf,,7579125,,done
39,Sugnoo,32,32 - Serou Part (2),ENG,final,7.41,AC39_part032_final_ENG.pdf,,5811975,,done
39,Sugnoo,32,32 - Serou Part (2),BEN,final,8.12,AC39_part032_final_BEN.pdf,,5948066,,done
39,Sugnoo,33,33 - Waikhong Ningthoumanai,ENG,final,9.27,AC39_part033_final_ENG.pdf,,7280468,,done
39,Sugnoo,33,33 - Waikhong Ningthoumanai,BEN,final,10.33,AC39_part033_final_BEN.pdf,,7526759,,done
39,Sugnoo,34,34 - Wangoo Warukok,ENG,final,4.11,AC39_part034_final_ENG.pdf,,2993885,,done
39,Sugnoo,34,34 - Wangoo Warukok,BEN,final,4.51,AC39_part034_final_BEN.pdf,,3073077,,done
39,Sugnoo,35,35 - Wangoo Laipham Awang Leikai,ENG,final,8.75,AC39_part035_final_ENG.pdf,,6821117,,done
39,Sugnoo,35,35 - Wangoo Laipham Awang Leikai,BEN,final,9.69,AC39_part035_final_BEN.pdf,,7058497,,done
40,Jiribam,1,1 - Kalinagar (A),ENG,final,7.14,AC40_part001_final_ENG.pdf,,5493135,,done
40,Jiribam,1,1 - Kalinagar (A),BEN,final,7.97,AC40_part001_final_BEN.pdf,,5705499,,done
40,Jiribam,2,2 - Kalinagar (B),ENG,final,6.06,AC40_part002_final_ENG.pdf,,4629371,,done
40,Jiribam,2,2 - Kalinagar (B),BEN,final,6.69,AC40_part002_final_BEN.pdf,,4776460,,done
40,Jiribam,3,3 - Babupara (A),ENG,final,7.96,AC40_part003_final_ENG.pdf,,6169892,,done
40,Jiribam,3,3 - Babupara (A),BEN,final,8.91,AC40_part003_final_BEN.pdf,,6420270,,done
40,Jiribam,4,4 - Babupara (B),ENG,final,6.9,AC40_part004_final_ENG.pdf,,5360787,,done
40,Jiribam,4,4 - Babupara (B),BEN,final,7.72,AC40_part004_final_BEN.pdf,,5578034,,done
40,Jiribam,5,5 - Babupara (C),ENG,final,8.88,AC40_part005_final_ENG.pdf,,6901489,,done
40,Jiribam,5,5 - Babupara (C),BEN,final,9.99,AC40_part005_final_BEN.pdf,,7209993,,done
40,Jiribam,6,6 - Dibong,ENG,final,8.06,AC40_part006_final_ENG.pdf,,6303284,,done
40,Jiribam,6,6 - Dibong,BEN,final,9.0,AC40_part006_final_BEN.pdf,,6539881,,done
40,Jiribam,7,7 - Kadamtala,ENG,final,4.77,AC40_part007_final_ENG.pdf,,3598956,,done
40,Jiribam,7,7 - Kadamtala,BEN,final,5.3,AC40_part007_final_BEN.pdf,,3725606,,done
40,Jiribam,8,8 - Islamabad,ENG,final,7.25,AC40_part008_final_ENG.pdf,,5714079,,done
40,Jiribam,8,8 - Islamabad,BEN,final,8.15,AC40_part008_final_BEN.pdf,,5968067,,done
40,Jiribam,9,9 - Chingdong Leikai,ENG,final,6.71,AC40_part009_final_ENG.pdf,,5139844,,done
40,Jiribam,9,9 - Chingdong Leikai,BEN,final,7.55,AC40_part009_final_BEN.pdf,,5368265,,done
40,Jiribam,10,10 - Champanagar,ENG,final,8.33,AC40_part010_final_ENG.pdf,,6492344,,done
40,Jiribam,10,10 - Champanagar,BEN,final,9.29,AC40_part010_final_BEN.pdf,,6739331,,done
40,Jiribam,11,11 - Chandrapur,ENG,final,9.51,AC40_part011_final_ENG.pdf,,7593009,,done
40,Jiribam,11,11 - Chandrapur,BEN,final,10.71,AC40_part011_final_BEN.pdf,,7916385,,done
40,Jiribam,12,12 - Hilghat (A),ENG,final,10.75,AC40_part012_final_ENG.pdf,,8622774,,done
40,Jiribam,12,12 - Hilghat (A),BEN,final,12.14,AC40_part012_final_BEN.pdf,,9020293,,done
40,Jiribam,13,13 - Hilghat (B),ENG,final,7.75,AC40_part013_final_ENG.pdf,,6052563,,done
40,Jiribam,13,13 - Hilghat (B),BEN,final,8.71,AC40_part013_final_BEN.pdf,,6301588,,done
40,Jiribam,14,14 - Hilghat Khunou,ENG,final,10.12,AC40_part014_final_ENG.pdf,,7980155,,done
40,Jiribam,14,14 - Hilghat Khunou,BEN,final,11.37,AC40_part014_final_BEN.pdf,,8275646,,done
40,Jiribam,15,15 - Uchathol,ENG,final,7.49,AC40_part015_final_ENG.pdf,,5838972,,done
40,Jiribam,15,15 - Uchathol,BEN,final,8.41,AC40_part015_final_BEN.pdf,,6085877,,done
40,Jiribam,16,16 - Boroikhal,ENG,final,1.27,AC40_part016_final_ENG.pdf,,719242,,done
40,Jiribam,16,16 - Boroikhal,BEN,final,1.34,AC40_part016_final_BEN.pdf,,724233,,done
40,Jiribam,17,17 - Babukhal,ENG,final,2.6,AC40_part017_final_ENG.pdf,,1781926,,done
40,Jiribam,17,17 - Babukhal,BEN,final,2.86,AC40_part017_final_BEN.pdf,,1841221,,done
40,Jiribam,18,18 - Aglapur,ENG,final,5.97,AC40_part018_final_ENG.pdf,,4742462,,done
40,Jiribam,18,18 - Aglapur,BEN,final,6.78,AC40_part018_final_BEN.pdf,,4986454,,done
40,Jiribam,19,19 - Lalpani,ENG,final,9.47,AC40_part019_final_ENG.pdf,,7561482,,done
40,Jiribam,19,19 - Lalpani,BEN,final,10.72,AC40_part019_final_BEN.pdf,,7947689,,done
40,Jiribam,20,20 - Rashidpur,ENG,final,5.4,AC40_part020_final_ENG.pdf,,4123058,,done
40,Jiribam,20,20 - Rashidpur,BEN,final,6.1,AC40_part020_final_BEN.pdf,,4336429,,done
40,Jiribam,21,21 - Sonapur (A),ENG,final,8.25,AC40_part021_final_ENG.pdf,,6551745,,done
40,Jiribam,21,21 - Sonapur (A),BEN,final,9.34,AC40_part021_final_BEN.pdf,,6886474,,done
40,Jiribam,22,22 - Sonapur (B),ENG,final,6.56,AC40_part022_final_ENG.pdf,,5240072,,done
40,Jiribam,22,22 - Sonapur (B),BEN,final,7.43,AC40_part022_final_BEN.pdf,,5502529,,done
40,Jiribam,23,23 - Ahmedabad,ENG,final,10.72,AC40_part023_final_ENG.pdf,,8643248,,done
40,Jiribam,23,23 - Ahmedabad,BEN,final,12.17,AC40_part023_final_BEN.pdf,,9086733,,done
40,Jiribam,24,24 - Kashimpur,ENG,final,8.53,AC40_part024_final_ENG.pdf,,6773882,,done
40,Jiribam,24,24 - Kashimpur,BEN,final,9.67,AC40_part024_final_BEN.pdf,,7115969,,done
40,Jiribam,25,25 - Jairolpokpi,ENG,final,8.03,AC40_part025_final_ENG.pdf,,6345835,,done
40,Jiribam,25,25 - Jairolpokpi,BEN,final,9.02,AC40_part025_final_BEN.pdf,,6620248,,done
40,Jiribam,26,26 - Leishabithol,ENG,final,8.54,AC40_part026_final_ENG.pdf,,6733444,,done
40,Jiribam,26,26 - Leishabithol,BEN,final,9.64,AC40_part026_final_BEN.pdf,,7053863,,done
40,Jiribam,27,27 - Latingkhal (A),ENG,final,7.68,AC40_part027_final_ENG.pdf,,6061739,,done
40,Jiribam,27,27 - Latingkhal (A),BEN,final,8.46,AC40_part027_final_BEN.pdf,,6246403,,done
40,Jiribam,28,28 - Latingkhal (B),ENG,final,6.94,AC40_part028_final_ENG.pdf,,5376220,,done
40,Jiribam,28,28 - Latingkhal (B),BEN,final,7.67,AC40_part028_final_BEN.pdf,,5558718,,done
40,Jiribam,29,29 - Nungphou,ENG,final,6.1,AC40_part029_final_ENG.pdf,,4666316,,done
40,Jiribam,29,29 - Nungphou,BEN,final,6.68,AC40_part029_final_BEN.pdf,,4792263,,done
40,Jiribam,30,30 - Tilka,ENG,final,6.52,AC40_part030_final_ENG.pdf,,5129714,,done
40,Jiribam,30,30 - Tilka,BEN,final,7.22,AC40_part030_final_BEN.pdf,,5299394,,done
40,Jiribam,31,31 - Baiboni,ENG,final,6.2,AC40_part031_final_ENG.pdf,,4748852,,done
40,Jiribam,31,31 - Baiboni,BEN,final,6.83,AC40_part031_final_BEN.pdf,,4891716,,done
40,Jiribam,32,32 - Bhutangkhal,ENG,final,8.1,AC40_part032_final_ENG.pdf,,6439939,,done
40,Jiribam,32,32 - Bhutangkhal,BEN,final,8.96,AC40_part032_final_BEN.pdf,,6647801,,done
40,Jiribam,33,33 - Chhotobekra,ENG,final,7.04,AC40_part033_final_ENG.pdf,,5555280,,done
40,Jiribam,33,33 - Chhotobekra,BEN,final,7.81,AC40_part033_final_BEN.pdf,,5745366,,done
40,Jiribam,34,34 - Borobekra,ENG,final,7.41,AC40_part034_final_ENG.pdf,,5801541,,done
40,Jiribam,34,34 - Borobekra,BEN,final,8.3,AC40_part034_final_BEN.pdf,,6045855,,done
40,Jiribam,35,35 - Goakhal,ENG,final,6.11,AC40_part035_final_ENG.pdf,,4734138,,done
40,Jiribam,35,35 - Goakhal,BEN,final,6.78,AC40_part035_final_BEN.pdf,,4900652,,done
40,Jiribam,36,36 - Jakuradhor (A),ENG,final,10.03,AC40_part036_final_ENG.pdf,,8019865,,done
40,Jiribam,36,36 - Jakuradhor (A),BEN,final,11.08,AC40_part036_final_BEN.pdf,,8289685,,done
40,Jiribam,37,37 - Bhowmikpara,ENG,final,8.83,AC40_part037_final_ENG.pdf,,7074381,,done
40,Jiribam,37,37 - Bhowmikpara,BEN,final,9.97,AC40_part037_final_BEN.pdf,,7405795,,done
40,Jiribam,38,38 - Narayanpur,ENG,final,4.46,AC40_part038_final_ENG.pdf,,3397751,,done
40,Jiribam,38,38 - Narayanpur,BEN,final,4.87,AC40_part038_final_BEN.pdf,,3484941,,done
40,Jiribam,39,39 - Jakuradhor (B),ENG,final,5.78,AC40_part039_final_ENG.pdf,,4488169,,done
40,Jiribam,39,39 - Jakuradhor (B),BEN,final,6.42,AC40_part039_final_BEN.pdf,,4654926,,done
40,Jiribam,40,40 - Durgapur,ENG,final,6.95,AC40_part040_final_ENG.pdf,,5470523,,done
40,Jiribam,40,40 - Durgapur,BEN,final,7.76,AC40_part040_final_BEN.pdf,,5679797,,done
41,Chandel,1,1 - Purum Pantha,ENG,final,4.9,AC41_part001_final_ENG.pdf,,3717236,,done
41,Chandel,2,2 - Purum Khullen,ENG,final,5.42,AC41_part002_final_ENG.pdf,,4199135,,done
41,Chandel,3,3 - Wangparal,ENG,final,5.65,AC41_part003_final_ENG.pdf,,4407600,,done
41,Chandel,4,4 - Salemthar,ENG,final,4.22,AC41_part004_final_ENG.pdf,,3159102,,done
41,Chandel,5,5 - Thamlapokpi,ENG,final,4.15,AC41_part005_final_ENG.pdf,,3125596,,done
41,Chandel,6,6 - Heigru Tampak,ENG,final,3.54,AC41_part006_final_ENG.pdf,,2574972,,done
41,Chandel,7,7 - Leipung Tampak,ENG,final,5.8,AC41_part007_final_ENG.pdf,,4453275,,done
41,Chandel,8,8 - Thamla Khuren,ENG,final,5.3,AC41_part008_final_ENG.pdf,,4098857,,done
41,Chandel,9,9 - Lamkang Khunou,ENG,final,3.61,AC41_part009_final_ENG.pdf,,2736690,,done
41,Chandel,10,10 - Betuk Shangreng,ENG,final,4.86,AC41_part010_final_ENG.pdf,,3664891,,done
41,Chandel,11,11 - Mitong,ENG,final,2.76,AC41_part011_final_ENG.pdf,,1988472,,done
41,Chandel,12,12 - Tarao Laimanai,ENG,final,3.45,AC41_part012_final_ENG.pdf,,2543997,,done
41,Chandel,13,13 - Liwa Sarei,ENG,final,5.81,AC41_part013_final_ENG.pdf,,4455690,,done
41,Chandel,14,14 - New Chayang,ENG,final,5.62,AC41_part014_final_ENG.pdf,,4299650,,done
41,Chandel,15,15 - Aihang,ENG,final,4.56,AC41_part015_final_ENG.pdf,,3476797,,done
41,Chandel,16,16 - Charangching Khullen,ENG,final,5.15,AC41_part016_final_ENG.pdf,,3892629,,done
41,Chandel,17,17 - Japhou Bazar Part-I(A),ENG,final,5.38,AC41_part017_final_ENG.pdf,,4108005,,done
41,Chandel,18,18 - Japhou Bazar Part-I(C),ENG,final,5.78,AC41_part018_final_ENG.pdf,,4383355,,done
41,Chandel,19,19 - Japhou Bazar Part-I(B),ENG,final,9.78,AC41_part019_final_ENG.pdf,,7883960,,done
41,Chandel,20,20 - Kanankhu,ENG,final,9.72,AC41_part020_final_ENG.pdf,,7787467,,done
41,Chandel,21,21 - Chengkhu(Hongbiban),ENG,final,5.01,AC41_part021_final_ENG.pdf,,3881922,,done
41,Chandel,22,22 - Angkhel Chayang,ENG,final,3.57,AC41_part022_final_ENG.pdf,,2655847,,done
41,Chandel,23,23 - Monsang Pantha,ENG,final,4.75,AC41_part023_final_ENG.pdf,,3605802,,done
41,Chandel,24,24 - Japhou,ENG,final,6.08,AC41_part024_final_ENG.pdf,,4694838,,done
41,Chandel,25,25 - Khongjon,ENG,final,3.56,AC41_part025_final_ENG.pdf,,2661949,,done
41,Chandel,26,26 - Mantri Pantha,ENG,final,4.73,AC41_part026_final_ENG.pdf,,3639893,,done
41,Chandel,27,27 - Lambung,ENG,final,7.56,AC41_part027_final_ENG.pdf,,6019054,,done
41,Chandel,28,28 - Chandel Christian,ENG,final,4.59,AC41_part028_final_ENG.pdf,,3473221,,done
41,Chandel,29,29 - Modi,ENG,final,7.76,AC41_part029_final_ENG.pdf,,6210085,,done
41,Chandel,30,30 - Hnatham,ENG,final,6.25,AC41_part030_final_ENG.pdf,,4851973,,done
41,Chandel,31,31 - Mahoutera,ENG,final,8.34,AC41_part031_final_ENG.pdf,,6625281,,done
41,Chandel,32,32 - Tonsen,ENG,final,5.01,AC41_part032_final_ENG.pdf,,3960557,,done
41,Chandel,33,33 - Unupat,ENG,final,7.51,AC41_part033_final_ENG.pdf,,6003296,,done
41,Chandel,34,34 - Khambathel,ENG,final,8.2,AC41_part034_final_ENG.pdf,,6605415,,done
41,Chandel,35,35 - Berukhudam,ENG,final,4.53,AC41_part035_final_ENG.pdf,,3504837,,done
41,Chandel,36,36 - Phiran Khullen,ENG,final,3.97,AC41_part036_final_ENG.pdf,,2994952,,done
41,Chandel,37,37 - Larong Khullen,ENG,final,5.69,AC41_part037_final_ENG.pdf,,4460491,,done
41,Chandel,38,38 - Larong Khunou,ENG,final,2.63,AC41_part038_final_ENG.pdf,,1793645,,done
41,Chandel,39,39 - Duthang,ENG,final,2.63,AC41_part039_final_ENG.pdf,,1888840,,done
41,Chandel,40,40 - Anal Khullen,ENG,final,3.75,AC41_part040_final_ENG.pdf,,2838949,,done
41,Chandel,41,41 - Singtom,ENG,final,7.22,AC41_part041_final_ENG.pdf,,5803531,,done
41,Chandel,42,42 - Sugnu Tribal,ENG,final,4.72,AC41_part042_final_ENG.pdf,,3662071,,done
41,Chandel,43,43 - Boljang Tampak,ENG,final,6.26,AC41_part043_final_ENG.pdf,,4910160,,done
41,Chandel,44,44 - Sugnu Langching,ENG,final,4.69,AC41_part044_final_ENG.pdf,,3530529,,done
41,Chandel,45,45 - Sugnu Lamhang,ENG,final,8.35,AC41_part045_final_ENG.pdf,,6730345,,done
41,Chandel,46,46 - Toupokpi,ENG,final,5.62,AC41_part046_final_ENG.pdf,,4375287,,done
41,Chandel,47,47 - Nungpan,ENG,final,4.83,AC41_part047_final_ENG.pdf,,3691370,,done
41,Chandel,48,48 - Y Thingkangphai,ENG,final,8.51,AC41_part048_final_ENG.pdf,,6864418,,done
41,Chandel,49,49 - Tampi,ENG,final,6.3,AC41_part049_final_ENG.pdf,,4938663,,done
41,Chandel,50,50 - Anal Khunou,ENG,final,6.21,AC41_part050_final_ENG.pdf,,4863873,,done
41,Chandel,51,51 - Charongching,ENG,final,4.76,AC41_part051_final_ENG.pdf,,3691479,,done
41,Chandel,52,52 - Paraolon,ENG,final,5.31,AC41_part052_final_ENG.pdf,,4154943,,done
41,Chandel,53,53 - Chakpikarong,ENG,final,7.37,AC41_part053_final_ENG.pdf,,5889933,,done
41,Chandel,54,54 - Rungchang,ENG,final,6.11,AC41_part054_final_ENG.pdf,,4813551,,done
41,Chandel,55,55 - Salluk,ENG,final,5.67,AC41_part055_final_ENG.pdf,,4450209,,done
41,Chandel,56,56 - Akaphe,ENG,final,5.63,AC41_part056_final_ENG.pdf,,4449142,,done
41,Chandel,57,57 - Longja,ENG,final,5.31,AC41_part057_final_ENG.pdf,,4149505,,done
41,Chandel,58,58 - Teiyang,ENG,final,4.23,AC41_part058_final_ENG.pdf,,3237606,,done
41,Chandel,59,59 - Khubung Khunou,ENG,final,4.08,AC41_part059_final_ENG.pdf,4279934,2990125,18,done
41,Chandel,60,60 - Khubung Khullen,ENG,final,3.69,AC41_part060_final_ENG.pdf,3871558,2872013,19,done
41,Chandel,61,61 - Paldai,ENG,final,9.54,AC41_part061_final_ENG.pdf,,7749748,,done
41,Chandel,62,62 - Molphei,ENG,final,7.11,AC41_part062_final_ENG.pdf,,5689647,,done
41,Chandel,63,63 - Mombi,ENG,final,3.25,AC41_part063_final_ENG.pdf,,2393831,,done
41,Chandel,64,64 - Khangbarol,ENG,final,3.38,AC41_part064_final_ENG.pdf,,2505844,,done
41,Chandel,65,65 - Lamphei,ENG,final,2.81,AC41_part065_final_ENG.pdf,,2069503,,done
41,Chandel,66,66 - K Savompa,ENG,final,3.64,AC41_part066_final_ENG.pdf,,2766759,,done
41,Chandel,67,67 - New Songjang,ENG,final,4.55,AC41_part067_final_ENG.pdf,,3456105,,done
41,Chandel,68,68 - Sajik Tampak,ENG,final,10.69,AC41_part068_final_ENG.pdf,,8695432,,done
41,Chandel,69,69 - Joupi,ENG,final,5.77,AC41_part069_final_ENG.pdf,,4525382,,done
41,Chandel,70,70 - Changpol,ENG,final,4.35,AC41_part070_final_ENG.pdf,,3357335,,done
41,Chandel,71,71 - Gamphajol,ENG,final,6.32,AC41_part071_final_ENG.pdf,,4881511,,done
41,Chandel,72,72 - Khengjoi,ENG,final,5.81,AC41_part072_final_ENG.pdf,,4614772,,done
41,Chandel,73,73 - Sehlon,ENG,final,2.76,AC41_part073_final_ENG.pdf,,2025213,,done
41,Chandel,74,74 - Hengsi,ENG,final,3.95,AC41_part074_final_ENG.pdf,,3058077,,done
41,Chandel,75,75 - Aisi,ENG,final,5.39,AC41_part075_final_ENG.pdf,,4262205,,done
41,Chandel,76,76 - Molngat,ENG,final,4.24,AC41_part076_final_ENG.pdf,,3213726,,done
41,Chandel,77,77 - Wayang,ENG,final,5.78,AC41_part077_final_ENG.pdf,,4498392,,done
41,Chandel,78,78 - Yangoulen,ENG,final,7.39,AC41_part078_final_ENG.pdf,,5890983,,done
41,Chandel,79,79 - Molcham,ENG,final,8.84,AC41_part079_final_ENG.pdf,,7146768,,done
41,Chandel,80,80 - New Samtal,ENG,final,6.05,AC41_part080_final_ENG.pdf,,4752698,,done
42,Tengnoupal,1,1 - Tollen,ENG,final,3.33,AC42_part001_final_ENG.pdf,,2452802,,done
42,Tengnoupal,2,2 - Khoibu,ENG,final,4.73,AC42_part002_final_ENG.pdf,,3608291,,done
42,Tengnoupal,3,3 - Heinoukhong,ENG,final,5.32,AC42_part003_final_ENG.pdf,,4070936,,done
42,Tengnoupal,4,4 - Mumlo Ringpam,ENG,final,4.58,AC42_part004_final_ENG.pdf,,3461507,,done
42,Tengnoupal,5,5 - Laiching Minou,ENG,final,7.09,AC42_part005_final_ENG.pdf,,5717665,,done
42,Tengnoupal,6,6 - Khangshim,ENG,final,6.59,AC42_part006_final_ENG.pdf,,5166024,,done
42,Tengnoupal,7,7 - Nungourok,ENG,final,6.54,AC42_part007_final_ENG.pdf,,5309400,,done
42,Tengnoupal,8,8 - Kangsang,ENG,final,6.92,AC42_part008_final_ENG.pdf,,5434320,,done
42,Tengnoupal,9,9 - Maipouching,ENG,final,6.57,AC42_part009_final_ENG.pdf,6894143,5139880,29,done
42,Tengnoupal,10,10 - Khunbi Khunou,ENG,final,3.95,AC42_part010_final_ENG.pdf,,2899109,,done
42,Tengnoupal,11,11 - Tuishimi,ENG,final,5.28,AC42_part011_final_ENG.pdf,,4033690,,done
42,Tengnoupal,12,12 - Maringphai,ENG,final,4.48,AC42_part012_final_ENG.pdf,,3278863,,done
42,Tengnoupal,13,13 - Saibol,ENG,final,7.71,AC42_part013_final_ENG.pdf,,6085886,,done
42,Tengnoupal,14,14 - Khulsaibung (A),ENG,final,4.47,AC42_part014_final_ENG.pdf,,3362138,,done
42,Tengnoupal,15,15 - Khulsaibung (B),ENG,final,4.69,AC42_part015_final_ENG.pdf,,3544532,,done
42,Tengnoupal,16,16 - Machi (A),ENG,final,8.21,AC42_part016_final_ENG.pdf,8613364,6436371,34,done
42,Tengnoupal,17,17 - Machi (B),ENG,final,2.56,AC42_part017_final_ENG.pdf,,1765341,,done
42,Tengnoupal,18,18 - Konaitong,ENG,final,5.32,AC42_part018_final_ENG.pdf,,3990604,,done
42,Tengnoupal,19,19 - Lamlong Khullen (A),ENG,final,2.66,AC42_part019_final_ENG.pdf,,1873936,,done
42,Tengnoupal,20,20 - Lamlong Khullen (B),ENG,final,8.11,AC42_part020_final_ENG.pdf,,6374506,,done
42,Tengnoupal,21,21 - Langol (A),ENG,final,6.53,AC42_part021_final_ENG.pdf,,5087953,,done
42,Tengnoupal,22,22 - Langol (B),ENG,final,5.43,AC42_part022_final_ENG.pdf,,4126619,,done
42,Tengnoupal,23,23 - Khunbi,ENG,final,7.57,AC42_part023_final_ENG.pdf,,5927715,,done
42,Tengnoupal,24,24 - Kangoi,ENG,final,4.11,AC42_part024_final_ENG.pdf,,3113238,,done
42,Tengnoupal,25,25 - Phunchong,ENG,final,4.36,AC42_part025_final_ENG.pdf,,3335999,,done
42,Tengnoupal,26,26 - Kangoi Khuningsi,ENG,final,5.88,AC42_part026_final_ENG.pdf,,4760898,,done
42,Tengnoupal,27,27 - Sita,ENG,final,5.82,AC42_part027_final_ENG.pdf,,4610887,,done
42,Tengnoupal,28,28 - Bongli,ENG,final,6.6,AC42_part028_final_ENG.pdf,,5195199,,done
42,Tengnoupal,29,29 - Khudei Khullen,ENG,final,5.53,AC42_part029_final_ENG.pdf,,4229159,,done
42,Tengnoupal,30,30 - Aimol Khullen,ENG,final,8.17,AC42_part030_final_ENG.pdf,,6507198,,done
42,Tengnoupal,31,31 - Aimol Chingnunghut,ENG,final,6.96,AC42_part031_final_ENG.pdf,,5426788,,done
42,Tengnoupal,32,32 - Molnom,ENG,final,4.2,AC42_part032_final_ENG.pdf,,3127438,,done
42,Tengnoupal,33,33 - Molnoi,ENG,final,10.05,AC42_part033_final_ENG.pdf,,8064822,,done
42,Tengnoupal,34,34 - Phunal Sambum,ENG,final,5.15,AC42_part034_final_ENG.pdf,,3939253,,done
42,Tengnoupal,35,35 - Khudei Khunou,ENG,final,6.55,AC42_part035_final_ENG.pdf,,5106785,,done
42,Tengnoupal,36,36 - Purum Tampak,ENG,final,5.4,AC42_part036_final_ENG.pdf,,4216387,,done
42,Tengnoupal,37,37 - Komlathabi,ENG,final,8.04,AC42_part037_final_ENG.pdf,,6194571,,done
42,Tengnoupal,38,38 - Liwa Changning,ENG,final,6.35,AC42_part038_final_ENG.pdf,,4868191,,done
42,Tengnoupal,39,39 - Purum Chumbang,ENG,final,9.21,AC42_part039_final_ENG.pdf,,7356304,,done
42,Tengnoupal,40,40 - Saivom,ENG,final,3.82,AC42_part040_final_ENG.pdf,,2878020,,done
42,Tengnoupal,41,41 - Chellep,ENG,final,2.9,AC42_part041_final_ENG.pdf,,2276492,,done
42,Tengnoupal,42,42 - Rilram Centre,ENG,final,4.93,AC42_part042_final_ENG.pdf,,3738896,,done
42,Tengnoupal,43,43 - Kambang Khulen,ENG,final,6.08,AC42_part043_final_ENG.pdf,,4694336,,done
42,Tengnoupal,44,44 - Lamlong Khunou,ENG,final,4.89,AC42_part044_final_ENG.pdf,,3760612,,done
42,Tengnoupal,45,45 - Satang,ENG,final,2.73,AC42_part045_final_ENG.pdf,,1802984,,done
42,Tengnoupal,46,46 - Leibi,ENG,final,6.44,AC42_part046_final_ENG.pdf,,4990486,,done
42,Tengnoupal,47,47 - Tengnoupal (A),ENG,final,8.06,AC42_part047_final_ENG.pdf,,6429255,,done
42,Tengnoupal,48,48 - Tengnoupal (B),ENG,final,3.95,AC42_part048_final_ENG.pdf,,3000966,,done
42,Tengnoupal,49,49 - Khongkhang,ENG,final,2.96,AC42_part049_final_ENG.pdf,,2049608,,done
42,Tengnoupal,50,50 - Angbrasu,ENG,final,2.43,AC42_part050_final_ENG.pdf,,1711251,,done
42,Tengnoupal,51,51 - Kwatha,ENG,final,3.04,AC42_part051_final_ENG.pdf,,2125768,,done
42,Tengnoupal,52,52 - Sibong Khudengthabi,ENG,final,4.96,AC42_part052_final_ENG.pdf,,3712456,,done
42,Tengnoupal,53,53 - Moreh Ward No. I (A),ENG,final,7.03,AC42_part053_final_ENG.pdf,,5496303,,done
42,Tengnoupal,54,54 - Moreh Ward No. I (B),ENG,final,4.71,AC42_part054_final_ENG.pdf,,3517606,,done
42,Tengnoupal,55,55 - Moreh Ward No. II (A),ENG,final,5.71,AC42_part055_final_ENG.pdf,,4355669,,done
42,Tengnoupal,56,56 - Moreh Ward No. II (B),ENG,final,4.11,AC42_part056_final_ENG.pdf,,2994041,,done
42,Tengnoupal,57,57 - Moreh Ward No. II (C),ENG,final,5.04,AC42_part057_final_ENG.pdf,,3818069,,done
42,Tengnoupal,58,58 - Moreh Ward No. II (D),ENG,final,4.78,AC42_part058_final_ENG.pdf,,3646282,,done
42,Tengnoupal,59,59 - Moreh Ward No. III (A),ENG,final,6.03,AC42_part059_final_ENG.pdf,,4637449,,done
42,Tengnoupal,60,60 - Moreh Ward No. III (B),ENG,final,4.4,AC42_part060_final_ENG.pdf,,3220773,,done
42,Tengnoupal,61,61 - Moreh Ward No. IV,ENG,final,3.9,AC42_part061_final_ENG.pdf,,2788487,,done
42,Tengnoupal,62,62 - Moreh Ward No. V (A),ENG,final,4.07,AC42_part062_final_ENG.pdf,,2969082,,done
42,Tengnoupal,63,63 - Moreh Ward No. V (B),ENG,final,7.16,AC42_part063_final_ENG.pdf,,5636913,,done
42,Tengnoupal,64,64 - Moreh Ward No. VI,ENG,final,4.12,AC42_part064_final_ENG.pdf,,3015352,,done
42,Tengnoupal,65,65 - Moreh Ward No. VII (A),ENG,final,9.46,AC42_part065_final_ENG.pdf,,7467777,,done
42,Tengnoupal,66,66 - Moreh Ward No. VII (B),ENG,final,5.76,AC42_part066_final_ENG.pdf,,4421642,,done
42,Tengnoupal,67,67 - Moreh Ward No. VII (C),ENG,final,7.3,AC42_part067_final_ENG.pdf,,5677158,,done
42,Tengnoupal,68,68 - Moreh Ward No. VII (D),ENG,final,3.84,AC42_part068_final_ENG.pdf,,2699074,,done
42,Tengnoupal,69,69 - Moreh Ward No. VIII,ENG,final,7.53,AC42_part069_final_ENG.pdf,,5840107,,done
42,Tengnoupal,70,70 - Moreh Ward No. IX (A),ENG,final,11.74,AC42_part070_final_ENG.pdf,,9368256,,done
42,Tengnoupal,71,71 - Moreh Ward No. IX (B),ENG,final,8.5,AC42_part071_final_ENG.pdf,,6920414,,done
42,Tengnoupal,72,72 - T. Bongmol,ENG,final,4.81,AC42_part072_final_ENG.pdf,,3635526,,done
42,Tengnoupal,73,73 - T. Khonomjang,ENG,final,3.79,AC42_part073_final_ENG.pdf,,2782301,,done
42,Tengnoupal,74,74 - D. Mounnaphai,ENG,final,5.37,AC42_part074_final_ENG.pdf,,4188884,,done
43,Phungyar,1,1 - Leishi,ENG,final,4.02,AC43_part001_final_ENG.pdf,,2942604,,done
43,Phungyar,2,2 - Koso,ENG,final,4.21,AC43_part002_final_ENG.pdf,,3119723,,done
43,Phungyar,3,3 - Hundung Goda,ENG,final,3.26,AC43_part003_final_ENG.pdf,,2354700,,done
43,Phungyar,4,4 - Shakok,ENG,final,2.73,AC43_part004_final_ENG.pdf,,1841380,,done
43,Phungyar,5,5 - Phalang,ENG,final,3.69,AC43_part005_final_ENG.pdf,,2655245,,done
43,Phungyar,6,6 - Lungphu,ENG,final,5.83,AC43_part006_final_ENG.pdf,,4423219,,done
43,Phungyar,7,7 - Marou,ENG,final,5.85,AC43_part007_final_ENG.pdf,,4418766,,done
43,Phungyar,8,8 - Thawai (T),ENG,final,9.6,AC43_part008_final_ENG.pdf,,7478132,,done
43,Phungyar,9,9 - Sikibung (T),ENG,final,5.35,AC43_part009_final_ENG.pdf,,4015924,,done
43,Phungyar,10,10 - Leinangching,ENG,final,6.01,AC43_part010_final_ENG.pdf,,4612307,,done
43,Phungyar,11,11 - Loutei Riha (T),ENG,final,6.94,AC43_part011_final_ENG.pdf,,5365909,,done
43,Phungyar,12,12 - Chadong (T),ENG,final,4.58,AC43_part012_final_ENG.pdf,,3326371,,done
43,Phungyar,13,13 - Chadong,ENG,final,4.94,AC43_part013_final_ENG.pdf,,3673437,,done
43,Phungyar,14,14 - Ramrei Khullen,ENG,final,6.52,AC43_part014_final_ENG.pdf,,4907313,,done
43,Phungyar,15,15 - Ramrei Khunou,ENG,final,4.51,AC43_part015_final_ENG.pdf,,3362603,,done
43,Phungyar,16,16 - Nongdam(T),ENG,final,9.66,AC43_part016_final_ENG.pdf,,7657732,,done
43,Phungyar,17,17 - Tangkhul Hundung,ENG,final,7.06,AC43_part017_final_ENG.pdf,,5449171,,done
43,Phungyar,18,18 - Itham,ENG,final,2.4,AC43_part018_final_ENG.pdf,,1620782,,done
43,Phungyar,19,19 - Shingkap,ENG,final,6.66,AC43_part019_final_ENG.pdf,,5136781,,done
43,Phungyar,20,20 - Chongdan,ENG,final,4.68,AC43_part020_final_ENG.pdf,,3560857,,done
43,Phungyar,21,21 - Ashang Khullen,ENG,final,1.92,AC43_part021_final_ENG.pdf,,1214579,,done
43,Phungyar,22,22 - Kangoi,ENG,final,2.21,AC43_part022_final_ENG.pdf,,1434619,,done
43,Phungyar,23,23 - Phungyar,ENG,final,8.49,AC43_part023_final_ENG.pdf,,6589200,,done
43,Phungyar,24,24 - Alang,ENG,final,3.1,AC43_part024_final_ENG.pdf,,2181001,,done
43,Phungyar,25,25 - Loushing,ENG,final,7.1,AC43_part025_final_ENG.pdf,,5314805,,done
43,Phungyar,26,26 - Tusom,ENG,final,3.84,AC43_part026_final_ENG.pdf,,2743529,,done
43,Phungyar,27,27 - Ngaprum,ENG,final,5.36,AC43_part027_final_ENG.pdf,,4039012,,done
43,Phungyar,28,28 - Nongman,ENG,final,4.05,AC43_part028_final_ENG.pdf,,2947989,,done
43,Phungyar,29,29 - Sorde,ENG,final,3.72,AC43_part029_final_ENG.pdf,,2665766,,done
43,Phungyar,30,30 - Sorbung,ENG,final,5.49,AC43_part030_final_ENG.pdf,,4201897,,done
43,Phungyar,31,31 - Sorathen,ENG,final,3.58,AC43_part031_final_ENG.pdf,,2474144,,done
43,Phungyar,32,32 - Meiring,ENG,final,4.06,AC43_part032_final_ENG.pdf,,2962472,,done
43,Phungyar,33,33 - Khambi,ENG,final,4.4,AC43_part033_final_ENG.pdf,,3303904,,done
43,Phungyar,34,34 - Kasom Khullen,ENG,final,6.85,AC43_part034_final_ENG.pdf,,5313268,,done
43,Phungyar,35,35 - Khamlang,ENG,final,4.72,AC43_part035_final_ENG.pdf,,3525250,,done
43,Phungyar,36,36 - Mawai,ENG,final,6.24,AC43_part036_final_ENG.pdf,,4690286,,done
43,Phungyar,37,37 - Khunthak,ENG,final,5.61,AC43_part037_final_ENG.pdf,,4398630,,done
43,Phungyar,38,38 - Lairam Khullen,ENG,final,4.57,AC43_part038_final_ENG.pdf,,3486493,,done
43,Phungyar,39,39 - Khoiripok,ENG,final,3.31,AC43_part039_final_ENG.pdf,,2374877,,done
43,Phungyar,40,40 - Yeasom,ENG,final,3.93,AC43_part040_final_ENG.pdf,,2879573,,done
43,Phungyar,41,41 - T. Natyang,ENG,final,1.66,AC43_part041_final_ENG.pdf,,1043332,,done
43,Phungyar,42,42 - Lairam Phungka,ENG,final,3.18,AC43_part042_final_ENG.pdf,,2315287,,done
43,Phungyar,43,43 - Shangpungram,ENG,final,1.87,AC43_part043_final_ENG.pdf,,1093487,,done
43,Phungyar,44,44 - K. Leihaoram,ENG,final,5.75,AC43_part044_final_ENG.pdf,,4447727,,done
43,Phungyar,45,45 - Nambashi Horton,ENG,final,6.68,AC43_part045_final_ENG.pdf,,5203926,,done
43,Phungyar,46,46 - Nambashi Khullen,ENG,final,6.32,AC43_part046_final_ENG.pdf,,4797114,,done
43,Phungyar,47,47 - Kashung,ENG,final,3.59,AC43_part047_final_ENG.pdf,,2581622,,done
43,Phungyar,48,48 - Nambashi Khunou,ENG,final,4.22,AC43_part048_final_ENG.pdf,,3082016,,done
43,Phungyar,49,49 - Khonglo,ENG,final,3.24,AC43_part049_final_ENG.pdf,,2345378,,done
43,Phungyar,50,50 - Manthouram,ENG,final,2.59,AC43_part050_final_ENG.pdf,,1712436,,done
43,Phungyar,51,51 - Kangkum,ENG,final,5.01,AC43_part051_final_ENG.pdf,,3781927,,done
43,Phungyar,52,52 - K. Ashang Khullen Aze,ENG,final,3.35,AC43_part052_final_ENG.pdf,,2538559,,done
43,Phungyar,53,53 - Kangpat,ENG,final,7.82,AC43_part053_final_ENG.pdf,,6065877,,done
43,Phungyar,54,54 - Nambisha,ENG,final,5.08,AC43_part054_final_ENG.pdf,,3832535,,done
43,Phungyar,55,55 - Aishi,ENG,final,5.28,AC43_part055_final_ENG.pdf,,4030031,,done
43,Phungyar,56,56 - Kongkan,ENG,final,4.62,AC43_part056_final_ENG.pdf,,3359526,,done
43,Phungyar,57,57 - Phaikoh,ENG,final,2.81,AC43_part057_final_ENG.pdf,,1878740,,done
43,Phungyar,58,58 - Bungpa KN,ENG,final,7.42,AC43_part058_final_ENG.pdf,,5668270,,done
43,Phungyar,59,59 - Grihang,ENG,final,6.2,AC43_part059_final_ENG.pdf,,4659539,,done
43,Phungyar,60,60 - Ningchou,ENG,final,3.77,AC43_part060_final_ENG.pdf,,2694857,,done
43,Phungyar,61,61 - Kamjong,ENG,final,9.2,AC43_part061_final_ENG.pdf,,7197333,,done
43,Phungyar,62,62 - Chassad,ENG,final,6.57,AC43_part062_final_ENG.pdf,,5077810,,done
43,Phungyar,63,63 - Sampui,ENG,final,2.44,AC43_part063_final_ENG.pdf,,1665667,,done
43,Phungyar,64,64 - Ningthi,ENG,final,6.97,AC43_part064_final_ENG.pdf,,5302793,,done
43,Phungyar,65,65 - Hangkaw,ENG,final,4.4,AC43_part065_final_ENG.pdf,,3178876,,done
43,Phungyar,66,66 - Maku (T),ENG,final,5.03,AC43_part066_final_ENG.pdf,,3681516,,done
43,Phungyar,67,67 - Shingcha,ENG,final,4.68,AC43_part067_final_ENG.pdf,,3471968,,done
43,Phungyar,68,68 - Changa,ENG,final,2.67,AC43_part068_final_ENG.pdf,,1911289,,done
43,Phungyar,69,69 - Yengtem,ENG,final,1.53,AC43_part069_final_ENG.pdf,,921158,,done
43,Phungyar,70,70 - Chahong Khullen,ENG,final,4.72,AC43_part070_final_ENG.pdf,,3466632,,done
43,Phungyar,71,71 - K. Langli,ENG,final,3.05,AC43_part071_final_ENG.pdf,,2134103,,done
43,Phungyar,72,72 - Chatric Khullen,ENG,final,5.51,AC43_part072_final_ENG.pdf,,4216799,,done
43,Phungyar,73,73 - Chatric Khunou,ENG,final,5.0,AC43_part073_final_ENG.pdf,,3754777,,done
43,Phungyar,74,74 - Maokot,ENG,final,2.52,AC43_part074_final_ENG.pdf,,1649169,,done
43,Phungyar,75,75 - Gampal Hayang,ENG,final,1.51,AC43_part075_final_ENG.pdf,,802631,,done
43,Phungyar,76,76 - Chamu,ENG,final,4.67,AC43_part076_final_ENG.pdf,,3457499,,done
43,Phungyar,77,77 - Madoyah,ENG,final,1.71,AC43_part077_final_ENG.pdf,,1031447,,done
43,Phungyar,78,78 - Kachouphung,ENG,final,2.52,AC43_part078_final_ENG.pdf,,1687633,,done
44,Ukhrul,1,1 - Leisan,ENG,final,7.26,AC44_part001_final_ENG.pdf,,5702113,,done
44,Ukhrul,2,2 - Sanakeithel-A,ENG,final,7.32,AC44_part002_final_ENG.pdf,,5678990,,done
44,Ukhrul,3,3 - Sanakeithel-B,ENG,final,4.91,AC44_part003_final_ENG.pdf,,3714779,,done
44,Ukhrul,4,4 - Mollen Kamsei,ENG,final,5.16,AC44_part004_final_ENG.pdf,,3917457,,done
44,Ukhrul,5,5 - Mullam,ENG,final,3.77,AC44_part005_final_ENG.pdf,,2771136,,done
44,Ukhrul,6,6 - Molnom,ENG,final,4.81,AC44_part006_final_ENG.pdf,,3665472,,done
44,Ukhrul,7,7 - Zelengbung,ENG,final,2.66,AC44_part007_final_ENG.pdf,,1811999,,done
44,Ukhrul,8,8 - New Canaan,ENG,final,10.34,AC44_part008_final_ENG.pdf,,8224802,,done
44,Ukhrul,9,9 - Muirei,ENG,final,3.16,AC44_part009_final_ENG.pdf,,2243959,,done
44,Ukhrul,10,10 - Mongkot Chepu,ENG,final,7.16,AC44_part010_final_ENG.pdf,,5595662,,done
44,Ukhrul,11,11 - Litan Sareikhong,ENG,final,5.62,AC44_part011_final_ENG.pdf,,4294587,,done
44,Ukhrul,12,12 - Shangkai,ENG,final,4.75,AC44_part012_final_ENG.pdf,,3592873,,done
44,Ukhrul,13,13 - T.M. Kasom,ENG,final,3.71,AC44_part013_final_ENG.pdf,,2861650,,done
44,Ukhrul,14,14 - Yaolen,ENG,final,3.68,AC44_part014_final_ENG.pdf,,2711774,,done
44,Ukhrul,15,15 - Tushen(A),ENG,final,8.07,AC44_part015_final_ENG.pdf,,6429971,,done
44,Ukhrul,16,16 - Tushen(B),ENG,final,7.9,AC44_part016_final_ENG.pdf,,6252548,,done
44,Ukhrul,17,17 - Tushen Chahong,ENG,final,5.3,AC44_part017_final_ENG.pdf,,4063027,,done
44,Ukhrul,18,18 - Ramva,ENG,final,10.21,AC44_part018_final_ENG.pdf,,8149138,,done
44,Ukhrul,19,19 - Shokvao Worrintang,ENG,final,5.17,AC44_part019_final_ENG.pdf,,3936137,,done
44,Ukhrul,20,20 - Shangshak (A),ENG,final,6.19,AC44_part020_final_ENG.pdf,,4839947,,done
44,Ukhrul,21,21 - Shangshak (B),ENG,final,7.53,AC44_part021_final_ENG.pdf,,5913953,,done
44,Ukhrul,22,22 - Shangshak (B-1),ENG,final,6.0,AC44_part022_final_ENG.pdf,,4639934,,done
44,Ukhrul,23,23 - Lungshang,ENG,final,4.63,AC44_part023_final_ENG.pdf,,3491906,,done
44,Ukhrul,24,24 - Shangzing,ENG,final,4.13,AC44_part024_final_ENG.pdf,,3012820,,done
44,Ukhrul,25,25 - Seikhor,ENG,final,7.01,AC44_part025_final_ENG.pdf,,5521164,,done
44,Ukhrul,26,26 - Pharung Shimtang,ENG,final,8.78,AC44_part026_final_ENG.pdf,,6915895,,done
44,Ukhrul,27,27 - Lamlang (A),ENG,final,6.0,AC44_part027_final_ENG.pdf,,4605783,,done
44,Ukhrul,28,28 - Lamlang (B),ENG,final,2.29,AC44_part028_final_ENG.pdf,,1990364,,done
44,Ukhrul,29,29 - Nungou,ENG,final,4.12,AC44_part029_final_ENG.pdf,,3111300,,done
44,Ukhrul,30,30 - Ukhrul Hunpung Dungrei,ENG,final,5.75,AC44_part030_final_ENG.pdf,,4383056,,done
44,Ukhrul,31,31 - Ukhrul Hunpung Dungreii Aze,ENG,final,7.24,AC44_part031_final_ENG.pdf,,5566015,,done
44,Ukhrul,32,32 - Hundung Dongrei (B),ENG,final,6.77,AC44_part032_final_ENG.pdf,,5265050,,done
44,Ukhrul,33,33 - Hamleikhong Hundung,ENG,final,8.55,AC44_part033_final_ENG.pdf,,6712392,,done
44,Ukhrul,34,34 - Hundung Kaziphung (C-I),ENG,final,7.73,AC44_part034_final_ENG.pdf,,6116487,,done
44,Ukhrul,35,35 - Hundung(C-II),ENG,final,7.7,AC44_part035_final_ENG.pdf,,6040978,,done
44,Ukhrul,36,36 - Ukhrul(A),ENG,final,7.72,AC44_part036_final_ENG.pdf,,5974104,,done
44,Ukhrul,37,37 - Alungtang,ENG,final,6.81,AC44_part037_final_ENG.pdf,,5222981,,done
44,Ukhrul,38,38 - Ukhrul (B),ENG,final,6.53,AC44_part038_final_ENG.pdf,,5003121,,done
44,Ukhrul,39,39 - Ukhrul (C-1),ENG,final,4.83,AC44_part039_final_ENG.pdf,,3567538,,done
44,Ukhrul,40,40 - Ukhrul (C-2),ENG,final,5.24,AC44_part040_final_ENG.pdf,,3935025,,done
44,Ukhrul,41,41 - Ukhrul (D-1),ENG,final,8.54,AC44_part041_final_ENG.pdf,,6746854,,done
44,Ukhrul,42,42 - Ukhrul (D-2),ENG,final,8.14,AC44_part042_final_ENG.pdf,,6432585,,done
44,Ukhrul,43,43 - Ukhrul (E-1),ENG,final,6.68,AC44_part043_final_ENG.pdf,,5182970,,done
44,Ukhrul,44,44 - Ukhrul (E-3),ENG,final,4.58,AC44_part044_final_ENG.pdf,,3894713,,done
44,Ukhrul,45,45 - Ukhrul (E-2),ENG,final,9.5,AC44_part045_final_ENG.pdf,,7487833,,done
44,Ukhrul,46,46 - Ukhrul (E-4),ENG,final,6.78,AC44_part046_final_ENG.pdf,,5262930,,done
44,Ukhrul,47,47 - Ukhrul E (Part-IV),ENG,final,7.02,AC44_part047_final_ENG.pdf,,5530790,,done
44,Ukhrul,48,48 - Ukhrul E (Part-VI),ENG,final,3.13,AC44_part048_final_ENG.pdf,,2676067,,done
44,Ukhrul,49,49 - Ukhrul E (Part-V),ENG,final,6.17,AC44_part049_final_ENG.pdf,,4950947,,done
44,Ukhrul,50,50 - Ukhrul (F),ENG,final,6.19,AC44_part050_final_ENG.pdf,,4811303,,done
44,Ukhrul,51,51 - Ukhrul (H),ENG,final,5.74,AC44_part051_final_ENG.pdf,,4445410,,done
44,Ukhrul,52,52 - Ukhrul (G),ENG,final,11.79,AC44_part052_final_ENG.pdf,,9435882,,done
44,Ukhrul,53,53 - Khangkhui Khullen,ENG,final,5.36,AC44_part053_final_ENG.pdf,,4062677,,done
44,Ukhrul,54,54 - Khangkhui Khunou,ENG,final,5.79,AC44_part054_final_ENG.pdf,,4441699,,done
44,Ukhrul,55,55 - Nungshong Khullen,ENG,final,7.26,AC44_part055_final_ENG.pdf,,5663818,,done
44,Ukhrul,56,56 - Mapum,ENG,final,9.18,AC44_part056_final_ENG.pdf,,7260070,,done
44,Ukhrul,57,57 - Chingsui,ENG,final,6.3,AC44_part057_final_ENG.pdf,,4988878,,done
44,Ukhrul,58,58 - Ronshak,ENG,final,2.46,AC44_part058_final_ENG.pdf,,1646591,,done
44,Ukhrul,59,59 - Sahamphung,ENG,final,3.43,AC44_part059_final_ENG.pdf,,2367036,,done
44,Ukhrul,60,60 - Choithar,ENG,final,8.7,AC44_part060_final_ENG.pdf,,6852712,,done
44,Ukhrul,61,61 - Pushing,ENG,final,6.7,AC44_part061_final_ENG.pdf,,5202452,,done
44,Ukhrul,62,62 - Shiroi,ENG,final,7.91,AC44_part062_final_ENG.pdf,,6177371,,done
44,Ukhrul,63,63 - Langdang,ENG,final,7.95,AC44_part063_final_ENG.pdf,,6256010,,done
44,Ukhrul,64,64 - Lunghar (A),ENG,final,6.83,AC44_part064_final_ENG.pdf,,5260651,,done
44,Ukhrul,65,65 - Lunghar (B),ENG,final,6.62,AC44_part065_final_ENG.pdf,,5214705,,done
44,Ukhrul,66,66 - Khamasom,ENG,final,8.39,AC44_part066_final_ENG.pdf,,6648002,,done
44,Ukhrul,67,67 - K. Wallely,ENG,final,4.33,AC44_part067_final_ENG.pdf,,3226919,,done
44,Ukhrul,68,68 - Khamasom Phungthar,ENG,final,4.06,AC44_part068_final_ENG.pdf,,3003718,,done
44,Ukhrul,69,69 - Sihai Khunou,ENG,final,5.09,AC44_part069_final_ENG.pdf,,3894776,,done
44,Ukhrul,70,70 - Sihai Khullen,ENG,final,6.2,AC44_part070_final_ENG.pdf,,4760089,,done
44,Ukhrul,71,71 - Khayang,ENG,final,3.09,AC44_part071_final_ENG.pdf,,2195294,,done
45,Chingai,1,1 - Jessami (A),ENG,final,8.57,AC45_part001_final_ENG.pdf,,6756661,,done
45,Chingai,2,2 - Jessami (B),ENG,final,7.94,AC45_part002_final_ENG.pdf,,6204393,,done
45,Chingai,3,3 - Soraphung,ENG,final,6.18,AC45_part003_final_ENG.pdf,,4681132,,done
45,Chingai,4,4 - Chingjaroi Christian,ENG,final,10.1,AC45_part004_final_ENG.pdf,,8084122,,done
45,Chingai,5,5 - Chingjaroi Khunou,ENG,final,4.68,AC45_part005_final_ENG.pdf,,3501252,,done
45,Chingai,6,6 - Chingjaroi Khullen(A),ENG,final,6.77,AC45_part006_final_ENG.pdf,,5254510,,done
45,Chingai,7,7 - Chingjaroi Khullen (B),ENG,final,6.71,AC45_part007_final_ENG.pdf,,5215676,,done
45,Chingai,8,8 - Kharasom,ENG,final,8.3,AC45_part008_final_ENG.pdf,,6465144,,done
45,Chingai,9,9 - Razai Khullen,ENG,final,4.28,AC45_part009_final_ENG.pdf,,3203298,,done
45,Chingai,10,10 - Kharasom Lazo,ENG,final,4.55,AC45_part010_final_ENG.pdf,,3376345,,done
45,Chingai,11,11 - Namrei,ENG,final,4.42,AC45_part011_final_ENG.pdf,,3273275,,done
45,Chingai,12,12 - Marangphung,ENG,final,2.33,AC45_part012_final_ENG.pdf,,1471182,,done
45,Chingai,13,13 - Razai Khunou,ENG,final,3.62,AC45_part013_final_ENG.pdf,,2590838,,done
45,Chingai,14,14 - Chingai,ENG,final,10.03,AC45_part014_final_ENG.pdf,,7940028,,done
45,Chingai,15,15 - Huishu,ENG,final,7.64,AC45_part015_final_ENG.pdf,,5920910,,done
45,Chingai,16,16 - Khamasom Phungrei,ENG,final,4.46,AC45_part016_final_ENG.pdf,,3302582,,done
45,Chingai,17,17 - Poi (A),ENG,final,6.46,AC45_part017_final_ENG.pdf,,4978375,,done
45,Chingai,18,18 - Poi (B),ENG,final,6.02,AC45_part018_final_ENG.pdf,,4575765,,done
45,Chingai,19,19 - New Tusom,ENG,final,9.6,AC45_part019_final_ENG.pdf,,7571697,,done
45,Chingai,20,20 - Tusom Khullen,ENG,final,2.99,AC45_part020_final_ENG.pdf,,2154373,,done
45,Chingai,21,21 - Tusom C.V.,ENG,final,5.27,AC45_part021_final_ENG.pdf,,3982882,,done
45,Chingai,22,22 - Wahong,ENG,final,4.66,AC45_part022_final_ENG.pdf,,3410490,,done
45,Chingai,23,23 - Kongai,ENG,final,4.61,AC45_part023_final_ENG.pdf,,3406491,,done
45,Chingai,24,24 - Chalou,ENG,final,3.16,AC45_part024_final_ENG.pdf,,2219183,,done
45,Chingai,25,25 - Kalhang,ENG,final,6.51,AC45_part025_final_ENG.pdf,,4980246,,done
45,Chingai,26,26 - Kuirei,ENG,final,6.29,AC45_part026_final_ENG.pdf,,4829343,,done
45,Chingai,27,27 - Marem Khullen,ENG,final,4.67,AC45_part027_final_ENG.pdf,,3612434,,done
45,Chingai,28,28 - Ngahui,ENG,final,4.85,AC45_part028_final_ENG.pdf,,3614622,,done
45,Chingai,29,29 - Luireishimphung,ENG,final,3.04,AC45_part029_final_ENG.pdf,,2120750,,done
45,Chingai,30,30 - Peh (A),ENG,final,11.54,AC45_part030_final_ENG.pdf,,9164837,,done
45,Chingai,31,31 - Peh (B),ENG,final,8.76,AC45_part031_final_ENG.pdf,,6860984,,done
45,Chingai,32,32 - Nungbi Kl (A),ENG,final,8.25,AC45_part032_final_ENG.pdf,,6411107,,done
45,Chingai,33,33 - Nungbi Kl (B),ENG,final,5.06,AC45_part033_final_ENG.pdf,,3773975,,done
45,Chingai,34,34 - Nungbi Kachui (A),ENG,final,6.97,AC45_part034_final_ENG.pdf,,5391509,,done
45,Chingai,35,35 - Nungbi Kachui (B),ENG,final,5.8,AC45_part035_final_ENG.pdf,,4393283,,done
45,Chingai,36,36 - Phungcham-A,ENG,final,8.11,AC45_part036_final_ENG.pdf,,6392587,,done
45,Chingai,37,37 - Phungcham-B,ENG,final,5.98,AC45_part037_final_ENG.pdf,,4569623,,done
45,Chingai,38,38 - Paorei North,ENG,final,7.97,AC45_part038_final_ENG.pdf,,6211564,,done
45,Chingai,39,39 - Paorei South,ENG,final,6.73,AC45_part039_final_ENG.pdf,,5222439,,done
45,Chingai,40,40 - Huime (A),ENG,final,7.22,AC45_part040_final_ENG.pdf,,5590475,,done
45,Chingai,41,41 - Huime (B),ENG,final,3.23,AC45_part041_final_ENG.pdf,,2237821,,done
45,Chingai,42,42 - Tolloi (A),ENG,final,7.74,AC45_part042_final_ENG.pdf,,6041397,,done
45,Chingai,43,43 - Tolloi (B),ENG,final,8.24,AC45_part043_final_ENG.pdf,,6481166,,done
45,Chingai,44,44 - Tolloi-C-(I),ENG,final,5.94,AC45_part044_final_ENG.pdf,,4657599,,done
45,Chingai,45,45 - Tolloi - C-(II),ENG,final,5.99,AC45_part045_final_ENG.pdf,,4659047,,done
45,Chingai,46,46 - Kachai (A),ENG,final,8.94,AC45_part046_final_ENG.pdf,,7123488,,done
45,Chingai,47,47 - Kachai (B),ENG,final,7.63,AC45_part047_final_ENG.pdf,,5988429,,done
45,Chingai,48,48 - Tora,ENG,final,5.73,AC45_part048_final_ENG.pdf,,4345825,,done
45,Chingai,49,49 - Champhung,ENG,final,6.38,AC45_part049_final_ENG.pdf,,4854344,,done
45,Chingai,50,50 - Kachai Phungthar,ENG,final,6.07,AC45_part050_final_ENG.pdf,,4638487,,done
45,Chingai,51,51 - Maichon,ENG,final,4.85,AC45_part051_final_ENG.pdf,,3652246,,done
45,Chingai,52,52 - Somdal-(A-I),ENG,final,6.87,AC45_part052_final_ENG.pdf,,5281985,,done
45,Chingai,53,53 - Somdal-(A-II),ENG,final,5.98,AC45_part053_final_ENG.pdf,,4582077,,done
45,Chingai,54,54 - Somdal (B),ENG,final,9.3,AC45_part054_final_ENG.pdf,,7378413,,done
45,Chingai,55,55 - Phadang (A),ENG,final,9.53,AC45_part055_final_ENG.pdf,,7593087,,done
45,Chingai,56,56 - Phadang (B),ENG,final,9.56,AC45_part056_final_ENG.pdf,,7643901,,done
45,Chingai,57,57 - Tuinem-(A-I),ENG,final,7.44,AC45_part057_final_ENG.pdf,,5844321,,done
45,Chingai,58,58 - Tuinem-(A-II),ENG,final,6.83,AC45_part058_final_ENG.pdf,,5405771,,done
45,Chingai,59,59 - Tuinem (B),ENG,final,7.06,AC45_part059_final_ENG.pdf,,5542482,,done
45,Chingai,60,60 - Tuinem (C),ENG,final,7.13,AC45_part060_final_ENG.pdf,,5603615,,done
45,Chingai,61,61 - Sirarakhong,ENG,final,10.77,AC45_part061_final_ENG.pdf,,8520153,,done
45,Chingai,62,62 - Ringui (A),ENG,final,7.46,AC45_part062_final_ENG.pdf,,5801741,,done
45,Chingai,63,63 - Ringui (B),ENG,final,7.14,AC45_part063_final_ENG.pdf,,5569366,,done
45,Chingai,64,64 - Ringui Ramhon,ENG,final,2.74,AC45_part064_final_ENG.pdf,,1851289,,done
45,Chingai,65,65 - Ngaimu (A),ENG,final,7.2,AC45_part065_final_ENG.pdf,,5616757,,done
45,Chingai,66,66 - Ngaimu (B),ENG,final,6.26,AC45_part066_final_ENG.pdf,,4896769,,done
45,Chingai,67,67 - Halang (A),ENG,final,5.69,AC45_part067_final_ENG.pdf,,4368881,,done
45,Chingai,68,68 - Halang (B),ENG,final,5.02,AC45_part068_final_ENG.pdf,,3733142,,done
45,Chingai,69,69 - Halang (C),ENG,final,5.93,AC45_part069_final_ENG.pdf,,4584571,,done
45,Chingai,70,70 - Halang (D),ENG,final,5.84,AC45_part070_final_ENG.pdf,,4509935,,done
46,Saikul,1,1 - Saikho,ENG,final,6.96,AC46_part001_final_ENG.pdf,,5385475,,done
46,Saikul,2,2 - Khaochangbung,ENG,final,3.48,AC46_part002_final_ENG.pdf,,2565747,,done
46,Saikul,3,3 - Molkon (A),ENG,final,8.47,AC46_part003_final_ENG.pdf,,6624652,,done
46,Saikul,4,4 - Pangjang,ENG,final,6.51,AC46_part004_final_ENG.pdf,,4998718,,done
46,Saikul,5,5 - Molkon (B),ENG,final,5.12,AC46_part005_final_ENG.pdf,,3819213,,done
46,Saikul,6,6 - T. Gamnom,ENG,final,5.26,AC46_part006_final_ENG.pdf,,4022586,,done
46,Saikul,7,7 - Saikul,ENG,final,6.99,AC46_part007_final_ENG.pdf,,5417854,,done
46,Saikul,8,8 - Saikul Bazar,ENG,final,9.01,AC46_part008_final_ENG.pdf,,7337093,,done
46,Saikul,9,9 - New Saikul,ENG,final,5.44,AC46_part009_final_ENG.pdf,,4160870,,done
46,Saikul,10,10 - Thangkanphai (A),ENG,final,7.2,AC46_part010_final_ENG.pdf,,5629452,,done
46,Saikul,11,11 - Thangkanphai (B),ENG,final,5.23,AC46_part011_final_ENG.pdf,,3968892,,done
46,Saikul,12,12 - Saijang,ENG,final,3.72,AC46_part012_final_ENG.pdf,,2722839,,done
46,Saikul,13,13 - Lhungjang,ENG,final,7.49,AC46_part013_final_ENG.pdf,,5817775,,done
46,Saikul,14,14 - Ankhumbung,ENG,final,4.97,AC46_part014_final_ENG.pdf,,3832787,,done
46,Saikul,15,15 - Thangal Surung,ENG,final,3.02,AC46_part015_final_ENG.pdf,,2137872,,done
46,Saikul,16,16 - Ekou Mulam,ENG,final,4.73,AC46_part016_final_ENG.pdf,,3535623,,done
46,Saikul,17,17 - Yongba Langkhong,ENG,final,6.05,AC46_part017_final_ENG.pdf,,4655559,,done
46,Saikul,18,18 - Luwangshangol,ENG,final,6.38,AC46_part018_final_ENG.pdf,,4943832,,done
46,Saikul,19,19 - L. Louzawl,ENG,final,2.59,AC46_part019_final_ENG.pdf,,1752205,,done
46,Saikul,20,20 - Mapao Christian,ENG,final,5.49,AC46_part020_final_ENG.pdf,,4198879,,done
46,Saikul,21,21 - Sinam Kom,ENG,final,4.59,AC46_part021_final_ENG.pdf,,3468600,,done
46,Saikul,22,22 - Khongnangpokpi,ENG,final,6.6,AC46_part022_final_ENG.pdf,,5161737,,done
46,Saikul,23,23 - Purum Likli,ENG,final,6.14,AC46_part023_final_ENG.pdf,,4687745,,done
46,Saikul,24,24 - Wakan,ENG,final,4.62,AC46_part024_final_ENG.pdf,,3523012,,done
46,Saikul,25,25 - H. Champhai,ENG,final,3.36,AC46_part025_final_ENG.pdf,,2460604,,done
46,Saikul,26,26 - Purum Khullen,ENG,final,3.33,AC46_part026_final_ENG.pdf,,2400635,,done
46,Saikul,27,27 - Maojang,ENG,final,4.54,AC46_part027_final_ENG.pdf,,3371490,,done
46,Saikul,28,28 - Ng. Phainom,ENG,final,5.39,AC46_part028_final_ENG.pdf,,4062407,,done
46,Saikul,29,29 - Utonglok,ENG,final,5.78,AC46_part029_final_ENG.pdf,,4459521,,done
46,Saikul,30,30 - Belei,ENG,final,6.12,AC46_part030_final_ENG.pdf,,4740223,,done
46,Saikul,31,31 - Khamenlok,ENG,final,8.12,AC46_part031_final_ENG.pdf,,6520249,,done
46,Saikul,32,32 - Khongban Tangkhul,ENG,final,3.45,AC46_part032_final_ENG.pdf,,2535984,,done
46,Saikul,33,33 - Chingdai Khullen,ENG,final,7.72,AC46_part033_final_ENG.pdf,,6030882,,done
46,Saikul,34,34 - Tingpibung,ENG,final,5.8,AC46_part034_final_ENG.pdf,,4413860,,done
46,Saikul,35,35 - Gampum,ENG,final,2.96,AC46_part035_final_ENG.pdf,,2072312,,done
46,Saikul,36,36 - Samusong,ENG,final,5.52,AC46_part036_final_ENG.pdf,,4186307,,done
46,Saikul,37,37 - Khongbal Kuki,ENG,final,4.08,AC46_part037_final_ENG.pdf,,3027523,,done
46,Saikul,38,38 - Wunghon,ENG,final,3.75,AC46_part038_final_ENG.pdf,,2739829,,done
46,Saikul,39,39 - Silent,ENG,final,8.05,AC46_part039_final_ENG.pdf,,6303902,,done
46,Saikul,40,40 - Laikoiching,ENG,final,9.15,AC46_part040_final_ENG.pdf,,7253619,,done
46,Saikul,41,41 - Changningpokpi,ENG,final,4.17,AC46_part041_final_ENG.pdf,,3103122,,done
46,Saikul,42,42 - Island,ENG,final,6.42,AC46_part042_final_ENG.pdf,,4987904,,done
46,Saikul,43,43 - Kamuching,ENG,final,4.79,AC46_part043_final_ENG.pdf,,3584731,,done
46,Saikul,44,44 - Lairok Vaiphei,ENG,final,6.76,AC46_part044_final_ENG.pdf,,5189085,,done
46,Saikul,45,45 - Maphou Kuki,ENG,final,4.75,AC46_part045_final_ENG.pdf,,3624417,,done
46,Saikul,46,46 - Kamu Saichang,ENG,final,5.35,AC46_part046_final_ENG.pdf,,4152910,,done
46,Saikul,47,47 - Kaihao Tangkhul,ENG,final,3.86,AC46_part047_final_ENG.pdf,,2861121,,done
46,Saikul,48,48 - Bongbal Kholen,ENG,final,5.46,AC46_part048_final_ENG.pdf,,4231248,,done
46,Saikul,49,49 - Salam Patong,ENG,final,5.62,AC46_part049_final_ENG.pdf,,4315226,,done
46,Saikul,50,50 - Heinganglok,ENG,final,5.48,AC46_part050_final_ENG.pdf,,4159975,,done
46,Saikul,51,51 - Phawoibi,ENG,final,7.16,AC46_part051_final_ENG.pdf,,5633117,,done
46,Saikul,52,52 - Irong Part-II,ENG,final,4.68,AC46_part052_final_ENG.pdf,,3459360,,done
46,Saikul,53,53 - Sijang Mongjang,ENG,final,3.2,AC46_part053_final_ENG.pdf,,2286934,,done
46,Saikul,54,54 - Leplen,ENG,final,3.64,AC46_part054_final_ENG.pdf,,2702492,,done
46,Saikul,55,55 - Urangpat,ENG,final,4.57,AC46_part055_final_ENG.pdf,,3421385,,done
46,Saikul,56,56 - Twichin,ENG,final,4.25,AC46_part056_final_ENG.pdf,,3170119,,done
47,Karong,1,1 - Koide (A),ENG,final,5.09,AC47_part001_final_ENG.pdf,,4032267,,done
47,Karong,2,2 - Koide (B),ENG,final,6.61,AC47_part002_final_ENG.pdf,,5316826,,done
47,Karong,3,3 - Koide (C),ENG,final,5.2,AC47_part003_final_ENG.pdf,,4158978,,done
47,Karong,4,4 - Koide (D),ENG,final,5.15,AC47_part004_final_ENG.pdf,,4097128,,done
47,Karong,5,5 - Koide (E),ENG,final,4.44,AC47_part005_final_ENG.pdf,,3303447,,done
47,Karong,6,6 - Kapao,ENG,final,3.19,AC47_part006_final_ENG.pdf,,2337421,,done
47,Karong,7,7 - Maiba (A),ENG,final,7.1,AC47_part007_final_ENG.pdf,,5610460,,done
47,Karong,8,8 - Maiba (B),ENG,final,6.03,AC47_part008_final_ENG.pdf,,4816590,,done
47,Karong,9,9 - Phuba Khuman (A-1),ENG,final,6.12,AC47_part009_final_ENG.pdf,,4882971,,done
47,Karong,10,10 - Phuba Khuman (A-2),ENG,final,4.83,AC47_part010_final_ENG.pdf,,3801328,,done
47,Karong,11,11 - Phuba Khuman (B),ENG,final,7.83,AC47_part011_final_ENG.pdf,,6335930,,done
47,Karong,12,12 - Phuba Khuman (C-I),ENG,final,4.93,AC47_part012_final_ENG.pdf,,3886613,,done
47,Karong,13,13 - Phuba Khuman (C-II),ENG,final,4.58,AC47_part013_final_ENG.pdf,,3591841,,done
47,Karong,14,14 - Phuba Thapham (A),ENG,final,4.4,AC47_part014_final_ENG.pdf,,3440563,,done
47,Karong,15,15 - Phuba Thapham (B),ENG,final,4.2,AC47_part015_final_ENG.pdf,,3283402,,done
47,Karong,16,16 - Phuba Thapam (C),ENG,final,4.49,AC47_part016_final_ENG.pdf,,3528555,,done
47,Karong,17,17 - Phaibung Khullen (A),ENG,final,5.96,AC47_part017_final_ENG.pdf,,4783465,,done
47,Karong,18,18 - Phaibung Khullen (B),ENG,final,6.61,AC47_part018_final_ENG.pdf,,5329857,,done
47,Karong,19,19 - Phaibung Khullen (C),ENG,final,6.46,AC47_part019_final_ENG.pdf,,5155964,,done
47,Karong,20,20 - Phaibung Khunou,ENG,final,7.58,AC47_part020_final_ENG.pdf,,6167794,,done
47,Karong,21,21 - Lower Phaibung,ENG,final,4.17,AC47_part021_final_ENG.pdf,,3256445,,done
47,Karong,22,22 - Lakhamai (A),ENG,final,6.37,AC47_part022_final_ENG.pdf,,5132675,,done
47,Karong,23,23 - Lakhamai (B),ENG,final,5.55,AC47_part023_final_ENG.pdf,,4453605,,done
47,Karong,24,24 - Lakhamai (C),ENG,final,5.09,AC47_part024_final_ENG.pdf,,4073230,,done
47,Karong,25,25 - Purul Atongba (A),ENG,final,6.48,AC47_part025_final_ENG.pdf,,5169496,,done
47,Karong,26,26 - Purul Atongba (B),ENG,final,5.71,AC47_part026_final_ENG.pdf,,4316625,,done
47,Karong,27,27 - Purul Rosofii,ENG,final,6.99,AC47_part027_final_ENG.pdf,,5604331,,done
47,Karong,28,28 - Purul Atongba (C),ENG,final,4.92,AC47_part028_final_ENG.pdf,,3848131,,done
47,Karong,29,29 - Purul Akutpa (A),ENG,final,7.09,AC47_part029_final_ENG.pdf,,5702046,,done
47,Karong,30,30 - Purul Akutpa (B),ENG,final,6.54,AC47_part030_final_ENG.pdf,,5224019,,done
47,Karong,31,31 - Purul Akutpa (C),ENG,final,6.39,AC47_part031_final_ENG.pdf,,5114780,,done
47,Karong,32,32 - Purul Akutpa (D),ENG,final,6.29,AC47_part032_final_ENG.pdf,,5040750,,done
47,Karong,33,33 - Oinam (A-I),ENG,final,5.82,AC47_part033_final_ENG.pdf,,4629629,,done
47,Karong,34,34 - Oinam (A-II),ENG,final,6.7,AC47_part034_final_ENG.pdf,,5379288,,done
47,Karong,35,35 - Oinam (B-I),ENG,final,5.69,AC47_part035_final_ENG.pdf,,4531103,,done
47,Karong,36,36 - Oinam (B-II),ENG,final,6.31,AC47_part036_final_ENG.pdf,,5058435,,done
47,Karong,37,37 - Kodom Khullen,ENG,final,6.25,AC47_part037_final_ENG.pdf,,5006980,,done
47,Karong,38,38 - Kodom Khavii,ENG,final,4.36,AC47_part038_final_ENG.pdf,,3371132,,done
47,Karong,39,39 - Sirong,ENG,final,5.02,AC47_part039_final_ENG.pdf,,3958480,,done
47,Karong,40,40 - Ngari Khullen,ENG,final,8.22,AC47_part040_final_ENG.pdf,,6614156,,done
47,Karong,41,41 - Ngari Lishang,ENG,final,7.16,AC47_part041_final_ENG.pdf,,5751387,,done
47,Karong,42,42 - Ngari Raidilumei (A),ENG,final,4.68,AC47_part042_final_ENG.pdf,,3626104,,done
47,Karong,43,43 - Ngari Raidilumei (B),ENG,final,4.31,AC47_part043_final_ENG.pdf,,3360240,,done
47,Karong,44,44 - Thiwa,ENG,final,6.35,AC47_part044_final_ENG.pdf,,5023563,,done
47,Karong,45,45 - Thiwa Songdo,ENG,final,2.38,AC47_part045_final_ENG.pdf,,1543478,,done
47,Karong,46,46 - Khongdei Khuman,ENG,final,9.31,AC47_part046_final_ENG.pdf,,7567445,,done
47,Karong,47,47 - Khongdei Shimphung,ENG,final,6.56,AC47_part047_final_ENG.pdf,,5286386,,done
47,Karong,48,48 - Khongdei Ngawar,ENG,final,2.54,AC47_part048_final_ENG.pdf,,1894592,,done
47,Karong,49,49 - Ngamju,ENG,final,7.67,AC47_part049_final_ENG.pdf,,6179830,,done
47,Karong,50,50 - Thingba Khullen (A),ENG,final,8.57,AC47_part050_final_ENG.pdf,,6978200,,done
47,Karong,51,51 - Thingba Khullen (B),ENG,final,7.56,AC47_part051_final_ENG.pdf,,6114190,,done
47,Karong,52,52 - Keize,ENG,final,4.47,AC47_part052_final_ENG.pdf,,3542113,,done
47,Karong,53,53 - Reafii,ENG,final,2.61,AC47_part053_final_ENG.pdf,,1958465,,done
47,Karong,54,54 - Thingba Khunou (A),ENG,final,9.72,AC47_part054_final_ENG.pdf,,7917888,,done
47,Karong,55,55 - Thingba Khunou (B),ENG,final,5.7,AC47_part055_final_ENG.pdf,,4528279,,done
47,Karong,56,56 - Chofii,ENG,final,1.81,AC47_part056_final_ENG.pdf,,1252958,,done
47,Karong,57,57 - Sadim,ENG,final,9.1,AC47_part057_final_ENG.pdf,,7252921,,done
47,Karong,58,58 - Karong (A),ENG,final,6.77,AC47_part058_final_ENG.pdf,,5379871,,done
47,Karong,59,59 - Upper Khongnem,ENG,final,6.48,AC47_part059_final_ENG.pdf,,5188488,,done
47,Karong,60,60 - Karong (B),ENG,final,5.85,AC47_part060_final_ENG.pdf,,4689829,,done
47,Karong,61,61 - Karong (C),ENG,final,5.91,AC47_part061_final_ENG.pdf,,4537955,,done
47,Karong,62,62 - Khabung,ENG,final,4.18,AC47_part062_final_ENG.pdf,,3261184,,done
47,Karong,63,63 - Senapati (A),ENG,final,9.33,AC47_part063_final_ENG.pdf,,7554133,,done
47,Karong,64,64 - Senapati (B),ENG,final,7.17,AC47_part064_final_ENG.pdf,,5686379,,done
47,Karong,65,65 - Senapati (B-1),ENG,final,6.07,AC47_part065_final_ENG.pdf,,4815624,,done
47,Karong,66,66 - Tingsong Khullen,ENG,final,3.14,AC47_part066_final_ENG.pdf,,2271308,,done
47,Karong,67,67 - Tingsong Khunou,ENG,final,2.79,AC47_part067_final_ENG.pdf,,1908913,,done
47,Karong,68,68 - Thingsong Centre,ENG,final,5.19,AC47_part068_final_ENG.pdf,,4048308,,done
47,Karong,69,69 - Khamsom,ENG,final,5.71,AC47_part069_final_ENG.pdf,,4572047,,done
47,Karong,70,70 - Khamsom Makha,ENG,final,4.7,AC47_part070_final_ENG.pdf,,3688391,,done
47,Karong,71,71 - Ngatan,ENG,final,5.01,AC47_part071_final_ENG.pdf,,4017337,,done
47,Karong,72,72 - Sorbung,ENG,final,4.44,AC47_part072_final_ENG.pdf,,3472551,,done
47,Karong,73,73 - Gallam,ENG,final,3.08,AC47_part073_final_ENG.pdf,,2305515,,done
47,Karong,74,74 - Phaikon,ENG,final,6.34,AC47_part074_final_ENG.pdf,,4959144,,done
47,Karong,75,75 - Yangnoi,ENG,final,6.74,AC47_part075_final_ENG.pdf,,5181214,,done
47,Karong,76,76 - Ihang Karong,ENG,final,3.91,AC47_part076_final_ENG.pdf,,2847776,,done
48,Mao,1,1 - Pudunamei (A),ENG,final,7.86,AC48_part001_final_ENG.pdf,,6378530,,done
48,Mao,2,2 - Pudunamei (B),ENG,final,7.6,AC48_part002_final_ENG.pdf,,6177178,,done
48,Mao,3,3 - Pudunamei (C ),ENG,final,7.88,AC48_part003_final_ENG.pdf,,6419294,,done
48,Mao,4,4 - Punanamei (A-1),ENG,final,5.88,AC48_part004_final_ENG.pdf,,4692824,,done
48,Mao,5,5 - Punanamei (A-2),ENG,final,5.29,AC48_part005_final_ENG.pdf,,4203446,,done
48,Mao,6,6 - Punanamei (B),ENG,final,6.46,AC48_part006_final_ENG.pdf,,5210899,,done
48,Mao,7,7 - Punanamei (B-1),ENG,final,5.65,AC48_part007_final_ENG.pdf,,4569862,,done
48,Mao,8,8 - Punanamei(C ),ENG,final,6.92,AC48_part008_final_ENG.pdf,,5601616,,done
48,Mao,9,9 - Rabunamei (A),ENG,final,7.46,AC48_part009_final_ENG.pdf,,6019713,,done
48,Mao,10,10 - Rabunamei (B),ENG,final,7.84,AC48_part010_final_ENG.pdf,,6322114,,done
48,Mao,11,11 - Chowainu,ENG,final,9.08,AC48_part011_final_ENG.pdf,,7450589,,done
48,Mao,12,12 - Robve Solephe,ENG,final,3.54,AC48_part012_final_ENG.pdf,,2791403,,done
48,Mao,13,13 - Kalinamei (A),ENG,final,7.97,AC48_part013_final_ENG.pdf,,6500954,,done
48,Mao,14,14 - Kalinamei (B),ENG,final,4.95,AC48_part014_final_ENG.pdf,,3951437,,done
48,Mao,15,15 - Kalinamei (C-1),ENG,final,6.27,AC48_part015_final_ENG.pdf,,5075101,,done
48,Mao,16,16 - Kalinamei (C-II),ENG,final,5.75,AC48_part016_final_ENG.pdf,,4638100,,done
48,Mao,17,17 - Phikomai,ENG,final,6.07,AC48_part017_final_ENG.pdf,,4839074,,done
48,Mao,18,18 - Songsong (A-1),ENG,final,4.33,AC48_part018_final_ENG.pdf,,3450516,,done
48,Mao,19,19 - Songsong (A-2),ENG,final,5.16,AC48_part019_final_ENG.pdf,,4226817,,done
48,Mao,20,20 - Songsong (B),ENG,final,5.97,AC48_part020_final_ENG.pdf,,4840839,,done
48,Mao,21,21 - Songsong (C-1),ENG,final,5.91,AC48_part021_final_ENG.pdf,,4727555,,done
48,Mao,22,22 - Songsong (C-2),ENG,final,3.43,AC48_part022_final_ENG.pdf,,2619998,,done
48,Mao,23,23 - Songsong (D-1),ENG,final,5.16,AC48_part023_final_ENG.pdf,,4052228,,done
48,Mao,24,24 - Songsong (D-2),ENG,final,4.75,AC48_part024_final_ENG.pdf,,3709152,,done
48,Mao,25,25 - Shajouba (A),ENG,final,5.02,AC48_part025_final_ENG.pdf,,3987479,,done
48,Mao,26,26 - Shajouba (B),ENG,final,4.75,AC48_part026_final_ENG.pdf,,3758251,,done
48,Mao,27,27 - Shajouba (B-1),ENG,final,4.84,AC48_part027_final_ENG.pdf,,3831077,,done
48,Mao,28,28 - Shajouba (D),ENG,final,4.26,AC48_part028_final_ENG.pdf,,3365612,,done
48,Mao,29,29 - Shajouba (C),ENG,final,8.26,AC48_part029_final_ENG.pdf,,6742462,,done
48,Mao,30,30 - Makhel (A),ENG,final,5.14,AC48_part030_final_ENG.pdf,,4076864,,done
48,Mao,31,31 - Makhel (B),ENG,final,5.27,AC48_part031_final_ENG.pdf,,4186522,,done
48,Mao,32,32 - Kaibi (A),ENG,final,8.18,AC48_part032_final_ENG.pdf,,6666727,,done
48,Mao,33,33 - Kaibi (B),ENG,final,7.68,AC48_part033_final_ENG.pdf,,6222229,,done
48,Mao,34,34 - Afii (A),ENG,final,3.94,AC48_part034_final_ENG.pdf,,3045590,,done
48,Mao,35,35 - Afii (B),ENG,final,3.52,AC48_part035_final_ENG.pdf,,2699733,,done
48,Mao,36,36 - Tobumai,ENG,final,8.64,AC48_part036_final_ENG.pdf,,7096298,,done
48,Mao,37,37 - Tungam Khullen (A),ENG,final,7.72,AC48_part037_final_ENG.pdf,,6288890,,done
48,Mao,38,38 - Tungam Khullen (B),ENG,final,8.03,AC48_part038_final_ENG.pdf,,6557077,,done
48,Mao,39,39 - Tungam Khullen (C ),ENG,final,7.14,AC48_part039_final_ENG.pdf,,5822335,,done
48,Mao,40,40 - Tungam Khullen (D),ENG,final,6.08,AC48_part040_final_ENG.pdf,,4860855,,done
48,Mao,41,41 - Paomata Centre/ Makufii(A),ENG,final,5.62,AC48_part041_final_ENG.pdf,,4494209,,done
48,Mao,42,42 - Paomata / Makufii(B),ENG,final,6.23,AC48_part042_final_ENG.pdf,,5012060,,done
48,Mao,43,43 - Saranamai (A),ENG,final,5.62,AC48_part043_final_ENG.pdf,,4544125,,done
48,Mao,44,44 - Saranamai (C),ENG,final,6.22,AC48_part044_final_ENG.pdf,,5020082,,done
48,Mao,45,45 - Saranamai (B),ENG,final,5.82,AC48_part045_final_ENG.pdf,,4699537,,done
48,Mao,46,46 - Khaikho,ENG,final,4.44,AC48_part046_final_ENG.pdf,,3498432,,done
48,Mao,47,47 - Tungjoy (A),ENG,final,5.64,AC48_part047_final_ENG.pdf,,4494570,,done
48,Mao,48,48 - Tungjoy (A-1),ENG,final,5.58,AC48_part048_final_ENG.pdf,,4447427,,done
48,Mao,49,49 - Tungjoy (B-I),ENG,final,4.8,AC48_part049_final_ENG.pdf,,3777866,,done
48,Mao,50,50 - Tungjoy (B-II),ENG,final,5.5,AC48_part050_final_ENG.pdf,,4421960,,done
48,Mao,51,51 - Tungjoy (C),ENG,final,6.24,AC48_part051_final_ENG.pdf,,5055378,,done
48,Mao,52,52 - Tungjoy (C-1),ENG,final,3.94,AC48_part052_final_ENG.pdf,,3071830,,done
48,Mao,53,53 - Tungjoy (D),ENG,final,6.09,AC48_part053_final_ENG.pdf,,4879121,,done
48,Mao,54,54 - Tungjoy (D-1),ENG,final,5.19,AC48_part054_final_ENG.pdf,,4122536,,done
48,Mao,55,55 - Liyai Khunou,ENG,final,7.97,AC48_part055_final_ENG.pdf,,6456137,,done
48,Mao,56,56 - Liyai Khullen (A),ENG,final,8.64,AC48_part056_final_ENG.pdf,,7077241,,done
48,Mao,57,57 - Liyai Khullen (B),ENG,final,7.13,AC48_part057_final_ENG.pdf,,5814366,,done
48,Mao,58,58 - Liyai Khullen (C),ENG,final,4.53,AC48_part058_final_ENG.pdf,,3639547,,done
48,Mao,59,59 - Liyai Khullen (C-1),ENG,final,4.98,AC48_part059_final_ENG.pdf,,3957878,,done
48,Mao,60,60 - Liyai Khullen (D),ENG,final,8.76,AC48_part060_final_ENG.pdf,,7133652,,done
48,Mao,61,61 - Chingmei Khullen,ENG,final,8.68,AC48_part061_final_ENG.pdf,,7157162,,done
48,Mao,62,62 - Chingmei Katafimai,ENG,final,4.4,AC48_part062_final_ENG.pdf,,3494668,,done
48,Mao,63,63 - Chingmei Khunou (A),ENG,final,6.21,AC48_part063_final_ENG.pdf,,5021746,,done
48,Mao,64,64 - Chingmei Khunou(B),ENG,final,6.97,AC48_part064_final_ENG.pdf,,5632106,,done
48,Mao,65,65 - Laii (A),ENG,final,6.76,AC48_part065_final_ENG.pdf,,5522713,,done
48,Mao,66,66 - Laii (B),ENG,final,4.93,AC48_part066_final_ENG.pdf,,3934808,,done
48,Mao,67,67 - New Laii,ENG,final,2.87,AC48_part067_final_ENG.pdf,,2189792,,done
48,Mao,68,68 - Laii ( C),ENG,final,7.66,AC48_part068_final_ENG.pdf,,6255865,,done
48,Mao,69,69 - Laii ( C-1),ENG,final,2.25,AC48_part069_final_ENG.pdf,,1643130,,done
48,Mao,70,70 - Laii (D),ENG,final,5.69,AC48_part070_final_ENG.pdf,,4561985,,done
48,Mao,71,71 - Sarafii,ENG,final,4.47,AC48_part071_final_ENG.pdf,,3549436,,done
49,Tadubi,1,1 - Thuyeng,ENG,final,5.47,AC49_part001_final_ENG.pdf,,4192532,,done
49,Tadubi,2,2 - Chakha,ENG,final,4.11,AC49_part002_final_ENG.pdf,,3020345,,done
49,Tadubi,3,3 - Tamphung,ENG,final,5.18,AC49_part003_final_ENG.pdf,,3946918,,done
49,Tadubi,4,4 - Yangkhullen (A),ENG,final,6.4,AC49_part004_final_ENG.pdf,,5143631,,done
49,Tadubi,5,5 - Yangkhullen (A-I),ENG,final,3.76,AC49_part005_final_ENG.pdf,,2901630,,done
49,Tadubi,6,6 - Yangkhullen (B),ENG,final,6.44,AC49_part006_final_ENG.pdf,,5166517,,done
49,Tadubi,7,7 - Bendramai,ENG,final,4.76,AC49_part007_final_ENG.pdf,,3746987,,done
49,Tadubi,8,8 - Yangkhunou,ENG,final,5.8,AC49_part008_final_ENG.pdf,,4472146,,done
49,Tadubi,9,9 - Tadubi (A),ENG,final,8.08,AC49_part009_final_ENG.pdf,,6452877,,done
49,Tadubi,10,10 - Tadubi (A-I),ENG,final,6.2,AC49_part010_final_ENG.pdf,,4866145,,done
49,Tadubi,11,11 - Tadubi (B),ENG,final,7.56,AC49_part011_final_ENG.pdf,,6013383,,done
49,Tadubi,12,12 - Chakumei (A),ENG,final,5.27,AC49_part012_final_ENG.pdf,,4084534,,done
49,Tadubi,13,13 - Chakumei (B),ENG,final,4.79,AC49_part013_final_ENG.pdf,,3655383,,done
49,Tadubi,14,14 - Rajamai,ENG,final,4.9,AC49_part014_final_ENG.pdf,,3744292,,done
49,Tadubi,15,15 - Kanem,ENG,final,2.94,AC49_part015_final_ENG.pdf,,2118645,,done
49,Tadubi,16,16 - Kangjang,ENG,final,2.5,AC49_part016_final_ENG.pdf,,1692490,,done
49,Tadubi,17,17 - Willong Khunou,ENG,final,4.97,AC49_part017_final_ENG.pdf,,3866489,,done
49,Tadubi,18,18 - Shangkungmei,ENG,final,5.34,AC49_part018_final_ENG.pdf,,4089484,,done
49,Tadubi,19,19 - Willong Khullen (A),ENG,final,5.61,AC49_part019_final_ENG.pdf,,4340974,,done
49,Tadubi,20,20 - Willong Khullen (A-I),ENG,final,2.24,AC49_part020_final_ENG.pdf,,1481776,,done
49,Tadubi,21,21 - Willong Khullen (B),ENG,final,5.7,AC49_part021_final_ENG.pdf,,4419483,,done
49,Tadubi,22,22 - Pumdumlung,ENG,final,3.34,AC49_part022_final_ENG.pdf,,2453528,,done
49,Tadubi,23,23 - Maopungdong (A),ENG,final,7.0,AC49_part023_final_ENG.pdf,,5550433,,done
49,Tadubi,24,24 - Maopungdong (B),ENG,final,6.73,AC49_part024_final_ENG.pdf,,5330178,,done
49,Tadubi,25,25 - Emefiithumai,ENG,final,2.54,AC49_part025_final_ENG.pdf,,1784875,,done
49,Tadubi,26,26 - Chowainamei Khullen(A),ENG,final,6.35,AC49_part026_final_ENG.pdf,,4943762,,done
49,Tadubi,27,27 - Chowainamei Khullen(B),ENG,final,4.99,AC49_part027_final_ENG.pdf,,3817419,,done
49,Tadubi,28,28 - Chowainamei Khunou,ENG,final,6.88,AC49_part028_final_ENG.pdf,,5443196,,done
49,Tadubi,29,29 - Chowainamei Khunou (A),ENG,final,3.83,AC49_part029_final_ENG.pdf,,2777515,,done
49,Tadubi,30,30 - Makhan Khullen,ENG,final,4.65,AC49_part030_final_ENG.pdf,,3533757,,done
49,Tadubi,31,31 - Makhan Khullen (A),ENG,final,4.14,AC49_part031_final_ENG.pdf,,3083663,,done
49,Tadubi,32,32 - Makhan Centre (A),ENG,final,5.13,AC49_part032_final_ENG.pdf,,3967456,,done
49,Tadubi,33,33 - Makhan Centre (B),ENG,final,6.92,AC49_part033_final_ENG.pdf,,5473402,,done
49,Tadubi,34,34 - New Makhan (B),ENG,final,6.72,AC49_part034_final_ENG.pdf,,5298958,,done
49,Tadubi,35,35 - New Makhan (A),ENG,final,4.9,AC49_part035_final_ENG.pdf,,3751681,,done
49,Tadubi,36,36 - Maram Khullakpa Sagei (A-I),ENG,final,3.63,AC49_part036_final_ENG.pdf,,2697336,,done
49,Tadubi,37,37 - Maram Khullakpa Sagei (A-II),ENG,final,3.98,AC49_part037_final_ENG.pdf,,3003640,,done
49,Tadubi,38,38 - Maram Khullakpa Sagei (B),ENG,final,5.38,AC49_part038_final_ENG.pdf,,4179331,,done
49,Tadubi,39,39 - Maram Makha Sagei (A),ENG,final,4.82,AC49_part039_final_ENG.pdf,,3670502,,done
49,Tadubi,40,40 - Maram Makha Sagei (B),ENG,final,3.66,AC49_part040_final_ENG.pdf,,2719636,,done
49,Tadubi,41,41 - Maram Mathak Sagei (A),ENG,final,6.32,AC49_part041_final_ENG.pdf,,4872609,,done
49,Tadubi,42,42 - Maram Mathak Sagei (B),ENG,final,3.8,AC49_part042_final_ENG.pdf,,2799408,,done
49,Tadubi,43,43 - New Maigaimei,ENG,final,3.18,AC49_part043_final_ENG.pdf,,2302100,,done
49,Tadubi,44,44 - Maram Bazar (A),ENG,final,9.45,AC49_part044_final_ENG.pdf,,7598649,,done
49,Tadubi,45,45 - Maram Bazar (B),ENG,final,5.23,AC49_part045_final_ENG.pdf,,3983695,,done
49,Tadubi,46,46 - Maram Centre,ENG,final,7.53,AC49_part046_final_ENG.pdf,,5936954,,done
49,Tadubi,47,47 - Maram Sangongbam,ENG,final,3.34,AC49_part047_final_ENG.pdf,,2351439,,done
49,Tadubi,48,48 - Maram Kavanam,ENG,final,4.12,AC49_part048_final_ENG.pdf,,3074133,,done
49,Tadubi,49,49 - LairouChing (A),ENG,final,7.14,AC49_part049_final_ENG.pdf,,5614621,,done
49,Tadubi,50,50 - Lairouching (B),ENG,final,5.46,AC49_part050_final_ENG.pdf,,4137696,,done
49,Tadubi,51,51 - Mao Marafii,ENG,final,1.7,AC49_part051_final_ENG.pdf,,1001104,,done
49,Tadubi,52,52 - New Maram,ENG,final,5.84,AC49_part052_final_ENG.pdf,,4566368,,done
49,Tadubi,53,53 - Ramlung,ENG,final,7.95,AC49_part053_final_ENG.pdf,,6298806,,done
49,Tadubi,54,54 - Oklong,ENG,final,3.94,AC49_part054_final_ENG.pdf,,2981526,,done
49,Tadubi,55,55 - Oklong (A),ENG,final,5.17,AC49_part055_final_ENG.pdf,,3984984,,done
49,Tadubi,56,56 - Makuilongdi,ENG,final,4.31,AC49_part056_final_ENG.pdf,,3135434,,done
49,Tadubi,57,57 - Makuilongdi II,ENG,final,5.4,AC49_part057_final_ENG.pdf,,4128834,,done
49,Tadubi,58,58 - Maram Khunou,ENG,final,8.89,AC49_part058_final_ENG.pdf,,6992960,,done
49,Tadubi,59,59 - Katomei(A),ENG,final,8.99,AC49_part059_final_ENG.pdf,,7163866,,done
49,Tadubi,60,60 - Katomei (B),ENG,final,4.99,AC49_part060_final_ENG.pdf,,3827085,,done
49,Tadubi,61,61 - Taphou Naga,ENG,final,3.66,AC49_part061_final_ENG.pdf,,2679125,,done
49,Tadubi,62,62 - Taphou Pudunamei,ENG,final,5.06,AC49_part062_final_ENG.pdf,,3946887,,done
49,Tadubi,63,63 - Taphou Onaeme,ENG,final,8.73,AC49_part063_final_ENG.pdf,,7013864,,done
49,Tadubi,64,64 - Taphou Rikhumei,ENG,final,5.08,AC49_part064_final_ENG.pdf,,3885828,,done
49,Tadubi,65,65 - Taphou Ngaihang,ENG,final,4.92,AC49_part065_final_ENG.pdf,,3753604,,done
49,Tadubi,66,66 - Taphou Phyamai,ENG,final,3.26,AC49_part066_final_ENG.pdf,,2303195,,done
49,Tadubi,67,67 - Emesiiphro,ENG,final,9.33,AC49_part067_final_ENG.pdf,,7421116,,done
49,Tadubi,68,68 - Taphou Nepali,ENG,final,8.96,AC49_part068_final_ENG.pdf,,6660917,,done
49,Tadubi,69,69 - Taphou Kuki,ENG,final,5.17,AC49_part069_final_ENG.pdf,,3925366,,done
49,Tadubi,70,70 - Changoubung,ENG,final,8.66,AC49_part070_final_ENG.pdf,,6878131,,done
49,Tadubi,71,71 - Maohing Kuki,ENG,final,10.13,AC49_part071_final_ENG.pdf,,7811119,,done
49,Tadubi,72,72 - Maohing Nepali,ENG,final,7.77,AC49_part072_final_ENG.pdf,,5941564,,done
49,Tadubi,73,73 - Toribari,ENG,final,9.52,AC49_part073_final_ENG.pdf,,7549265,,done
49,Tadubi,74,74 - Thonglang,ENG,final,5.48,AC49_part074_final_ENG.pdf,,4204947,,done
49,Tadubi,75,75 - Kotlien (A),ENG,final,2.89,AC49_part075_final_ENG.pdf,,2037513,,done
49,Tadubi,76,76 - Kotlien (B),ENG,final,4.23,AC49_part076_final_ENG.pdf,,3118430,,done
49,Tadubi,77,77 - Selsi,ENG,final,5.24,AC49_part077_final_ENG.pdf,,3976038,,done
49,Tadubi,78,78 - T. Waichong,ENG,final,6.96,AC49_part078_final_ENG.pdf,,5401890,,done
49,Tadubi,79,79 - Gelnel,ENG,final,6.28,AC49_part079_final_ENG.pdf,,4811675,,done
49,Tadubi,80,80 - Chalwa (A),ENG,final,1.53,AC49_part080_final_ENG.pdf,,870402,,done
49,Tadubi,81,81 - West Joupi,ENG,final,5.52,AC49_part081_final_ENG.pdf,,4220304,,done
50,Kangpokpi,1,1 - Kangpokpi (A),ENG,final,10.2,AC50_part001_final_ENG.pdf,,8064581,,done
50,Kangpokpi,2,2 - Kangpokpi (A-1),ENG,final,8.7,AC50_part002_final_ENG.pdf,,6804652,,done
50,Kangpokpi,3,3 - Kangpokpi (B),ENG,final,6.15,AC50_part003_final_ENG.pdf,,4664394,,done
50,Kangpokpi,4,4 - Kangpokpi (B-1),ENG,final,7.71,AC50_part004_final_ENG.pdf,,5962234,,done
50,Kangpokpi,5,5 - Kangpokpi (C),ENG,final,9.5,AC50_part005_final_ENG.pdf,,7559644,,done
50,Kangpokpi,6,6 - Haijang,ENG,final,4.2,AC50_part006_final_ENG.pdf,,3095343,,done
50,Kangpokpi,7,7 - L. Songtun,ENG,final,4.25,AC50_part007_final_ENG.pdf,,2927337,,done
50,Kangpokpi,8,8 - Laikot,ENG,final,5.32,AC50_part008_final_ENG.pdf,,3957988,,done
50,Kangpokpi,9,9 - 9-Miles Paodel Basti,ENG,final,7.42,AC50_part009_final_ENG.pdf,,5862829,,done
50,Kangpokpi,10,10 - 12-Miles I.T. Road,ENG,final,7.91,AC50_part010_final_ENG.pdf,,6198996,,done
50,Kangpokpi,11,11 - Manidara,ENG,final,7.19,AC50_part011_final_ENG.pdf,,5497474,,done
50,Kangpokpi,12,12 - School Praganda,ENG,final,6.31,AC50_part012_final_ENG.pdf,,4753119,,done
50,Kangpokpi,13,13 - Panikheti,ENG,final,6.93,AC50_part013_final_ENG.pdf,,5450009,,done
50,Kangpokpi,14,14 - Timsina(A),ENG,final,4.53,AC50_part014_final_ENG.pdf,,3375773,,done
50,Kangpokpi,15,15 - Timsina (B),ENG,final,8.31,AC50_part015_final_ENG.pdf,,6519802,,done
50,Kangpokpi,16,16 - Gorkha Tapon,ENG,final,8.08,AC50_part016_final_ENG.pdf,,6380259,,done
50,Kangpokpi,17,17 - Gorkha Harup,ENG,final,8.46,AC50_part017_final_ENG.pdf,,6624525,,done
50,Kangpokpi,18,18 - Wakotphai,ENG,final,6.09,AC50_part018_final_ENG.pdf,,4563770,,done
50,Kangpokpi,19,19 - Makui Chaljang,ENG,final,4.78,AC50_part019_final_ENG.pdf,,3583101,,done
50,Kangpokpi,20,20 - Makui,ENG,final,6.92,AC50_part020_final_ENG.pdf,,5361680,,done
50,Kangpokpi,21,21 - Makui (A),ENG,final,2.73,AC50_part021_final_ENG.pdf,,1912683,,done
50,Kangpokpi,22,22 - Laloi,ENG,final,6.01,AC50_part022_final_ENG.pdf,,4691095,,done
50,Kangpokpi,23,23 - Kholjang (A),ENG,final,6.36,AC50_part023_final_ENG.pdf,,4946610,,done
50,Kangpokpi,24,24 - Kholjang (B),ENG,final,4.18,AC50_part024_final_ENG.pdf,,3158132,,done
50,Kangpokpi,25,25 - Tujang,ENG,final,9.01,AC50_part025_final_ENG.pdf,,7096939,,done
50,Kangpokpi,26,26 - Parsian,ENG,final,8.65,AC50_part026_final_ENG.pdf,,6782944,,done
50,Kangpokpi,27,27 - Gopibung Kuki,ENG,final,5.92,AC50_part027_final_ENG.pdf,,4665993,,done
50,Kangpokpi,28,28 - K. Songtun,ENG,final,7.93,AC50_part028_final_ENG.pdf,,6224438,,done
50,Kangpokpi,29,29 - Keithelmanbi (A),ENG,final,9.65,AC50_part029_final_ENG.pdf,,7665605,,done
50,Kangpokpi,30,30 - Keithelmanbi (B),ENG,final,5.98,AC50_part030_final_ENG.pdf,,4578830,,done
50,Kangpokpi,31,31 - Keithelmanbi (C),ENG,final,10.01,AC50_part031_final_ENG.pdf,,7955758,,done
50,Kangpokpi,32,32 - Lower Kalapahar (A),ENG,final,9.52,AC50_part032_final_ENG.pdf,,7574701,,done
50,Kangpokpi,33,33 - Lower Kalapahar (B),ENG,final,8.92,AC50_part033_final_ENG.pdf,,7004176,,done
50,Kangpokpi,34,34 - Upper Kalapahar,ENG,final,5.05,AC50_part034_final_ENG.pdf,,3632452,,done
50,Kangpokpi,35,35 - Kalapahar (C ),ENG,final,2.65,AC50_part035_final_ENG.pdf,,1935739,,done
50,Kangpokpi,36,36 - Kharkhola,ENG,final,6.88,AC50_part036_final_ENG.pdf,,5311082,,done
50,Kangpokpi,37,37 - Tumuyon Khunou,ENG,final,6.83,AC50_part037_final_ENG.pdf,,5321725,,done
50,Kangpokpi,38,38 - Tumnoupokpi,ENG,final,5.65,AC50_part038_final_ENG.pdf,,4380098,,done
50,Kangpokpi,39,39 - Daili (A),ENG,final,4.84,AC50_part039_final_ENG.pdf,,3691707,,done
50,Kangpokpi,40,40 - Daili (B),ENG,final,3.75,AC50_part040_final_ENG.pdf,,2843205,,done
50,Kangpokpi,41,41 - Haipi,ENG,final,7.64,AC50_part041_final_ENG.pdf,,5975662,,done
50,Kangpokpi,42,42 - J. Songtun,ENG,final,5.4,AC50_part042_final_ENG.pdf,,4200171,,done
51,Saitu,1,1 - Hengbung,ENG,final,10.49,AC51_part001_final_ENG.pdf,,8273108,,done
51,Saitu,2,2 - Mayangkhang,ENG,final,6.31,AC51_part002_final_ENG.pdf,,4913395,,done
51,Saitu,3,3 - Mayangkhang Khunou,ENG,final,3.91,AC51_part003_final_ENG.pdf,,2925669,,done
51,Saitu,4,4 - Mayangkhang (B),ENG,final,5.81,AC51_part004_final_ENG.pdf,,4455560,,done
51,Saitu,5,5 - Tumuyon Khullen (A),ENG,final,8.71,AC51_part005_final_ENG.pdf,,6897882,,done
51,Saitu,6,6 - Tumuyon Khullen (B),ENG,final,5.18,AC51_part006_final_ENG.pdf,,4050122,,done
51,Saitu,7,7 - Songpehjang,ENG,final,4.46,AC51_part007_final_ENG.pdf,,3327069,,done
51,Saitu,8,8 - Phoibi,ENG,final,8.52,AC51_part008_final_ENG.pdf,,6701450,,done
51,Saitu,9,9 - Bongmol,ENG,final,3.99,AC51_part009_final_ENG.pdf,,2936253,,done
51,Saitu,10,10 - Harup Naga,ENG,final,3.05,AC51_part010_final_ENG.pdf,,2175776,,done
51,Saitu,11,11 - Sapermaina (A),ENG,final,9.9,AC51_part011_final_ENG.pdf,,7829259,,done
51,Saitu,12,12 - Sapermaina(B),ENG,final,8.6,AC51_part012_final_ENG.pdf,,6788136,,done
51,Saitu,13,13 - L. Simol,ENG,final,5.18,AC51_part013_final_ENG.pdf,,3963298,,done
51,Saitu,14,14 - Saitu,ENG,final,5.71,AC51_part014_final_ENG.pdf,,4328821,,done
51,Saitu,15,15 - Sipijang (A),ENG,final,4.36,AC51_part015_final_ENG.pdf,,3201569,,done
51,Saitu,16,16 - L. Khomunnom,ENG,final,4.62,AC51_part016_final_ENG.pdf,,3488186,,done
51,Saitu,17,17 - G. Songlung,ENG,final,4.41,AC51_part017_final_ENG.pdf,,3335921,,done
51,Saitu,18,18 - Motbung (A),ENG,final,10.64,AC51_part018_final_ENG.pdf,,8481487,,done
51,Saitu,19,19 - Motbung (B),ENG,final,9.98,AC51_part019_final_ENG.pdf,,7839506,,done
51,Saitu,20,20 - Motbung (C ),ENG,final,9.32,AC51_part020_final_ENG.pdf,,7303339,,done
51,Saitu,21,21 - Motbung (D),ENG,final,8.27,AC51_part021_final_ENG.pdf,,6503224,,done
51,Saitu,22,22 - Motbung (E),ENG,final,2.47,AC51_part022_final_ENG.pdf,,1696463,,done
51,Saitu,23,23 - Pangmol (A),ENG,final,5.35,AC51_part023_final_ENG.pdf,,4067653,,done
51,Saitu,24,24 - Pangmol (B),ENG,final,3.79,AC51_part024_final_ENG.pdf,,2764992,,done
51,Saitu,25,25 - N. Songlung,ENG,final,5.29,AC51_part025_final_ENG.pdf,,3973839,,done
51,Saitu,26,26 - Charhajare (A),ENG,final,13.23,AC51_part026_final_ENG.pdf,,10441757,,done
51,Saitu,27,27 - Charhajare (B),ENG,final,11.5,AC51_part027_final_ENG.pdf,,9083881,,done
51,Saitu,28,28 - K. Gamnomphai,ENG,final,10.38,AC51_part028_final_ENG.pdf,,8236716,,done
51,Saitu,29,29 - Phaijang (A),ENG,final,7.25,AC51_part029_final_ENG.pdf,,5559878,,done
51,Saitu,30,30 - Phailengkot,ENG,final,6.85,AC51_part030_final_ENG.pdf,,5317383,,done
51,Saitu,31,31 - Khengjang (A),ENG,final,8.45,AC51_part031_final_ENG.pdf,,6703922,,done
51,Saitu,32,32 - Khengjang (B),ENG,final,4.33,AC51_part032_final_ENG.pdf,,3191424,,done
51,Saitu,33,33 - Leilon Vaiphei,ENG,final,7.28,AC51_part033_final_ENG.pdf,,5674016,,done
51,Saitu,34,34 - Leilon Phaijang,ENG,final,6.06,AC51_part034_final_ENG.pdf,,4648149,,done
51,Saitu,35,35 - Khunkho Kuki,ENG,final,9.47,AC51_part035_final_ENG.pdf,,7453576,,done
51,Saitu,36,36 - P. Moulding,ENG,final,9.54,AC51_part036_final_ENG.pdf,,7529887,,done
51,Saitu,37,37 - Leimakhong,ENG,final,10.73,AC51_part037_final_ENG.pdf,,8550918,,done
51,Saitu,38,38 - Leimakhong Mission,ENG,final,5.28,AC51_part038_final_ENG.pdf,,4006344,,done
51,Saitu,39,39 - Kangchup,ENG,final,8.76,AC51_part039_final_ENG.pdf,,6868891,,done
51,Saitu,40,40 - Kangchup Chiru,ENG,final,6.75,AC51_part040_final_ENG.pdf,,5287192,,done
51,Saitu,41,41 - Haraothel,ENG,final,3.23,AC51_part041_final_ENG.pdf,,2287762,,done
51,Saitu,42,42 - Bethel,ENG,final,5.79,AC51_part042_final_ENG.pdf,,4459821,,done
51,Saitu,43,43 - Ireng,ENG,final,7.74,AC51_part043_final_ENG.pdf,,6023548,,done
51,Saitu,44,44 - Longa Koireng,ENG,final,4.46,AC51_part044_final_ENG.pdf,,3268178,,done
51,Saitu,45,45 - Khonglong Kabui,ENG,final,9.5,AC51_part045_final_ENG.pdf,,7508424,,done
51,Saitu,46,46 - New Keithelmanbi,ENG,final,5.32,AC51_part046_final_ENG.pdf,,4019231,,done
51,Saitu,47,47 - Khoripok,ENG,final,6.62,AC51_part047_final_ENG.pdf,,5124091,,done
51,Saitu,48,48 - Sinam Jonhol,ENG,final,3.45,AC51_part048_final_ENG.pdf,,2450277,,done
51,Saitu,49,49 - Veitum Khullen,ENG,final,6.08,AC51_part049_final_ENG.pdf,,4646164,,done
51,Saitu,50,50 - Khoken,ENG,final,6.8,AC51_part050_final_ENG.pdf,,5267107,,done
51,Saitu,51,51 - Charoi Pandongba,ENG,final,6.7,AC51_part051_final_ENG.pdf,,5152610,,done
51,Saitu,52,52 - Kharam Pallen,ENG,final,3.99,AC51_part052_final_ENG.pdf,,2946184,,done
51,Saitu,53,53 - Tingkai Khullen,ENG,final,5.29,AC51_part053_final_ENG.pdf,,4019244,,done
51,Saitu,54,54 - Wainem,ENG,final,3.66,AC51_part054_final_ENG.pdf,,2702109,,done
51,Saitu,55,55 - Bungte Chiru,ENG,final,6.96,AC51_part055_final_ENG.pdf,,5438710,,done
51,Saitu,56,56 - Nungsai Chiru (A),ENG,final,9.71,AC51_part056_final_ENG.pdf,,7692639,,done
51,Saitu,57,57 - Nungsai Chiru (B),ENG,final,6.1,AC51_part057_final_ENG.pdf,,4654951,,done
51,Saitu,58,58 - Dolang Khunou,ENG,final,7.5,AC51_part058_final_ENG.pdf,,5826610,,done
51,Saitu,59,59 - Langka,ENG,final,5.02,AC51_part059_final_ENG.pdf,,3766522,,done
51,Saitu,60,60 - Samuk,ENG,final,4.01,AC51_part060_final_ENG.pdf,,2967175,,done
51,Saitu,61,61 - Jangmol,ENG,final,4.91,AC51_part061_final_ENG.pdf,,3709511,,done
51,Saitu,62,62 - Molnom,ENG,final,3.43,AC51_part062_final_ENG.pdf,,2473087,,done
51,Saitu,63,63 - Makhan (A),ENG,final,8.56,AC51_part063_final_ENG.pdf,,6651345,,done
51,Saitu,64,64 - Makhan (B),ENG,final,4.41,AC51_part064_final_ENG.pdf,,3206677,,done
51,Saitu,65,65 - K. Songlung,ENG,final,4.61,AC51_part065_final_ENG.pdf,,3465686,,done
51,Saitu,66,66 - Ichum Keirap,ENG,final,6.81,AC51_part066_final_ENG.pdf,,5315939,,done
51,Saitu,67,67 - Loibol Khunou,ENG,final,7.53,AC51_part067_final_ENG.pdf,,5857058,,done
51,Saitu,68,68 - C. Phailen,ENG,final,4.4,AC51_part068_final_ENG.pdf,,3288569,,done
52,Tamei,1,1 - Makuinong,ENG,final,7.37,AC52_part001_final_ENG.pdf,,5895589,,done
52,Tamei,2,2 - Lemta,ENG,final,4.6,AC52_part002_final_ENG.pdf,,3605781,,done
52,Tamei,3,3 - New Lemta,ENG,final,3.31,AC52_part003_final_ENG.pdf,,2406424,,done
52,Tamei,4,4 - Nallong,ENG,final,7.07,AC52_part004_final_ENG.pdf,,5565925,,done
52,Tamei,5,5 - Kuilong Part I,ENG,final,6.64,AC52_part005_final_ENG.pdf,,5087171,,done
52,Tamei,6,6 - Kuilong Part II,ENG,final,5.24,AC52_part006_final_ENG.pdf,,3956102,,done
52,Tamei,7,7 - Kuilong Part 3,ENG,final,2.75,AC52_part007_final_ENG.pdf,,1962942,,done
52,Tamei,8,8 - Kadi Part I,ENG,final,4.41,AC52_part008_final_ENG.pdf,,3358322,,done
52,Tamei,9,9 - Kadi Part III,ENG,final,3.1,AC52_part009_final_ENG.pdf,,2219031,,done
52,Tamei,10,10 - Kadi Part IV,ENG,final,4.1,AC52_part010_final_ENG.pdf,,3050695,,done
52,Tamei,11,11 - New Kadi,ENG,final,3.37,AC52_part011_final_ENG.pdf,,2482304,,done
52,Tamei,12,12 - Dunong,ENG,final,5.34,AC52_part012_final_ENG.pdf,,4177077,,done
52,Tamei,13,13 - Illeng,ENG,final,7.62,AC52_part013_final_ENG.pdf,,5963207,,done
52,Tamei,14,14 - Chaton Part I,ENG,final,4.76,AC52_part014_final_ENG.pdf,,3589613,,done
52,Tamei,15,15 - Chaton Part 2,ENG,final,5.58,AC52_part015_final_ENG.pdf,,4278661,,done
52,Tamei,16,16 - Lenglong,ENG,final,9.33,AC52_part016_final_ENG.pdf,,7408027,,done
52,Tamei,17,17 - Lower Takou,ENG,final,5.92,AC52_part017_final_ENG.pdf,,4602161,,done
52,Tamei,18,18 - Upper Takou,ENG,final,2.83,AC52_part018_final_ENG.pdf,,2021971,,done
52,Tamei,19,19 - New Khunphung and Old Khunphung,ENG,final,6.74,AC52_part019_final_ENG.pdf,,5278846,,done
52,Tamei,20,20 - Dikiuram,ENG,final,5.02,AC52_part020_final_ENG.pdf,,3793596,,done
52,Tamei,21,21 - Thenjang,ENG,final,6.11,AC52_part021_final_ENG.pdf,,4718280,,done
52,Tamei,22,22 - New Thenjang,ENG,final,2.62,AC52_part022_final_ENG.pdf,,1808148,,done
52,Tamei,23,23 - Katiang,ENG,final,2.45,AC52_part023_final_ENG.pdf,,1605638,,done
52,Tamei,24,24 - Katangam,ENG,final,2.74,AC52_part024_final_ENG.pdf,,1936316,,done
52,Tamei,25,25 - Magulong,ENG,final,7.5,AC52_part025_final_ENG.pdf,,5931923,,done
52,Tamei,26,26 - Katang,ENG,final,2.98,AC52_part026_final_ENG.pdf,,2144593,,done
52,Tamei,27,27 - Katang Beukam,ENG,final,3.71,AC52_part027_final_ENG.pdf,,2784300,,done
52,Tamei,28,28 - Dulen,ENG,final,2.81,AC52_part028_final_ENG.pdf,,2006749,,done
52,Tamei,29,29 - Tamah,ENG,final,6.61,AC52_part029_final_ENG.pdf,,5127718,,done
52,Tamei,30,30 - Lasan,ENG,final,3.31,AC52_part030_final_ENG.pdf,,2459057,,done
52,Tamei,31,31 - Langmei,ENG,final,8.12,AC52_part031_final_ENG.pdf,,6417989,,done
52,Tamei,32,32 - Tamei HQ. (A),ENG,final,7.56,AC52_part032_final_ENG.pdf,,5976305,,done
52,Tamei,33,33 - Tamei HQ. (B),ENG,final,7.2,AC52_part033_final_ENG.pdf,,5667060,,done
52,Tamei,34,34 - Inem,ENG,final,4.04,AC52_part034_final_ENG.pdf,,2970205,,done
52,Tamei,35,35 - Zening,ENG,final,4.44,AC52_part035_final_ENG.pdf,,3316009,,done
52,Tamei,36,36 - New Magulong,ENG,final,2.61,AC52_part036_final_ENG.pdf,,1863231,,done
52,Tamei,37,37 - Impah,ENG,final,5.98,AC52_part037_final_ENG.pdf,,4640030,,done
52,Tamei,38,38 - Phoklong Khullen,ENG,final,7.84,AC52_part038_final_ENG.pdf,,6119564,,done
52,Tamei,39,39 - Teguaram,ENG,final,4.47,AC52_part039_final_ENG.pdf,,3307227,,done
52,Tamei,40,40 - Langpram,ENG,final,4.47,AC52_part040_final_ENG.pdf,,3376162,,done
52,Tamei,41,41 - Kabuanram (Taloulong),ENG,final,2.16,AC52_part041_final_ENG.pdf,,1388826,,done
52,Tamei,42,42 - Piulong (Buning),ENG,final,3.43,AC52_part042_final_ENG.pdf,,2496028,,done
52,Tamei,43,43 - Atang Khunou,ENG,final,3.59,AC52_part043_final_ENG.pdf,,2545341,,done
52,Tamei,44,44 - Lamlaba,ENG,final,4.72,AC52_part044_final_ENG.pdf,,3652676,,done
52,Tamei,45,45 - Thiujaining,ENG,final,1.84,AC52_part045_final_ENG.pdf,,1168748,,done
52,Tamei,46,46 - Taipram,ENG,final,2.78,AC52_part046_final_ENG.pdf,,2034639,,done
52,Tamei,47,47 - Taningjam,ENG,final,6.95,AC52_part047_final_ENG.pdf,,5372663,,done
52,Tamei,48,48 - Tousem Khullen,ENG,final,6.88,AC52_part048_final_ENG.pdf,,5344373,,done
52,Tamei,49,49 - New Pallong,ENG,final,8.16,AC52_part049_final_ENG.pdf,,6347099,,done
52,Tamei,50,50 - Khundong Khunkhaiba,ENG,final,6.94,AC52_part050_final_ENG.pdf,,5407801,,done
52,Tamei,51,51 - Nurathen,ENG,final,3.21,AC52_part051_final_ENG.pdf,,2325871,,done
52,Tamei,52,52 - Tabam,ENG,final,1.94,AC52_part052_final_ENG.pdf,,1254560,,done
52,Tamei,53,53 - Namtiram,ENG,final,3.81,AC52_part053_final_ENG.pdf,,2751927,,done
52,Tamei,54,54 - Namtiram Part 1,ENG,final,2.09,AC52_part054_final_ENG.pdf,,1416012,,done
52,Tamei,55,55 - Phellong,ENG,final,4.6,AC52_part055_final_ENG.pdf,,3406320,,done
52,Tamei,56,56 - Tousem Khunou,ENG,final,7.65,AC52_part056_final_ENG.pdf,,5971088,,done
52,Tamei,57,57 - Azuram,ENG,final,5.9,AC52_part057_final_ENG.pdf,,4528877,,done
52,Tamei,58,58 - Chramram,ENG,final,5.77,AC52_part058_final_ENG.pdf,,4427288,,done
52,Tamei,59,59 - Mandu,ENG,final,6.59,AC52_part059_final_ENG.pdf,,5081350,,done
52,Tamei,60,60 - New Mandeu,ENG,final,2.35,AC52_part060_final_ENG.pdf,,1600624,,done
52,Tamei,61,61 - Deigie,ENG,final,3.17,AC52_part061_final_ENG.pdf,,2283447,,done
52,Tamei,62,62 - Thiulon,ENG,final,7.84,AC52_part062_final_ENG.pdf,,6175132,,done
52,Tamei,63,63 - Vanchengphai,ENG,final,2.09,AC52_part063_final_ENG.pdf,,1407031,,done
52,Tamei,64,64 - Njungkok,ENG,final,3.07,AC52_part064_final_ENG.pdf,,2166566,,done
52,Tamei,65,65 - Pumram,ENG,final,2.28,AC52_part065_final_ENG.pdf,,1577703,,done
52,Tamei,66,66 - Impa Nkang,ENG,final,4.13,AC52_part066_final_ENG.pdf,,3103743,,done
52,Tamei,67,67 - Aben,ENG,final,4.75,AC52_part067_final_ENG.pdf,,3552756,,done
52,Tamei,68,68 - Atengba,ENG,final,3.92,AC52_part068_final_ENG.pdf,,2915649,,done
52,Tamei,69,69 - Impa Ningdi,ENG,final,3.18,AC52_part069_final_ENG.pdf,,2275924,,done
52,Tamei,70,70 - Zeilatjang,ENG,final,2.35,AC52_part070_final_ENG.pdf,,1625669,,done
52,Tamei,71,71 - Taijijang,ENG,final,2.22,AC52_part071_final_ENG.pdf,,1515319,,done
52,Tamei,72,72 - Longchai,ENG,final,3.31,AC52_part072_final_ENG.pdf,,2329402,,done
52,Tamei,73,73 - Chingkao,ENG,final,3.38,AC52_part073_final_ENG.pdf,,2478639,,done
52,Tamei,74,74 - Chingkao-II,ENG,final,1.71,AC52_part074_final_ENG.pdf,,1061297,,done
52,Tamei,75,75 - New Kaiphundai,ENG,final,4.15,AC52_part075_final_ENG.pdf,,3040811,,done
52,Tamei,76,76 - Rangkekiulong,ENG,final,1.7,AC52_part076_final_ENG.pdf,,1079702,,done
52,Tamei,77,77 - Nungkao,ENG,final,3.75,AC52_part077_final_ENG.pdf,,2702944,,done
52,Tamei,78,78 - Nungkao-III,ENG,final,3.88,AC52_part078_final_ENG.pdf,,2807820,,done
52,Tamei,79,79 - Longjon,ENG,final,1.6,AC52_part079_final_ENG.pdf,,1048757,,done
52,Tamei,80,80 - Chingkhonglong,ENG,final,2.21,AC52_part080_final_ENG.pdf,,1478073,,done
52,Tamei,81,81 - Phaitol (A),ENG,final,7.98,AC52_part081_final_ENG.pdf,,6242279,,done
52,Tamei,82,82 - Khedagor Khasia,ENG,final,1.65,AC52_part082_final_ENG.pdf,,1020006,,done
52,Tamei,83,83 - Kamaranga Khasia,ENG,final,2.1,AC52_part083_final_ENG.pdf,,1419838,,done
52,Tamei,84,84 - Sibilong Part-I,ENG,final,3.34,AC52_part084_final_ENG.pdf,,2369502,,done
52,Tamei,85,85 - Sibilong Part-II,ENG,final,5.1,AC52_part085_final_ENG.pdf,,3834877,,done
52,Tamei,86,86 - MuktoKhal,ENG,final,6.4,AC52_part086_final_ENG.pdf,,4985449,,done
52,Tamei,87,87 - Vangaichungpao,ENG,final,3.52,AC52_part087_final_ENG.pdf,,2644009,,done
52,Tamei,88,88 - Old Kaiphundai,ENG,final,2.44,AC52_part088_final_ENG.pdf,,1632499,,done
52,Tamei,89,89 - Thingtudbung,ENG,final,1.45,AC52_part089_final_ENG.pdf,,888259,,done
52,Tamei,90,90 - Oinamlong (A),ENG,final,7.62,AC52_part090_final_ENG.pdf,,5857612,,done
52,Tamei,91,91 - Oinamlong (B),ENG,final,4.22,AC52_part091_final_ENG.pdf,,3104743,,done
52,Tamei,92,92 - Kaimai,ENG,final,7.99,AC52_part092_final_ENG.pdf,,6283325,,done
52,Tamei,93,93 - Thingchamphai,ENG,final,2.22,AC52_part093_final_ENG.pdf,,1498719,,done
53,Tamenglong,1,1 - L. Pabram,ENG,final,2.9,AC53_part001_final_ENG.pdf,,2076530,,done
53,Tamenglong,2,2 - Atongiuning,ENG,final,2.68,AC53_part002_final_ENG.pdf,,1842284,,done
53,Tamenglong,3,3 - Tharon,ENG,final,9.25,AC53_part003_final_ENG.pdf,,7312404,,done
53,Tamenglong,4,4 - Sonram (Lower),ENG,final,6.74,AC53_part004_final_ENG.pdf,,5212746,,done
53,Tamenglong,5,5 - Sonram (Upper),ENG,final,2.95,AC53_part005_final_ENG.pdf,,2074869,,done
53,Tamenglong,6,6 - Thingra,ENG,final,5.27,AC53_part006_final_ENG.pdf,,4015744,,done
53,Tamenglong,7,7 - Kajinglong,ENG,final,2.39,AC53_part007_final_ENG.pdf,,1665112,,done
53,Tamenglong,8,8 - Dailong (A),ENG,final,5.56,AC53_part008_final_ENG.pdf,,4306021,,done
53,Tamenglong,9,9 - Dailong (B),ENG,final,5.64,AC53_part009_final_ENG.pdf,,4344452,,done
53,Tamenglong,10,10 - Tamenglong  Ward No. (VIII),ENG,final,4.9,AC53_part010_final_ENG.pdf,,3749580,,done
53,Tamenglong,11,"11 -  Tamenglong  Ward No. (VII) (Chabagan, Khunjao)",ENG,final,7.07,AC53_part011_final_ENG.pdf,,5564065,,done
53,Tamenglong,12,12 - Tamenglong Village B,ENG,final,7.18,AC53_part012_final_ENG.pdf,,5622431,,done
53,Tamenglong,13,13 - Tamenglong HQ Ward No. I,ENG,final,7.07,AC53_part013_final_ENG.pdf,,5460385,,done
53,Tamenglong,14,14 - Tamenglong HQ Ward No. VI,ENG,final,6.76,AC53_part014_final_ENG.pdf,,5238781,,done
53,Tamenglong,15,15 - Tamenglong HQ Ward No. V (A),ENG,final,7.9,AC53_part015_final_ENG.pdf,,6161556,,done
53,Tamenglong,16,16 - Tamenglong HQ Ward No. V (B),ENG,final,9.1,AC53_part016_final_ENG.pdf,,7104221,,done
53,Tamenglong,17,17 - Tamenglong HQ Ward No.III (A),ENG,final,7.61,AC53_part017_final_ENG.pdf,,5913312,,done
53,Tamenglong,18,18 - Tamenglong HQ Ward No.III (B),ENG,final,8.95,AC53_part018_final_ENG.pdf,,6887525,,done
53,Tamenglong,19,"19 - Ramgailong, Tamenglong HQ Ward No.III (C)",ENG,final,4.27,AC53_part019_final_ENG.pdf,,3036636,,done
53,Tamenglong,20,20 - Tamenglong HQ Ward No. (IVA),ENG,final,12.16,AC53_part020_final_ENG.pdf,,9679104,,done
53,Tamenglong,21,21 - Tamenglong HQ Ward No. (IVB),ENG,final,10.7,AC53_part021_final_ENG.pdf,,8401539,,done
53,Tamenglong,22,22 - Tamenglong Ward No.II-(A),ENG,final,9.37,AC53_part022_final_ENG.pdf,,7327608,,done
53,Tamenglong,23,23 - Tamenglong Ward No.II-(B),ENG,final,3.32,AC53_part023_final_ENG.pdf,,2408629,,done
53,Tamenglong,24,24 - Tamenglong HQs Ward No.II(S/W),ENG,final,5.36,AC53_part024_final_ENG.pdf,,4014940,,done
53,Tamenglong,25,25 - Tamenglong HQs Ward No.II,ENG,final,6.93,AC53_part025_final_ENG.pdf,,5205476,,done
53,Tamenglong,26,26 - Kabui Khullen Part-I,ENG,final,3.37,AC53_part026_final_ENG.pdf,,2456592,,done
53,Tamenglong,27,27 - Kabui Khullen Part-II,ENG,final,3.71,AC53_part027_final_ENG.pdf,,2730058,,done
53,Tamenglong,28,28 - Phalong Part-I,ENG,final,4.37,AC53_part028_final_ENG.pdf,,3286910,,done
53,Tamenglong,29,29 - Phalong Part-III,ENG,final,4.97,AC53_part029_final_ENG.pdf,,3785881,,done
53,Tamenglong,30,30 - Phalong Part II,ENG,final,2.32,AC53_part030_final_ENG.pdf,,1559408,,done
53,Tamenglong,31,31 - Chiulon(Khongjaron),ENG,final,5.86,AC53_part031_final_ENG.pdf,,4496763,,done
53,Tamenglong,32,32 - Khangchiuluan,ENG,final,4.05,AC53_part032_final_ENG.pdf,,3036543,,done
53,Tamenglong,33,33 - Dauigailong,ENG,final,6.51,AC53_part033_final_ENG.pdf,,5051744,,done
53,Tamenglong,34,34 - Wairongba,ENG,final,5.72,AC53_part034_final_ENG.pdf,,4418664,,done
53,Tamenglong,35,35 - Duiluan Part 2,ENG,final,5.66,AC53_part035_final_ENG.pdf,,4429323,,done
53,Tamenglong,36,36 - Nagaching Kabui,ENG,final,3.89,AC53_part036_final_ENG.pdf,,2917992,,done
53,Tamenglong,37,37 - Nagaching Part-II,ENG,final,3.67,AC53_part037_final_ENG.pdf,,2759448,,done
53,Tamenglong,38,38 - Oktan,ENG,final,5.38,AC53_part038_final_ENG.pdf,,4195140,,done
53,Tamenglong,39,39 - Bakua,ENG,final,2.82,AC53_part039_final_ENG.pdf,,2042897,,done
53,Tamenglong,40,40 - Puching,ENG,final,3.45,AC53_part040_final_ENG.pdf,,2534493,,done
53,Tamenglong,41,41 - Guangram,ENG,final,2.29,AC53_part041_final_ENG.pdf,,1527636,,done
53,Tamenglong,42,42 - Akhui,ENG,final,5.26,AC53_part042_final_ENG.pdf,,4077630,,done
53,Tamenglong,43,43 - Kahulong,ENG,final,6.56,AC53_part043_final_ENG.pdf,,5115735,,done
53,Tamenglong,44,44 - Ramlalong,ENG,final,1.85,AC53_part044_final_ENG.pdf,,1192090,,done
53,Tamenglong,45,45 - Bamgaijang,ENG,final,4.77,AC53_part045_final_ENG.pdf,,3614088,,done
53,Tamenglong,46,46 - Rangkhung,ENG,final,8.57,AC53_part046_final_ENG.pdf,,6731028,,done
53,Tamenglong,47,47 - Khumji (Lukhambi),ENG,final,7.63,AC53_part047_final_ENG.pdf,,6026495,,done
53,Tamenglong,48,48 - Khumji-I (Lukhambi),ENG,final,1.97,AC53_part048_final_ENG.pdf,,1207357,,done
53,Tamenglong,49,49 - Khumji Part-III,ENG,final,3.2,AC53_part049_final_ENG.pdf,,2266441,,done
53,Tamenglong,50,50 - Haochong-A,ENG,final,7.76,AC53_part050_final_ENG.pdf,,6147159,,done
53,Tamenglong,51,51 - Haochong-B,ENG,final,3.41,AC53_part051_final_ENG.pdf,,2487067,,done
53,Tamenglong,52,52 - Pungmon,ENG,final,4.12,AC53_part052_final_ENG.pdf,,3069673,,done
53,Tamenglong,53,53 - Taobam,ENG,final,4.19,AC53_part053_final_ENG.pdf,,3091722,,done
53,Tamenglong,54,54 - Sanglungpang,ENG,final,5.35,AC53_part054_final_ENG.pdf,,4191779,,done
53,Tamenglong,55,55 - Tabanglong,ENG,final,2.63,AC53_part055_final_ENG.pdf,,1824733,,done
53,Tamenglong,56,56 - Karuangmuan,ENG,final,4.89,AC53_part056_final_ENG.pdf,,3712864,,done
53,Tamenglong,57,57 - Karuangmuan-II,ENG,final,2.53,AC53_part057_final_ENG.pdf,,1751512,,done
53,Tamenglong,58,58 - Kaikao,ENG,final,6.48,AC53_part058_final_ENG.pdf,,5063508,,done
53,Tamenglong,59,59 - Sempang,ENG,final,2.79,AC53_part059_final_ENG.pdf,,1931720,,done
53,Tamenglong,60,60 - Luangchum Part-I,ENG,final,10.18,AC53_part060_final_ENG.pdf,,8003873,,done
53,Tamenglong,61,61 - Luangchum Part-II,ENG,final,3.15,AC53_part061_final_ENG.pdf,,2267545,,done
53,Tamenglong,62,62 - Makhuam (Marangjing),ENG,final,7.83,AC53_part062_final_ENG.pdf,,6086316,,done
53,Tamenglong,63,63 - Makhuam (IV),ENG,final,2.96,AC53_part063_final_ENG.pdf,,1959760,,done
53,Tamenglong,64,64 - Makhuam Part 1 and Part 2,ENG,final,2.79,AC53_part064_final_ENG.pdf,,1967173,,done
54,Nungba,1,1 - Khongsang,ENG,final,6.07,AC54_part001_final_ENG.pdf,,4639251,,done
54,Nungba,2,2 - Longmai A,ENG,final,5.8,AC54_part002_final_ENG.pdf,,4415056,,done
54,Nungba,3,3 - Longmai C,ENG,final,5.4,AC54_part003_final_ENG.pdf,,4120646,,done
54,Nungba,4,4 - Longmai (B),ENG,final,8.95,AC54_part004_final_ENG.pdf,,7141437,,done
54,Nungba,5,5 - Longmai-D,ENG,final,8.18,AC54_part005_final_ENG.pdf,,6427386,,done
54,Nungba,6,6 - Longmai IV (B),ENG,final,7.1,AC54_part006_final_ENG.pdf,,5544709,,done
54,Nungba,7,7 - Okoklong,ENG,final,3.36,AC54_part007_final_ENG.pdf,,2448695,,done
54,Nungba,8,8 - Thingou,ENG,final,3.34,AC54_part008_final_ENG.pdf,,2450832,,done
54,Nungba,9,9 - Rengpang,ENG,final,6.42,AC54_part009_final_ENG.pdf,,5041068,,done
54,Nungba,10,10 - Mongjarong khunou,ENG,final,5.16,AC54_part010_final_ENG.pdf,,3952644,,done
54,Nungba,11,11 - Nungnang (A),ENG,final,6.93,AC54_part011_final_ENG.pdf,,5424097,,done
54,Nungba,12,12 - Nungnang (B),ENG,final,7.7,AC54_part012_final_ENG.pdf,,6018300,,done
54,Nungba,13,13 - Tupul,ENG,final,10.05,AC54_part013_final_ENG.pdf,,7931031,,done
54,Nungba,14,14 - Tupul B,ENG,final,4.07,AC54_part014_final_ENG.pdf,,3021050,,done
54,Nungba,15,15 - Taosang Khullen,ENG,final,5.01,AC54_part015_final_ENG.pdf,,3759287,,done
54,Nungba,16,16 - Taosang Khunou,ENG,final,3.22,AC54_part016_final_ENG.pdf,,2283438,,done
54,Nungba,17,17 - Leishok,ENG,final,4.14,AC54_part017_final_ENG.pdf,,3084810,,done
54,Nungba,18,18 - Taodaijang,ENG,final,5.69,AC54_part018_final_ENG.pdf,,4390707,,done
54,Nungba,19,19 - Nungba (A),ENG,final,8.07,AC54_part019_final_ENG.pdf,,6350377,,done
54,Nungba,20,20 - Nungba (B),ENG,final,8.15,AC54_part020_final_ENG.pdf,,6440556,,done
54,Nungba,21,21 - Tajeiphun (Kekru),ENG,final,4.62,AC54_part021_final_ENG.pdf,,3463432,,done
54,Nungba,22,22 - Bolongdai,ENG,final,7.22,AC54_part022_final_ENG.pdf,,5664146,,done
54,Nungba,23,23 - Kambiron,ENG,final,7.78,AC54_part023_final_ENG.pdf,,6093829,,done
54,Nungba,24,24 - Thangal,ENG,final,10.28,AC54_part024_final_ENG.pdf,,8207285,,done
54,Nungba,25,25 - Lamdangmei,ENG,final,5.65,AC54_part025_final_ENG.pdf,,4339405,,done
54,Nungba,26,26 - Lubanglong,ENG,final,7.13,AC54_part026_final_ENG.pdf,,5640859,,done
54,Nungba,27,27 - Gahtao,ENG,final,4.03,AC54_part027_final_ENG.pdf,,2999905,,done
54,Nungba,28,28 - Dollang,ENG,final,7.65,AC54_part028_final_ENG.pdf,,6045961,,done
54,Nungba,29,29 - Sangji,ENG,final,3.53,AC54_part029_final_ENG.pdf,,2592877,,done
54,Nungba,30,30 - Namkaolong,ENG,final,10.28,AC54_part030_final_ENG.pdf,,8145565,,done
54,Nungba,31,31 - Thanagong,ENG,final,6.31,AC54_part031_final_ENG.pdf,,4884806,,done
54,Nungba,32,32 - Gaidimjang (A),ENG,final,6.14,AC54_part032_final_ENG.pdf,,4712311,,done
54,Nungba,33,33 - Gaidimjang (B),ENG,final,7.31,AC54_part033_final_ENG.pdf,,5679715,,done
54,Nungba,34,34 - Satudai,ENG,final,10.33,AC54_part034_final_ENG.pdf,,8284398,,done
54,Nungba,35,35 - Khoupum  Taodaijang,ENG,final,6.1,AC54_part035_final_ENG.pdf,,4722331,,done
54,Nungba,36,36 - Mukti khullen,ENG,final,7.03,AC54_part036_final_ENG.pdf,,5519080,,done
54,Nungba,37,37 - Muktina,ENG,final,2.47,AC54_part037_final_ENG.pdf,,1668238,,done
54,Nungba,38,38 - Longkaiphun,ENG,final,3.8,AC54_part038_final_ENG.pdf,,2755777,,done
54,Nungba,39,39 - Nungbai,ENG,final,4.04,AC54_part039_final_ENG.pdf,,3033972,,done
54,Nungba,40,40 - Nungadang,ENG,final,7.95,AC54_part040_final_ENG.pdf,,6245188,,done
54,Nungba,41,41 - Gangluan-A,ENG,final,4.52,AC54_part041_final_ENG.pdf,,3408428,,done
54,Nungba,42,42 - Gangluan-B,ENG,final,3.33,AC54_part042_final_ENG.pdf,,2383416,,done
54,Nungba,43,43 - Nungsai-A,ENG,final,2.89,AC54_part043_final_ENG.pdf,,2021523,,done
54,Nungba,44,44 - Nungsai-B,ENG,final,3.05,AC54_part044_final_ENG.pdf,,2100686,,done
54,Nungba,45,45 - Joujangtek,ENG,final,3.15,AC54_part045_final_ENG.pdf,,2232569,,done
54,Nungba,46,46 - Longpi,ENG,final,3.34,AC54_part046_final_ENG.pdf,,2456034,,done
54,Nungba,47,47 - Teikhang,ENG,final,2.38,AC54_part047_final_ENG.pdf,,1686150,,done
54,Nungba,48,48 - Sempat Gangte,ENG,final,2.22,AC54_part048_final_ENG.pdf,,1482406,,done
54,Nungba,49,49 - Chongmun,ENG,final,2.39,AC54_part049_final_ENG.pdf,,1714593,,done
54,Nungba,50,50 - Tuiphai,ENG,final,2.21,AC54_part050_final_ENG.pdf,,1468347,,done
54,Nungba,51,51 - Longphailum,ENG,final,2.58,AC54_part051_final_ENG.pdf,,1804426,,done
54,Nungba,52,52 - Gallon,ENG,final,2.08,AC54_part052_final_ENG.pdf,,1408633,,done
55,Tipaimukh,1,1 - Chingmun,ENG,final,1.91,AC55_part001_final_ENG.pdf,,1192452,,done
55,Tipaimukh,2,2 - Doltang,ENG,final,1.28,AC55_part002_final_ENG.pdf,,650070,,done
55,Tipaimukh,3,3 - Hengchungpunji,ENG,final,6.05,AC55_part003_final_ENG.pdf,,4688792,,done
55,Tipaimukh,4,4 - Suangphumun,ENG,final,2.79,AC55_part004_final_ENG.pdf,,1919082,,done
55,Tipaimukh,5,5 - Tuisen,ENG,final,4.53,AC55_part005_final_ENG.pdf,,3404519,,done
55,Tipaimukh,6,6 - Nungsekpunjee,ENG,final,2.27,AC55_part006_final_ENG.pdf,,1507917,,done
55,Tipaimukh,7,7 - Muolkhangthol,ENG,final,2.05,AC55_part007_final_ENG.pdf,,1338447,,done
55,Tipaimukh,8,8 - Buangmun,ENG,final,3.49,AC55_part008_final_ENG.pdf,,2552353,,done
55,Tipaimukh,9,9 - Phaibok Hmunte,ENG,final,1.18,AC55_part009_final_ENG.pdf,,624472,,done
55,Tipaimukh,10,10 - Sibapurikhal,ENG,final,7.33,AC55_part010_final_ENG.pdf,,5851587,,done
55,Tipaimukh,11,11 - Savomphai,ENG,final,2.75,AC55_part011_final_ENG.pdf,,1933179,,done
55,Tipaimukh,12,12 - Khangbor,ENG,final,6.19,AC55_part012_final_ENG.pdf,,4812484,,done
55,Tipaimukh,13,13 - Upper Kharkhuplein,ENG,final,3.72,AC55_part013_final_ENG.pdf,,2860328,,done
55,Tipaimukh,14,14 - Kh. Jeikhan,ENG,final,2.17,AC55_part014_final_ENG.pdf,,1430482,,done
55,Tipaimukh,15,15 - Tieulien,ENG,final,2.53,AC55_part015_final_ENG.pdf,,1740249,,done
55,Tipaimukh,16,16 - Thingkaldor,ENG,final,1.33,AC55_part016_final_ENG.pdf,,765696,,done
55,Tipaimukh,17,17 - Thingpuikhuol,ENG,final,3.6,AC55_part017_final_ENG.pdf,,2644678,,done
55,Tipaimukh,18,18 - Kangrengdhor,ENG,final,5.31,AC55_part018_final_ENG.pdf,,4078677,,done
55,Tipaimukh,19,19 - Kangreng,ENG,final,4.51,AC55_part019_final_ENG.pdf,,3415481,,done
55,Tipaimukh,20,20 - Hmar Maulien,ENG,final,2.83,AC55_part020_final_ENG.pdf,,1950231,,done
55,Tipaimukh,21,21 - Tuobung,ENG,final,5.02,AC55_part021_final_ENG.pdf,,3812854,,done
55,Tipaimukh,22,22 - Ngampabung,ENG,final,4.28,AC55_part022_final_ENG.pdf,,3224697,,done
55,Tipaimukh,23,23 - Thingkal,ENG,final,2.11,AC55_part023_final_ENG.pdf,,1450395,,done
55,Tipaimukh,24,24 - Phulpui,ENG,final,3.79,AC55_part024_final_ENG.pdf,,2784091,,done
55,Tipaimukh,25,25 - Patpuihmun,ENG,final,6.9,AC55_part025_final_ENG.pdf,,5362209,,done
55,Tipaimukh,26,26 - Taithul,ENG,final,6.66,AC55_part026_final_ENG.pdf,,5229390,,done
55,Tipaimukh,27,27 - Sartuinek,ENG,final,5.61,AC55_part027_final_ENG.pdf,,4250361,,done
55,Tipaimukh,28,28 - Parbung (A),ENG,final,7.45,AC55_part028_final_ENG.pdf,,5857375,,done
55,Tipaimukh,29,29 - Parbung (B),ENG,final,5.6,AC55_part029_final_ENG.pdf,,4288908,,done
55,Tipaimukh,30,30 - Parbung (C),ENG,final,7.4,AC55_part030_final_ENG.pdf,,5816406,,done
55,Tipaimukh,31,31 - Lungthulien(A),ENG,final,7.09,AC55_part031_final_ENG.pdf,,5614658,,done
55,Tipaimukh,32,32 - Lungthulien(B),ENG,final,6.4,AC55_part032_final_ENG.pdf,,4965757,,done
55,Tipaimukh,33,33 - Sipuikon,ENG,final,6.1,AC55_part033_final_ENG.pdf,,4746480,,done
55,Tipaimukh,34,34 - Rovakot,ENG,final,4.07,AC55_part034_final_ENG.pdf,,3051480,,done
55,Tipaimukh,35,35 - Senvon (A),ENG,final,9.76,AC55_part035_final_ENG.pdf,,7791633,,done
55,Tipaimukh,36,36 - Senvon (B),ENG,final,8.62,AC55_part036_final_ENG.pdf,,6817502,,done
55,Tipaimukh,37,37 - Parvachom,ENG,final,7.4,AC55_part037_final_ENG.pdf,,5783356,,done
56,Thanlon,1,1 - Phaikholum (J),ENG,final,3.59,AC56_part001_final_ENG.pdf,,2678033,,done
56,Thanlon,2,2 - Phaijang,ENG,final,5.57,AC56_part002_final_ENG.pdf,,4357217,,done
56,Thanlon,3,3 - Tangnuom,ENG,final,2.15,AC56_part003_final_ENG.pdf,,1426651,,done
56,Thanlon,4,4 - Savaipaih,ENG,final,4.17,AC56_part004_final_ENG.pdf,,3147259,,done
56,Thanlon,5,5 - Songsang,ENG,final,4.86,AC56_part005_final_ENG.pdf,,3745806,,done
56,Thanlon,6,6 - Dailon,ENG,final,2.05,AC56_part006_final_ENG.pdf,,1354329,,done
56,Thanlon,7,7 - Milongmun,ENG,final,2.54,AC56_part007_final_ENG.pdf,,1757379,,done
56,Thanlon,8,8 - Gamhui,ENG,final,3.27,AC56_part008_final_ENG.pdf,,2369316,,done
56,Thanlon,9,9 - Leijangphai,ENG,final,8.31,AC56_part009_final_ENG.pdf,,6690667,,done
56,Thanlon,10,10 - Maite,ENG,final,3.53,AC56_part010_final_ENG.pdf,,2554580,,done
56,Thanlon,11,11 - Phaipheng,ENG,final,3.51,AC56_part011_final_ENG.pdf,,2583985,,done
56,Thanlon,12,12 - Mualkui,ENG,final,4.83,AC56_part012_final_ENG.pdf,,3689332,,done
56,Thanlon,13,13 - Phailianbung,ENG,final,4.41,AC56_part013_final_ENG.pdf,,3285051,,done
56,Thanlon,14,14 - Kaihlam,ENG,final,2.03,AC56_part014_final_ENG.pdf,,1326066,,done
56,Thanlon,15,15 - Pamjal,ENG,final,4.63,AC56_part015_final_ENG.pdf,,3511146,,done
56,Thanlon,16,16 - Sainoujang,ENG,final,3.21,AC56_part016_final_ENG.pdf,,2336344,,done
56,Thanlon,17,17 - Suangpehmun,ENG,final,2.48,AC56_part017_final_ENG.pdf,,1702540,,done
56,Thanlon,18,18 - Galkapkot,ENG,final,1.75,AC56_part018_final_ENG.pdf,,1052408,,done
56,Thanlon,19,19 - Tinsuong,ENG,final,6.77,AC56_part019_final_ENG.pdf,,5311746,,done
56,Thanlon,20,20 - Damdie,ENG,final,6.02,AC56_part020_final_ENG.pdf,,4689668,,done
56,Thanlon,21,21 - Pherzawl,ENG,final,8.97,AC56_part021_final_ENG.pdf,,7206758,,done
56,Thanlon,22,22 - Tallan,ENG,final,3.09,AC56_part022_final_ENG.pdf,,2251180,,done
56,Thanlon,23,23 - Loibual,ENG,final,1.65,AC56_part023_final_ENG.pdf,,986959,,done
56,Thanlon,24,24 - Thanlon (A),ENG,final,4.37,AC56_part024_final_ENG.pdf,,3337244,,done
56,Thanlon,25,25 - Thanlon (B),ENG,final,4.2,AC56_part025_final_ENG.pdf,,3136177,,done
56,Thanlon,26,26 - Joutung,ENG,final,3.91,AC56_part026_final_ENG.pdf,,2905144,,done
56,Thanlon,27,27 - Dialkhai,ENG,final,3.89,AC56_part027_final_ENG.pdf,,2883739,,done
56,Thanlon,28,28 - Mualnuam,ENG,final,7.42,AC56_part028_final_ENG.pdf,,5877504,,done
56,Thanlon,29,29 - Songtal,ENG,final,6.26,AC56_part029_final_ENG.pdf,,4879291,,done
56,Thanlon,30,30 - Sumtuk,ENG,final,2.49,AC56_part030_final_ENG.pdf,,1828739,,done
56,Thanlon,31,31 - Palkhuang,ENG,final,2.32,AC56_part031_final_ENG.pdf,,1567082,,done
56,Thanlon,32,32 - Bukpi (1),ENG,final,5.69,AC56_part032_final_ENG.pdf,,4398279,,done
56,Thanlon,33,33 - Bukpi (2),ENG,final,4.83,AC56_part033_final_ENG.pdf,,3743936,,done
56,Thanlon,34,34 - Hanship,ENG,final,3.23,AC56_part034_final_ENG.pdf,,2357968,,done
56,Thanlon,35,35 - Leisen,ENG,final,5.99,AC56_part035_final_ENG.pdf,,4679862,,done
56,Thanlon,36,36 - Bungpilon,ENG,final,2.73,AC56_part036_final_ENG.pdf,,1926091,,done
56,Thanlon,37,37 - Aibulon,ENG,final,2.21,AC56_part037_final_ENG.pdf,,1486462,,done
56,Thanlon,38,38 - Khajang,ENG,final,2.93,AC56_part038_final_ENG.pdf,,2150892,,done
56,Thanlon,39,39 - Phaitong,ENG,final,2.64,AC56_part039_final_ENG.pdf,,1831061,,done
56,Thanlon,40,40 - Sinjol,ENG,final,8.66,AC56_part040_final_ENG.pdf,,6879160,,done
56,Thanlon,41,41 - Khuanggin,ENG,final,2.04,AC56_part041_final_ENG.pdf,,1294995,,done
57,Henglep,1,1 - Sanglel,ENG,final,2.55,AC57_part001_final_ENG.pdf,,1792659,,done
57,Henglep,2,2 - Phaibong,ENG,final,2.69,AC57_part002_final_ENG.pdf,,1938917,,done
57,Henglep,3,3 - Songkong,ENG,final,3.07,AC57_part003_final_ENG.pdf,,2223064,,done
57,Henglep,4,4 - Khanpi,ENG,final,3.18,AC57_part004_final_ENG.pdf,,2300139,,done
57,Henglep,5,5 - Lailong (S),ENG,final,2.3,AC57_part005_final_ENG.pdf,,1559130,,done
57,Henglep,6,6 - Napphou,ENG,final,2.44,AC57_part006_final_ENG.pdf,,1671621,,done
57,Henglep,7,7 - Saichang,ENG,final,2.92,AC57_part007_final_ENG.pdf,,2085708,,done
57,Henglep,8,8 - Santing Chongchin,ENG,final,3.98,AC57_part008_final_ENG.pdf,,2960848,,done
57,Henglep,9,9 - Phaiba,ENG,final,2.93,AC57_part009_final_ENG.pdf,,2106745,,done
57,Henglep,10,10 - Santing,ENG,final,5.78,AC57_part010_final_ENG.pdf,,4485554,,done
57,Henglep,11,11 - Kawnpi,ENG,final,2.61,AC57_part011_final_ENG.pdf,,1844076,,done
57,Henglep,12,12 - Nungsai,ENG,final,3.76,AC57_part012_final_ENG.pdf,,2801132,,done
57,Henglep,13,13 - Kolhen,ENG,final,3.99,AC57_part013_final_ENG.pdf,,2967881,,done
57,Henglep,14,14 - Moldak,ENG,final,4.44,AC57_part014_final_ENG.pdf,,3358146,,done
57,Henglep,15,15 - V. Munlai,ENG,final,4.52,AC57_part015_final_ENG.pdf,,3420555,,done
57,Henglep,16,16 - Henglep,ENG,final,7.38,AC57_part016_final_ENG.pdf,,5944000,,done
57,Henglep,17,17 - Najang,ENG,final,3.69,AC57_part017_final_ENG.pdf,,2730737,,done
57,Henglep,18,18 - Songphu,ENG,final,5.71,AC57_part018_final_ENG.pdf,,4449907,,done
57,Henglep,19,19 - Phoipi,ENG,final,3.47,AC57_part019_final_ENG.pdf,,2555382,,done
57,Henglep,20,20 - Majuron Kuki,ENG,final,4.58,AC57_part020_final_ENG.pdf,,3445415,,done
57,Henglep,21,21 - Kungpinaosen,ENG,final,5.44,AC57_part021_final_ENG.pdf,,4208520,,done
57,Henglep,22,22 - Chothe,ENG,final,3.26,AC57_part022_final_ENG.pdf,,2309581,,done
57,Henglep,23,23 - Chaiba,ENG,final,3.7,AC57_part023_final_ENG.pdf,,2750902,,done
57,Henglep,24,24 - Ngarian,ENG,final,7.17,AC57_part024_final_ENG.pdf,,5600964,,done
57,Henglep,25,25 - Lower Keirap Aimol,ENG,final,8.46,AC57_part025_final_ENG.pdf,,6661279,,done
57,Henglep,26,26 - Tokpa Kabui,ENG,final,7.58,AC57_part026_final_ENG.pdf,,5953311,,done
57,Henglep,27,27 - Charoi - Khullen,ENG,final,6.19,AC57_part027_final_ENG.pdf,,4810342,,done
57,Henglep,28,28 - Kukimun,ENG,final,4.68,AC57_part028_final_ENG.pdf,,3537129,,done
57,Henglep,29,29 - Khengjang,ENG,final,3.61,AC57_part029_final_ENG.pdf,,2612163,,done
57,Henglep,30,30 - Tumjangphai,ENG,final,6.37,AC57_part030_final_ENG.pdf,,5021920,,done
57,Henglep,31,31 - N. Chingphei,ENG,final,5.22,AC57_part031_final_ENG.pdf,,4038533,,done
57,Henglep,32,32 - Thenjang,ENG,final,10.2,AC57_part032_final_ENG.pdf,,8166102,,done
57,Henglep,33,33 - Sadukhoiroi,ENG,final,4.23,AC57_part033_final_ENG.pdf,,3144819,,done
57,Henglep,34,34 - Khoirentak,ENG,final,7.28,AC57_part034_final_ENG.pdf,,5728404,,done
57,Henglep,35,35 - Ningthiching,ENG,final,4.83,AC57_part035_final_ENG.pdf,,3657583,,done
57,Henglep,36,36 - Nalon,ENG,final,3.97,AC57_part036_final_ENG.pdf,,2978108,,done
57,Henglep,37,37 - Khousabung,ENG,final,5.46,AC57_part037_final_ENG.pdf,,4217210,,done
57,Henglep,38,38 - Senpangjar,ENG,final,7.24,AC57_part038_final_ENG.pdf,,5724199,,done
57,Henglep,39,39 - Molsang,ENG,final,2.45,AC57_part039_final_ENG.pdf,,1722131,,done
57,Henglep,40,40 - Nabil,ENG,final,5.31,AC57_part040_final_ENG.pdf,,4096515,,done
57,Henglep,41,41 - Molphei Tampak,ENG,final,4.52,AC57_part041_final_ENG.pdf,,3424309,,done
57,Henglep,42,42 - Laikamualsau,ENG,final,3.93,AC57_part042_final_ENG.pdf,,3066297,,done
57,Henglep,43,43 - Gothol,ENG,final,9.22,AC57_part043_final_ENG.pdf,,7423087,,done
57,Henglep,44,44 - Kangvai,ENG,final,8.4,AC57_part044_final_ENG.pdf,,6657852,,done
57,Henglep,45,45 - Matijang,ENG,final,6.21,AC57_part045_final_ENG.pdf,,4823124,,done
57,Henglep,46,46 - S. Kotlian,ENG,final,7.56,AC57_part046_final_ENG.pdf,,5967732,,done
57,Henglep,47,47 - Torbung,ENG,final,5.79,AC57_part047_final_ENG.pdf,,4555560,,done
57,Henglep,48,48 - Teijang,ENG,final,4.3,AC57_part048_final_ENG.pdf,,3251290,,done
57,Henglep,49,49 - Leinom,ENG,final,5.04,AC57_part049_final_ENG.pdf,,3874544,,done
57,Henglep,50,50 - Ukha,ENG,final,3.58,AC57_part050_final_ENG.pdf,,2753389,,done
57,Henglep,51,51 - Mongken,ENG,final,4.0,AC57_part051_final_ENG.pdf,,3012828,,done
57,Henglep,52,52 - Chothe Munpi,ENG,final,4.44,AC57_part052_final_ENG.pdf,,3482240,,done
57,Henglep,53,53 - Bungkot,ENG,final,3.89,AC57_part053_final_ENG.pdf,,2902847,,done
57,Henglep,54,54 - Lhanjang,ENG,final,6.34,AC57_part054_final_ENG.pdf,,5001371,,done
57,Henglep,55,55 - Chongkhozou,ENG,final,3.99,AC57_part055_final_ENG.pdf,,3123023,,done
57,Henglep,56,56 - Munpi,ENG,final,3.98,AC57_part056_final_ENG.pdf,,2946587,,done
57,Henglep,57,57 - Thingkeu,ENG,final,3.23,AC57_part057_final_ENG.pdf,,2371268,,done
57,Henglep,58,58 - Tuilumjang,ENG,final,5.37,AC57_part058_final_ENG.pdf,,4124701,,done
57,Henglep,59,59 - Tuilaphai,ENG,final,6.21,AC57_part059_final_ENG.pdf,,4844485,,done
57,Henglep,60,60 - Vungbuk,ENG,final,3.66,AC57_part060_final_ENG.pdf,,2773199,,done
58,Churachandpur,1,1 - Mission Compound,ENG,final,5.92,AC58_part001_final_ENG.pdf,,4556959,,done
58,Churachandpur,2,2 - Hengkot,ENG,final,2.92,AC58_part002_final_ENG.pdf,,2061951,,done
58,Churachandpur,3,3 - T. Boljang,ENG,final,4.02,AC58_part003_final_ENG.pdf,,3023710,,done
58,Churachandpur,4,4 - T. Lhangnom,ENG,final,2.96,AC58_part004_final_ENG.pdf,,2107097,,done
58,Churachandpur,5,5 - Pearsonmun (A),ENG,final,7.22,AC58_part005_final_ENG.pdf,,5619001,,done
58,Churachandpur,6,6 - Pearsonmun (B),ENG,final,7.96,AC58_part006_final_ENG.pdf,,6231378,,done
58,Churachandpur,7,7 - Bungmual (A),ENG,final,7.76,AC58_part007_final_ENG.pdf,,6026124,,done
58,Churachandpur,8,8 - Bungmual (C),ENG,final,8.24,AC58_part008_final_ENG.pdf,,6450757,,done
58,Churachandpur,9,9 - Bungmual(B),ENG,final,8.89,AC58_part009_final_ENG.pdf,,6993455,,done
58,Churachandpur,10,10 - Bungmual (D),ENG,final,6.27,AC58_part010_final_ENG.pdf,,4818118,,done
58,Churachandpur,11,11 - Bungmual (E),ENG,final,6.71,AC58_part011_final_ENG.pdf,,5174912,,done
58,Churachandpur,12,12 - Chiengkonpang (E.W),ENG,final,9.36,AC58_part012_final_ENG.pdf,,7429820,,done
58,Churachandpur,13,13 - Chiengkonpang (W.W),ENG,final,8.92,AC58_part013_final_ENG.pdf,,7011596,,done
58,Churachandpur,14,14 - Churachandpur HQ (S.W),ENG,final,8.88,AC58_part014_final_ENG.pdf,,6980320,,done
58,Churachandpur,15,15 - Churachandpur HQ (N.W),ENG,final,10.19,AC58_part015_final_ENG.pdf,,8069255,,done
58,Churachandpur,16,16 - Hiangtam Lamka (A),ENG,final,9.19,AC58_part016_final_ENG.pdf,,7241345,,done
58,Churachandpur,17,17 - Hiangtam Lamka (B),ENG,final,10.74,AC58_part017_final_ENG.pdf,,8538997,,done
58,Churachandpur,18,18 - Hiangtam Lamka (C),ENG,final,7.88,AC58_part018_final_ENG.pdf,,6166644,,done
58,Churachandpur,19,19 - Hiangtam  Lamka (D),ENG,final,5.79,AC58_part019_final_ENG.pdf,,4528984,,done
58,Churachandpur,20,"20 - Dorcas Veng (A), New Lamka",ENG,final,7.79,AC58_part020_final_ENG.pdf,,6097679,,done
58,Churachandpur,21,"21 - Gouchinkhup Veng (A), New Lamka",ENG,final,10.26,AC58_part021_final_ENG.pdf,,8141134,,done
58,Churachandpur,22,"22 - Gouchinkhup Veng (B), New Lamka",ENG,final,6.32,AC58_part022_final_ENG.pdf,,4853493,,done
58,Churachandpur,23,"23 - Gouchinkhup Veng (C), New Lamka",ENG,final,6.83,AC58_part023_final_ENG.pdf,,5252327,,done
58,Churachandpur,24,"24 - Dorcas Veng (B), New Lamka",ENG,final,7.87,AC58_part024_final_ENG.pdf,,6194224,,done
58,Churachandpur,25,"25 - Dorcas Veng (C), New Lamka",ENG,final,6.79,AC58_part025_final_ENG.pdf,,5309707,,done
58,Churachandpur,26,"26 - Dorcas Veng (D), New Lamka",ENG,final,7.68,AC58_part026_final_ENG.pdf,,5982798,,done
58,Churachandpur,27,"27 - Hebron (A), New Lamka",ENG,final,6.18,AC58_part027_final_ENG.pdf,,4657790,,done
58,Churachandpur,28,"28 - Hebron (B), New Lamka",ENG,final,6.44,AC58_part028_final_ENG.pdf,,4929264,,done
58,Churachandpur,29,"29 - Zion Veng (A), New Lamka",ENG,final,8.47,AC58_part029_final_ENG.pdf,,6613015,,done
58,Churachandpur,30,"30 - Zion Veng (B), New Lamka",ENG,final,9.23,AC58_part030_final_ENG.pdf,,7289450,,done
58,Churachandpur,31,"31 - Vengnuam (A), New Lamka",ENG,final,10.99,AC58_part031_final_ENG.pdf,,8758250,,done
58,Churachandpur,32,"32 - Vengnuam (B), New Lamka",ENG,final,8.3,AC58_part032_final_ENG.pdf,,6532695,,done
58,Churachandpur,33,"33 - Vengnuam (C), New Lamka",ENG,final,8.51,AC58_part033_final_ENG.pdf,,6668030,,done
58,Churachandpur,34,"34 - Vengnuam (E), New Lamka",ENG,final,8.6,AC58_part034_final_ENG.pdf,,6741439,,done
58,Churachandpur,35,"35 - College Veng, New Lamka",ENG,final,9.63,AC58_part035_final_ENG.pdf,,7608879,,done
58,Churachandpur,36,"36 - Elim Veng, New Lamka",ENG,final,8.47,AC58_part036_final_ENG.pdf,,6628850,,done
58,Churachandpur,37,"37 - Lailam Veng, New Lamka",ENG,final,5.12,AC58_part037_final_ENG.pdf,,3875400,,done
58,Churachandpur,38,38 - Simveng A,ENG,final,7.29,AC58_part038_final_ENG.pdf,,5706193,,done
58,Churachandpur,39,39 - Hmuia Veng,ENG,final,8.03,AC58_part039_final_ENG.pdf,,6321458,,done
58,Churachandpur,40,40 - Simveng B,ENG,final,5.92,AC58_part040_final_ENG.pdf,,4551779,,done
58,Churachandpur,41,"41 - Vengnuam (D), New Lamka",ENG,final,7.53,AC58_part041_final_ENG.pdf,,5886233,,done
58,Churachandpur,42,42 - V. Munhoih,ENG,final,9.05,AC58_part042_final_ENG.pdf,,7339390,,done
58,Churachandpur,43,43 - Salem Veng (A),ENG,final,5.53,AC58_part043_final_ENG.pdf,,4161756,,done
58,Churachandpur,44,44 - Salem Veng (B),ENG,final,5.5,AC58_part044_final_ENG.pdf,,4170665,,done
58,Churachandpur,45,45 - Hill Town (B) (S.W),ENG,final,7.33,AC58_part045_final_ENG.pdf,,5724244,,done
58,Churachandpur,46,46 - Hill Town (C),ENG,final,6.38,AC58_part046_final_ENG.pdf,,4851206,,done
58,Churachandpur,47,47 - Zenhang Lamka (A),ENG,final,6.11,AC58_part047_final_ENG.pdf,,4860709,,done
58,Churachandpur,48,48 - Zenhang Lamka (B),ENG,final,4.11,AC58_part048_final_ENG.pdf,,3147597,,done
58,Churachandpur,49,49 - Zenhang Lamka (C),ENG,final,5.78,AC58_part049_final_ENG.pdf,,4411634,,done
58,Churachandpur,50,50 - Zenhang Lamka (D),ENG,final,9.36,AC58_part050_final_ENG.pdf,,7398105,,done
58,Churachandpur,51,51 - Zenhang Lamka (F),ENG,final,5.57,AC58_part051_final_ENG.pdf,,4294923,,done
58,Churachandpur,52,52 - Zenhang Lamka (G),ENG,final,9.88,AC58_part052_final_ENG.pdf,,7793891,,done
58,Churachandpur,53,53 - Zenhang Lamka (I),ENG,final,4.66,AC58_part053_final_ENG.pdf,,3500126,,done
58,Churachandpur,54,54 - Rengkai (A),ENG,final,10.91,AC58_part054_final_ENG.pdf,,8711395,,done
58,Churachandpur,55,55 - Rengkai (B),ENG,final,11.31,AC58_part055_final_ENG.pdf,,9009815,,done
58,Churachandpur,56,56 - Rengkai (C),ENG,final,8.37,AC58_part056_final_ENG.pdf,,6578855,,done
58,Churachandpur,57,57 - Rengkai (F),ENG,final,7.79,AC58_part057_final_ENG.pdf,,6084440,,done
58,Churachandpur,58,58 - Rengkai (D),ENG,final,9.05,AC58_part058_final_ENG.pdf,,7166579,,done
58,Churachandpur,59,59 - Rengkai (E),ENG,final,9.4,AC58_part059_final_ENG.pdf,,7466919,,done
58,Churachandpur,60,60 - Kawnpui,ENG,final,5.14,AC58_part060_final_ENG.pdf,,3909249,,done
58,Churachandpur,61,61 - Ngathal,ENG,final,11.37,AC58_part061_final_ENG.pdf,,9090296,,done
58,Churachandpur,62,62 - Thingkangphai (A),ENG,final,7.11,AC58_part062_final_ENG.pdf,,5516576,,done
58,Churachandpur,63,63 - Thingkangphai (B),ENG,final,9.64,AC58_part063_final_ENG.pdf,,7731642,,done
58,Churachandpur,64,64 - Lanva,ENG,final,6.55,AC58_part064_final_ENG.pdf,,5071562,,done
58,Churachandpur,65,65 - Pangzawl,ENG,final,3.87,AC58_part065_final_ENG.pdf,,2813319,,done
58,Churachandpur,66,66 - Lingshiphai,ENG,final,12.09,AC58_part066_final_ENG.pdf,,9869489,,done
58,Churachandpur,67,67 - Tualnuam (A),ENG,final,9.65,AC58_part067_final_ENG.pdf,,7693868,,done
58,Churachandpur,68,68 - Tualnuam (B),ENG,final,11.27,AC58_part068_final_ENG.pdf,,9037527,,done
58,Churachandpur,69,69 - Mata,ENG,final,7.81,AC58_part069_final_ENG.pdf,,6113370,,done
58,Churachandpur,70,70 - Mata(A),ENG,final,7.26,AC58_part070_final_ENG.pdf,,5981591,,done
58,Churachandpur,71,71 - Molhoi,ENG,final,3.2,AC58_part071_final_ENG.pdf,,2332858,,done
58,Churachandpur,72,72 - Lenglakot,ENG,final,4.29,AC58_part072_final_ENG.pdf,,3192477,,done
58,Churachandpur,73,73 - Geljang,ENG,final,3.89,AC58_part073_final_ENG.pdf,,2853779,,done
58,Churachandpur,74,74 - Lamzang,ENG,final,4.63,AC58_part074_final_ENG.pdf,,3448663,,done
58,Churachandpur,75,75 - Khominthang,ENG,final,11.84,AC58_part075_final_ENG.pdf,,9469071,,done
58,Churachandpur,76,76 - Kanan Veng,ENG,final,13.4,AC58_part076_final_ENG.pdf,,10685807,,done
58,Churachandpur,77,77 - Zenhang Lamka (J),ENG,final,6.99,AC58_part077_final_ENG.pdf,,5383489,,done
58,Churachandpur,78,78 - Zenhang Lamka (K),ENG,final,12.15,AC58_part078_final_ENG.pdf,,9771145,,done
58,Churachandpur,79,79 - Buallian,ENG,final,4.64,AC58_part079_final_ENG.pdf,,3492404,,done
58,Churachandpur,80,80 - Mata Mualtam (B),ENG,final,4.47,AC58_part080_final_ENG.pdf,,3326794,,done
59,Saikot,1,1 - Leisang (A),ENG,final,7.81,AC59_part001_final_ENG.pdf,,6126418,,done
59,Saikot,2,2 - Leisang (B),ENG,final,8.47,AC59_part002_final_ENG.pdf,,6707590,,done
59,Saikot,3,3 - Saikul,ENG,final,3.03,AC59_part003_final_ENG.pdf,,2138887,,done
59,Saikot,4,4 - Thingchom,ENG,final,5.38,AC59_part004_final_ENG.pdf,,4191422,,done
59,Saikot,5,5 - Tollen,ENG,final,8.05,AC59_part005_final_ENG.pdf,,6425213,,done
59,Saikot,6,6 - Vazing,ENG,final,7.94,AC59_part006_final_ENG.pdf,,6259022,,done
59,Saikot,7,7 - Khenjang,ENG,final,6.07,AC59_part007_final_ENG.pdf,,4732139,,done
59,Saikot,8,8 - Gamphajang,ENG,final,5.48,AC59_part008_final_ENG.pdf,,4204142,,done
59,Saikot,9,9 - Koite (A),ENG,final,9.73,AC59_part009_final_ENG.pdf,,7830506,,done
59,Saikot,10,10 - Koite (B),ENG,final,8.87,AC59_part010_final_ENG.pdf,,7018761,,done
59,Saikot,11,11 - Kholmun (A),ENG,final,5.94,AC59_part011_final_ENG.pdf,,4540470,,done
59,Saikot,12,12 - Kholmun (B),ENG,final,10.85,AC59_part012_final_ENG.pdf,,8777591,,done
59,Saikot,13,13 - M. Songgel,ENG,final,9.7,AC59_part013_final_ENG.pdf,,7676615,,done
59,Saikot,14,14 - L. Semol,ENG,final,5.39,AC59_part014_final_ENG.pdf,,4108142,,done
59,Saikot,15,15 - Molnom (A),ENG,final,10.25,AC59_part015_final_ENG.pdf,,8160770,,done
59,Saikot,16,16 - Molnom (B),ENG,final,5.7,AC59_part016_final_ENG.pdf,,4367892,,done
59,Saikot,17,17 - S. Haijang,ENG,final,9.73,AC59_part017_final_ENG.pdf,,7833348,,done
59,Saikot,18,18 - Bethel,ENG,final,10.42,AC59_part018_final_ENG.pdf,,8327055,,done
59,Saikot,19,19 - N. Boljang,ENG,final,6.47,AC59_part019_final_ENG.pdf,,5011971,,done
59,Saikot,20,20 - Teiseng (A),ENG,final,5.4,AC59_part020_final_ENG.pdf,,4122395,,done
59,Saikot,21,21 - Teiseng (B),ENG,final,8.34,AC59_part021_final_ENG.pdf,,6635328,,done
59,Saikot,22,22 - D. Vaison,ENG,final,9.49,AC59_part022_final_ENG.pdf,,7582373,,done
59,Saikot,23,23 - Saidan (1),ENG,final,7.77,AC59_part023_final_ENG.pdf,,6141582,,done
59,Saikot,24,24 - Saidan (2),ENG,final,6.24,AC59_part024_final_ENG.pdf,,4831541,,done
59,Saikot,25,25 - Tuithapi,ENG,final,2.7,AC59_part025_final_ENG.pdf,,1966464,,done
59,Saikot,26,26 - Siden Changpikot,ENG,final,10.96,AC59_part026_final_ENG.pdf,,8882744,,done
59,Saikot,27,27 - Saiton Khullen,ENG,final,3.52,AC59_part027_final_ENG.pdf,,2567774,,done
59,Saikot,28,28 - Moirang Mantak,ENG,final,5.51,AC59_part028_final_ENG.pdf,,4277464,,done
59,Saikot,29,29 - Dopkon,ENG,final,5.96,AC59_part029_final_ENG.pdf,,4618469,,done
59,Saikot,30,30 - Haotak Khullen,ENG,final,4.11,AC59_part030_final_ENG.pdf,,3167856,,done
59,Saikot,31,31 - Sagang,ENG,final,10.13,AC59_part031_final_ENG.pdf,,8088150,,done
59,Saikot,32,32 - Lalumbung,ENG,final,5.1,AC59_part032_final_ENG.pdf,,3893209,,done
59,Saikot,33,33 - Tuiring Phaisen,ENG,final,4.56,AC59_part033_final_ENG.pdf,,3460848,,done
59,Saikot,34,34 - Dampi,ENG,final,9.24,AC59_part034_final_ENG.pdf,,7438557,,done
59,Saikot,35,35 - Samulamlan,ENG,final,5.98,AC59_part035_final_ENG.pdf,,4646091,,done
59,Saikot,36,36 - Chinglangmei,ENG,final,3.38,AC59_part036_final_ENG.pdf,,2513257,,done
59,Saikot,37,37 - Saikot (A),ENG,final,6.29,AC59_part037_final_ENG.pdf,,4854204,,done
59,Saikot,38,38 - Saikot (B),ENG,final,6.35,AC59_part038_final_ENG.pdf,,4928076,,done
59,Saikot,39,39 - Saikot (C),ENG,final,5.69,AC59_part039_final_ENG.pdf,,4403229,,done
59,Saikot,40,40 - Saikot (D),ENG,final,5.23,AC59_part040_final_ENG.pdf,,4016795,,done
59,Saikot,41,41 - Mualvaiphei,ENG,final,8.6,AC59_part041_final_ENG.pdf,,6879293,,done
59,Saikot,42,42 - Muolvaiphei,ENG,final,8.26,AC59_part042_final_ENG.pdf,,6619215,,done
59,Saikot,43,43 - Tangnuam,ENG,final,7.45,AC59_part043_final_ENG.pdf,,5816001,,done
59,Saikot,44,44 - Gangpimual (1),ENG,final,9.85,AC59_part044_final_ENG.pdf,,7825723,,done
59,Saikot,45,45 - Gangpimual (2),ENG,final,8.91,AC59_part045_final_ENG.pdf,,7011418,,done
59,Saikot,46,46 - Bijang (A),ENG,final,7.08,AC59_part046_final_ENG.pdf,,5475005,,done
59,Saikot,47,47 - Bijang (B),ENG,final,6.91,AC59_part047_final_ENG.pdf,,5363144,,done
59,Saikot,48,48 - B. Vengnuam,ENG,final,11.06,AC59_part048_final_ENG.pdf,,8746120,,done
59,Saikot,49,49 - B. Aijalon,ENG,final,10.92,AC59_part049_final_ENG.pdf,,8698467,,done
59,Saikot,50,50 - Tuibuang (N.W),ENG,final,8.86,AC59_part050_final_ENG.pdf,,6925886,,done
59,Saikot,51,51 - Tuibuong HQ-1,ENG,final,11.85,AC59_part051_final_ENG.pdf,,9667838,,done
59,Saikot,52,52 - Tuibong (S.W.-II),ENG,final,9.61,AC59_part052_final_ENG.pdf,,7592558,,done
59,Saikot,53,53 - Tuibong (S.W.-III),ENG,final,9.84,AC59_part053_final_ENG.pdf,,7753444,,done
59,Saikot,54,54 - Tuibuang HQ-2,ENG,final,7.64,AC59_part054_final_ENG.pdf,,5968894,,done
59,Saikot,55,55 - Tuibuang HQ-3,ENG,final,7.28,AC59_part055_final_ENG.pdf,,5668201,,done
59,Saikot,56,56 - Tuibuang HQ-3,ENG,final,9.21,AC59_part056_final_ENG.pdf,,7284329,,done
59,Saikot,57,57 - Sielmat (A),ENG,final,7.71,AC59_part057_final_ENG.pdf,,6039424,,done
59,Saikot,58,58 - Sielmat (B),ENG,final,6.72,AC59_part058_final_ENG.pdf,,5179193,,done
59,Saikot,59,59 - Hmar Veng,ENG,final,6.12,AC59_part059_final_ENG.pdf,,4718964,,done
59,Saikot,60,60 - Hmar Veng (B),ENG,final,8.2,AC59_part060_final_ENG.pdf,,6491420,,done
59,Saikot,61,61 - Zomi Colony,ENG,final,8.77,AC59_part061_final_ENG.pdf,,6884159,,done
59,Saikot,62,62 - Lhangjol,ENG,final,8.75,AC59_part062_final_ENG.pdf,,6946399,,done
59,Saikot,63,63 - Tuinom,ENG,final,8.53,AC59_part063_final_ENG.pdf,,6774686,,done
59,Saikot,64,64 - Phailen,ENG,final,7.85,AC59_part064_final_ENG.pdf,,6140300,,done
59,Saikot,65,65 - Old Gelmol,ENG,final,3.75,AC59_part065_final_ENG.pdf,,2816688,,done
59,Saikot,66,66 - Phailen(A),ENG,final,6.62,AC59_part066_final_ENG.pdf,,5112174,,done
59,Saikot,67,67 - Phailen(B),ENG,final,9.3,AC59_part067_final_ENG.pdf,,7318248,,done
59,Saikot,68,68 - Mata Lambulane,ENG,final,9.09,AC59_part068_final_ENG.pdf,,7277943,,done
59,Saikot,69,69 - Tuining,ENG,final,5.68,AC59_part069_final_ENG.pdf,,4392043,,done
59,Saikot,70,70 - Tuining,ENG,final,6.19,AC59_part070_final_ENG.pdf,,4902546,,done
59,Saikot,71,71 - Makhau Tampak,ENG,final,5.39,AC59_part071_final_ENG.pdf,,4157297,,done
59,Saikot,72,72 - G. Songgel,ENG,final,9.21,AC59_part072_final_ENG.pdf,,7336458,,done
59,Saikot,73,73 - Khopuibung,ENG,final,8.38,AC59_part073_final_ENG.pdf,,6690941,,done
59,Saikot,74,74 - Ngurte,ENG,final,6.27,AC59_part074_final_ENG.pdf,,4870283,,done
59,Saikot,75,75 - Saipum,ENG,final,7.14,AC59_part075_final_ENG.pdf,,5593290,,done
59,Saikot,76,76 - Lhahvom,ENG,final,9.08,AC59_part076_final_ENG.pdf,,7240797,,done
59,Saikot,77,77 - Tuikham,ENG,final,3.71,AC59_part077_final_ENG.pdf,,2789762,,done
59,Saikot,78,78 - Ngoiphai,ENG,final,6.38,AC59_part078_final_ENG.pdf,,4975846,,done
60,Singhat,1,1 - Buhsau,ENG,final,3.95,AC60_part001_final_ENG.pdf,,2914305,,done
60,Singhat,2,2 - Zabellei,ENG,final,3.23,AC60_part002_final_ENG.pdf,,2351846,,done
60,Singhat,3,3 - Tonglon (T),ENG,final,2.73,AC60_part003_final_ENG.pdf,,1951391,,done
60,Singhat,4,4 - Tonglon (P),ENG,final,2.87,AC60_part004_final_ENG.pdf,,2107656,,done
60,Singhat,5,5 - Vokbual,ENG,final,2.43,AC60_part005_final_ENG.pdf,,1690867,,done
60,Singhat,6,6 - Allusingtam,ENG,final,2.94,AC60_part006_final_ENG.pdf,,2076694,,done
60,Singhat,7,7 - Sumchinvum,ENG,final,11.92,AC60_part007_final_ENG.pdf,,8409462,,done
60,Singhat,8,8 - Muallum,ENG,final,4.84,AC60_part008_final_ENG.pdf,,3697457,,done
60,Singhat,9,9 - Zezaw,ENG,final,6.63,AC60_part009_final_ENG.pdf,,5193520,,done
60,Singhat,10,10 - M.T. Geltam,ENG,final,3.07,AC60_part010_final_ENG.pdf,,2220760,,done
60,Singhat,11,11 - T. Khajang,ENG,final,2.66,AC60_part011_final_ENG.pdf,,1890304,,done
60,Singhat,12,12 - Panglian,ENG,final,5.44,AC60_part012_final_ENG.pdf,,4178054,,done
60,Singhat,13,13 - Kullian,ENG,final,4.87,AC60_part013_final_ENG.pdf,,3697704,,done
60,Singhat,14,14 - Tuaitengphai,ENG,final,6.94,AC60_part014_final_ENG.pdf,,5441919,,done
60,Singhat,15,15 - Tuibul,ENG,final,6.25,AC60_part015_final_ENG.pdf,,4779413,,done
60,Singhat,16,16 - Tuinuphai,ENG,final,4.28,AC60_part016_final_ENG.pdf,,3178734,,done
60,Singhat,17,17 - G. Monglian,ENG,final,4.24,AC60_part017_final_ENG.pdf,,3169464,,done
60,Singhat,18,18 - Luihoihmuolcham,ENG,final,2.21,AC60_part018_final_ENG.pdf,,1542347,,done
60,Singhat,19,19 - B. Kalzang,ENG,final,4.17,AC60_part019_final_ENG.pdf,,3106248,,done
60,Singhat,20,20 - Songpeh,ENG,final,3.91,AC60_part020_final_ENG.pdf,,3022184,,done
60,Singhat,21,21 - Mongbung,ENG,final,4.75,AC60_part021_final_ENG.pdf,,3622260,,done
60,Singhat,22,22 - Sangaikot,ENG,final,6.94,AC60_part022_final_ENG.pdf,,5471975,,done
60,Singhat,23,23 - Lamlai,ENG,final,3.06,AC60_part023_final_ENG.pdf,,2266020,,done
60,Singhat,24,24 - Molvom,ENG,final,2.87,AC60_part024_final_ENG.pdf,,2071255,,done
60,Singhat,25,25 - Pantha,ENG,final,8.33,AC60_part025_final_ENG.pdf,,6628949,,done
60,Singhat,26,26 - Dongjang(A),ENG,final,4.52,AC60_part026_final_ENG.pdf,,3441297,,done
60,Singhat,27,27 - Hengken,ENG,final,5.23,AC60_part027_final_ENG.pdf,,4031791,,done
60,Singhat,28,28 - Saiboh,ENG,final,3.14,AC60_part028_final_ENG.pdf,,2289163,,done
60,Singhat,29,29 - M. Khaukual,ENG,final,4.1,AC60_part029_final_ENG.pdf,,3076934,,done
60,Singhat,30,30 - Khoinoi,ENG,final,5.58,AC60_part030_final_ENG.pdf,,4308458,,done
60,Singhat,31,31 - Singheu,ENG,final,6.69,AC60_part031_final_ENG.pdf,,5233578,,done
60,Singhat,32,32 - Khuangkhai,ENG,final,2.76,AC60_part032_final_ENG.pdf,,1912744,,done
60,Singhat,33,33 - Hita Khunou,ENG,final,4.72,AC60_part033_final_ENG.pdf,,3539578,,done
60,Singhat,34,34 - Gamphajol,ENG,final,2.7,AC60_part034_final_ENG.pdf,,1829254,,done
60,Singhat,35,35 - Tuidam,ENG,final,3.58,AC60_part035_final_ENG.pdf,,2709163,,done
60,Singhat,36,36 - Teikot,ENG,final,4.37,AC60_part036_final_ENG.pdf,,3276472,,done
60,Singhat,37,37 - Hiangtam Khunou,ENG,final,3.78,AC60_part037_final_ENG.pdf,,2791064,,done
60,Singhat,38,38 - Hiangtam (V),ENG,final,4.17,AC60_part038_final_ENG.pdf,,3158913,,done
60,Singhat,39,39 - Singhat (A),ENG,final,5.61,AC60_part039_final_ENG.pdf,,4363356,,done
60,Singhat,40,40 - Singhat (B),ENG,final,8.64,AC60_part040_final_ENG.pdf,,6880798,,done
60,Singhat,41,41 - Singhat (C),ENG,final,9.06,AC60_part041_final_ENG.pdf,,7186974,,done
60,Singhat,42,42 - Tangpizol,ENG,final,7.06,AC60_part042_final_ENG.pdf,,5579369,,done
60,Singhat,43,43 - Maukot,ENG,final,4.47,AC60_part043_final_ENG.pdf,,3416208,,done
60,Singhat,44,44 - G. Bualjang,ENG,final,3.13,AC60_part044_final_ENG.pdf,,2263730,,done
60,Singhat,45,45 - Lungthul (L),ENG,final,4.56,AC60_part045_final_ENG.pdf,,3468619,,done
60,Singhat,46,46 - Sialbu,ENG,final,3.15,AC60_part046_final_ENG.pdf,,2247124,,done
60,Singhat,47,47 - Lungthul (T),ENG,final,3.53,AC60_part047_final_ENG.pdf,,2597774,,done
60,Singhat,48,48 - Tuikuimuallum,ENG,final,3.37,AC60_part048_final_ENG.pdf,,2503091,,done
60,Singhat,49,49 - Kangkap,ENG,final,5.17,AC60_part049_final_ENG.pdf,,3902090,,done
60,Singhat,50,50 - Lungchin,ENG,final,2.87,AC60_part050_final_ENG.pdf,,2059837,,done
60,Singhat,51,51 - Ngaljang,ENG,final,2.67,AC60_part051_final_ENG.pdf,,1867898,,done
60,Singhat,52,52 - New Suangdoh,ENG,final,6.84,AC60_part052_final_ENG.pdf,,5333917,,done
60,Singhat,53,53 - Tonjang,ENG,final,4.56,AC60_part053_final_ENG.pdf,,3427172,,done
60,Singhat,54,54 - Behiang (V),ENG,final,7.68,AC60_part054_final_ENG.pdf,,5912503,,done
60,Singhat,55,55 - Behiang (H),ENG,final,2.03,AC60_part055_final_ENG.pdf,,1457559,,done
60,Singhat,56,56 - Songphu,ENG,final,4.63,AC60_part056_final_ENG.pdf,,3492303,,done
